Taxon	H18676	1417.16	H19192	602.16	H18266	H18112	H19465A	1153.13	H19457A	1303.15	H657.17	H19259	1331.14	H19521A	H18788A	H192472A	1553.15	H19485A	H18398	950.13	H18910	1066.13	H18442	1069.14	H19142	H15.17	H617.17	H18362	888.16	1637.15	H19497A	H18128	1388.15	725.16	H18421	H18696	1134.15	H18388	1624.12	1093.13	H18786A	H13.17	250.16	H420.17	H18816	H658.17	H456.17	1097.16	H18199	H18122	1017.16	H17666A	H17432A	H694.17	H18689A	505.16	H19368	945.13	1045.16	H18828	125.13	172.14	100.16	783.16	H321.17	H18183	1095.16	H1866.18	H19261	H19556A	H18223	H18433	1948.15	856.16	727.16	H470.17	1714.14	H18108	H18598	H315.17	H1892.18	H18335	1659.14	788.16	H18.38	H19238	1529.16	421.13
Bacteria;Acidobacteria;Holophagae;Other;Other;Other;Other	0.0	0.0	0.0	0.0	0.0	0.0	0.0	0.0	0.0	0.0	0.0	0.0	0.0	34.0	0.0	0.0	0.0	0.0	0.0	0.0	0.0	0.0	0.0	0.0	0.0	0.0	0.0	0.0	0.0	0.0	0.0	0.0	0.0	0.0	0.0	0.0	0.0	0.0	0.0	0.0	0.0	0.0	0.0	0.0	0.0	0.0	0.0	0.0	0.0	0.0	0.0	0.0	0.0	0.0	0.0	0.0	0.0	0.0	0.0	0.0	0.0	0.0	0.0	0.0	0.0	0.0	0.0	0.0	0.0	0.0	0.0	0.0	0.0	0.0	0.0	0.0	0.0	0.0	0.0	0.0	0.0	0.0	0.0	0.0	0.0	0.0	0.0	7.0
Bacteria;Acidobacteria;Other;Other;Other;Other;Other	0.0	88.0	0.0	0.0	0.0	0.0	0.0	0.0	0.0	0.0	0.0	0.0	0.0	39.0	0.0	0.0	0.0	0.0	0.0	0.0	0.0	0.0	0.0	0.0	0.0	0.0	0.0	0.0	0.0	0.0	0.0	0.0	0.0	0.0	0.0	0.0	0.0	160.0	0.0	0.0	8.0	0.0	33.0	0.0	0.0	0.0	0.0	0.0	0.0	0.0	0.0	0.0	0.0	0.0	49.0	0.0	0.0	0.0	0.0	0.0	0.0	0.0	0.0	0.0	0.0	0.0	0.0	0.0	0.0	0.0	0.0	0.0	0.0	0.0	0.0	0.0	0.0	0.0	0.0	0.0	0.0	0.0	0.0	0.0	0.0	0.0	0.0	0.0
Bacteria;Acidobacteria;Unclassified;Unclassified;Unclassified;Blastocatella;Other	0.0	0.0	0.0	0.0	0.0	0.0	0.0	0.0	0.0	0.0	0.0	0.0	0.0	0.0	100.0	0.0	0.0	0.0	0.0	0.0	0.0	0.0	0.0	0.0	128.0	0.0	0.0	0.0	0.0	0.0	0.0	0.0	0.0	0.0	0.0	0.0	0.0	178.0	0.0	0.0	0.0	0.0	0.0	0.0	0.0	0.0	0.0	0.0	0.0	0.0	0.0	0.0	109.0	0.0	0.0	0.0	0.0	0.0	0.0	0.0	0.0	0.0	0.0	0.0	0.0	0.0	0.0	82.0	0.0	0.0	0.0	0.0	0.0	0.0	0.0	0.0	0.0	0.0	0.0	0.0	0.0	0.0	0.0	0.0	40.0	0.0	0.0	0.0
Bacteria;Acidobacteria;Unclassified;Unclassified;Unclassified;Bryobacter;Other	0.0	0.0	0.0	0.0	0.0	0.0	0.0	0.0	0.0	0.0	0.0	0.0	0.0	0.0	0.0	0.0	0.0	0.0	0.0	0.0	0.0	0.0	0.0	0.0	0.0	0.0	0.0	0.0	0.0	0.0	0.0	0.0	0.0	0.0	0.0	0.0	0.0	0.0	0.0	0.0	0.0	0.0	0.0	0.0	0.0	0.0	0.0	0.0	0.0	0.0	0.0	0.0	0.0	0.0	0.0	0.0	0.0	0.0	0.0	0.0	0.0	0.0	0.0	0.0	0.0	0.0	0.0	0.0	3.0	0.0	0.0	0.0	0.0	0.0	0.0	0.0	0.0	0.0	0.0	0.0	0.0	0.0	0.0	0.0	0.0	0.0	0.0	0.0
Bacteria;Actinobacteria;Actinobacteria;Acidimicrobiales;Acidimicrobiaceae;Other;Other	0.0	0.0	0.0	0.0	0.0	0.0	0.0	0.0	1.0	0.0	0.0	0.0	3.0	80.0	0.0	0.0	0.0	0.0	0.0	0.0	0.0	0.0	0.0	65.0	0.0	0.0	35.0	0.0	0.0	0.0	0.0	0.0	0.0	0.0	0.0	0.0	0.0	0.0	0.0	0.0	26.0	0.0	0.0	0.0	0.0	0.0	0.0	0.0	0.0	0.0	0.0	0.0	0.0	0.0	0.0	0.0	0.0	0.0	0.0	0.0	0.0	0.0	0.0	0.0	0.0	0.0	0.0	0.0	0.0	0.0	0.0	0.0	0.0	0.0	0.0	0.0	0.0	0.0	0.0	0.0	0.0	0.0	0.0	0.0	0.0	0.0	0.0	0.0
Bacteria;Actinobacteria;Actinobacteria;Acidimicrobiales;Iamiaceae;Iamia;Other	0.0	0.0	0.0	0.0	0.0	0.0	0.0	0.0	0.0	0.0	0.0	0.0	0.0	0.0	0.0	0.0	1.0	0.0	0.0	0.0	0.0	0.0	0.0	0.0	0.0	0.0	0.0	0.0	0.0	0.0	0.0	0.0	0.0	0.0	0.0	0.0	0.0	0.0	0.0	0.0	33.0	0.0	0.0	0.0	0.0	0.0	0.0	0.0	0.0	0.0	0.0	0.0	0.0	0.0	0.0	0.0	0.0	0.0	0.0	0.0	0.0	0.0	0.0	0.0	0.0	0.0	0.0	0.0	1.0	0.0	0.0	0.0	0.0	0.0	0.0	0.0	0.0	0.0	0.0	0.0	0.0	0.0	0.0	0.0	0.0	0.0	0.0	0.0
Bacteria;Actinobacteria;Actinobacteria;Acidimicrobiales;Other;Other;Other	0.0	0.0	0.0	0.0	0.0	0.0	0.0	0.0	0.0	0.0	0.0	0.0	0.0	132.0	0.0	0.0	0.0	0.0	0.0	0.0	0.0	0.0	0.0	0.0	0.0	118.0	0.0	0.0	0.0	0.0	0.0	0.0	0.0	0.0	0.0	0.0	0.0	34.0	1.0	0.0	0.0	0.0	0.0	0.0	0.0	0.0	0.0	0.0	0.0	0.0	0.0	50.0	0.0	0.0	0.0	0.0	0.0	0.0	0.0	0.0	0.0	2.0	0.0	0.0	0.0	0.0	0.0	0.0	0.0	0.0	0.0	1.0	0.0	0.0	0.0	0.0	0.0	0.0	0.0	0.0	0.0	0.0	0.0	0.0	0.0	0.0	4.0	0.0
Bacteria;Actinobacteria;Actinobacteria;Actinomycetales;Actinomycetaceae;Actinobaculum;Other	0.0	0.0	0.0	0.0	0.0	0.0	0.0	0.0	0.0	0.0	0.0	0.0	0.0	0.0	0.0	0.0	0.0	0.0	0.0	0.0	0.0	0.0	0.0	0.0	0.0	0.0	0.0	0.0	0.0	0.0	0.0	0.0	0.0	0.0	0.0	0.0	0.0	0.0	0.0	0.0	0.0	0.0	0.0	0.0	0.0	0.0	0.0	0.0	0.0	0.0	0.0	0.0	0.0	0.0	0.0	0.0	0.0	0.0	0.0	0.0	0.0	0.0	0.0	0.0	0.0	0.0	0.0	0.0	0.0	0.0	0.0	0.0	0.0	0.0	0.0	0.0	0.0	0.0	0.0	0.0	0.0	0.0	0.0	0.0	177.0	0.0	0.0	0.0
Bacteria;Actinobacteria;Actinobacteria;Actinomycetales;Actinomycetaceae;Actinomyces;Actinomyces_graevenitzii	0.0	0.0	0.0	0.0	0.0	0.0	0.0	0.0	0.0	0.0	0.0	1.0	0.0	0.0	0.0	0.0	0.0	0.0	7.0	0.0	0.0	0.0	0.0	0.0	0.0	0.0	0.0	17.0	0.0	0.0	0.0	0.0	0.0	0.0	0.0	0.0	0.0	0.0	0.0	0.0	0.0	0.0	0.0	0.0	0.0	0.0	0.0	0.0	0.0	0.0	0.0	0.0	0.0	0.0	0.0	0.0	10.0	0.0	0.0	0.0	0.0	0.0	0.0	0.0	0.0	0.0	0.0	0.0	0.0	0.0	0.0	0.0	0.0	0.0	0.0	0.0	0.0	0.0	0.0	0.0	0.0	0.0	0.0	0.0	0.0	0.0	0.0	0.0
Bacteria;Actinobacteria;Actinobacteria;Actinomycetales;Actinomycetaceae;Actinomyces;Actinomyces_odontolyticus	0.0	0.0	0.0	120.0	0.0	0.0	0.0	23.0	0.0	0.0	0.0	6.0	0.0	2.0	0.0	0.0	21.0	0.0	11.0	0.0	0.0	0.0	0.0	7.0	0.0	0.0	0.0	0.0	72.0	124.0	110.0	0.0	0.0	0.0	87.0	0.0	0.0	0.0	0.0	2.0	0.0	178.0	0.0	0.0	0.0	0.0	1.0	0.0	15.0	0.0	0.0	1.0	0.0	0.0	55.0	62.0	14.0	0.0	67.0	0.0	0.0	4.0	0.0	0.0	0.0	0.0	11.0	0.0	6.0	0.0	0.0	0.0	0.0	0.0	0.0	0.0	0.0	0.0	0.0	0.0	1.0	391.0	23.0	0.0	0.0	0.0	229.0	0.0
Bacteria;Actinobacteria;Actinobacteria;Actinomycetales;Actinomycetaceae;Actinomyces;Actinomyces_orihominis	0.0	0.0	0.0	0.0	0.0	0.0	0.0	0.0	0.0	0.0	0.0	0.0	0.0	0.0	0.0	0.0	2.0	0.0	0.0	0.0	0.0	0.0	0.0	0.0	0.0	0.0	0.0	0.0	0.0	0.0	0.0	0.0	0.0	0.0	0.0	0.0	0.0	0.0	0.0	0.0	5.0	0.0	0.0	0.0	0.0	1.0	0.0	0.0	0.0	0.0	0.0	0.0	0.0	0.0	0.0	0.0	0.0	0.0	0.0	0.0	0.0	0.0	0.0	0.0	0.0	0.0	0.0	0.0	0.0	0.0	0.0	0.0	0.0	0.0	0.0	0.0	0.0	0.0	0.0	0.0	0.0	0.0	0.0	0.0	0.0	0.0	0.0	0.0
Bacteria;Actinobacteria;Actinobacteria;Actinomycetales;Actinomycetaceae;Actinomyces;Actinomyces_sp._oral_taxon_178_str._F0338	0.0	0.0	25.0	1.0	0.0	0.0	0.0	0.0	0.0	0.0	0.0	3.0	0.0	5.0	0.0	0.0	7.0	0.0	54.0	0.0	0.0	0.0	0.0	44.0	0.0	0.0	0.0	0.0	0.0	106.0	0.0	0.0	0.0	0.0	1.0	0.0	0.0	0.0	0.0	0.0	1.0	93.0	0.0	0.0	0.0	0.0	0.0	0.0	2.0	0.0	0.0	11.0	0.0	0.0	0.0	0.0	1.0	0.0	0.0	0.0	0.0	0.0	0.0	0.0	0.0	0.0	0.0	0.0	7.0	0.0	0.0	0.0	0.0	0.0	0.0	0.0	0.0	0.0	0.0	0.0	0.0	0.0	0.0	0.0	0.0	0.0	0.0	0.0
Bacteria;Actinobacteria;Actinobacteria;Actinomycetales;Actinomycetaceae;Actinomyces;Actinomyces_sp._oral_taxon_448_str._F0400	0.0	0.0	0.0	0.0	0.0	0.0	0.0	0.0	0.0	0.0	0.0	0.0	0.0	0.0	0.0	0.0	0.0	0.0	0.0	0.0	0.0	0.0	0.0	0.0	0.0	0.0	0.0	0.0	0.0	0.0	0.0	0.0	0.0	14.0	0.0	0.0	0.0	0.0	0.0	0.0	0.0	0.0	0.0	0.0	0.0	0.0	0.0	0.0	0.0	0.0	0.0	0.0	0.0	0.0	0.0	0.0	0.0	0.0	0.0	0.0	0.0	0.0	0.0	0.0	0.0	0.0	0.0	0.0	0.0	0.0	0.0	0.0	0.0	0.0	0.0	0.0	0.0	0.0	0.0	0.0	0.0	0.0	0.0	0.0	0.0	0.0	0.0	0.0
Bacteria;Actinobacteria;Actinobacteria;Actinomycetales;Actinomycetaceae;Actinomyces;Other	0.0	0.0	0.0	0.0	0.0	203.0	0.0	0.0	0.0	0.0	0.0	1.0	0.0	4.0	0.0	0.0	0.0	0.0	0.0	0.0	32.0	0.0	0.0	0.0	0.0	0.0	0.0	0.0	0.0	0.0	0.0	0.0	0.0	0.0	0.0	0.0	0.0	0.0	0.0	0.0	0.0	0.0	12.0	1.0	0.0	0.0	0.0	136.0	4.0	1.0	0.0	0.0	0.0	0.0	73.0	0.0	3.0	1.0	0.0	0.0	7.0	0.0	0.0	0.0	1.0	0.0	21.0	1.0	3.0	4.0	0.0	0.0	0.0	0.0	0.0	0.0	0.0	0.0	0.0	0.0	0.0	0.0	0.0	0.0	0.0	0.0	0.0	0.0
Bacteria;Actinobacteria;Actinobacteria;Actinomycetales;Actinomycetaceae;Varibaculum;Varibaculum_cambriense	0.0	0.0	0.0	0.0	0.0	0.0	0.0	0.0	0.0	0.0	0.0	1.0	0.0	0.0	0.0	0.0	0.0	0.0	0.0	0.0	0.0	0.0	0.0	0.0	0.0	0.0	0.0	0.0	0.0	0.0	0.0	0.0	0.0	0.0	0.0	0.0	0.0	0.0	0.0	0.0	0.0	0.0	0.0	0.0	0.0	0.0	0.0	0.0	0.0	0.0	0.0	0.0	0.0	0.0	0.0	0.0	5.0	0.0	0.0	0.0	0.0	0.0	0.0	0.0	0.0	0.0	0.0	0.0	0.0	0.0	0.0	0.0	0.0	0.0	0.0	0.0	0.0	0.0	0.0	0.0	0.0	0.0	0.0	0.0	0.0	0.0	0.0	0.0
Bacteria;Actinobacteria;Actinobacteria;Bifidobacteriales;Bifidobacteriaceae;Bifidobacterium;Bifidobacterium_pseudolongum_subsp._globosum	0.0	0.0	0.0	0.0	0.0	0.0	0.0	0.0	0.0	167.0	0.0	0.0	0.0	0.0	0.0	0.0	0.0	0.0	0.0	0.0	0.0	0.0	0.0	1.0	0.0	0.0	0.0	0.0	224.0	0.0	0.0	0.0	0.0	0.0	0.0	0.0	0.0	0.0	0.0	0.0	0.0	0.0	0.0	0.0	0.0	0.0	14.0	0.0	0.0	0.0	0.0	0.0	0.0	0.0	0.0	0.0	0.0	0.0	0.0	0.0	0.0	48.0	0.0	0.0	0.0	0.0	0.0	1.0	0.0	0.0	0.0	0.0	39.0	0.0	22.0	0.0	0.0	0.0	0.0	0.0	0.0	1.0	0.0	0.0	0.0	0.0	0.0	0.0
Bacteria;Actinobacteria;Actinobacteria;Bifidobacteriales;Bifidobacteriaceae;Bifidobacterium;Other	1785.0	1487.0	1273.0	2761.0	188.0	29.0	801.0	961.0	1856.0	2380.0	78.0	196.0	215.0	1611.0	647.0	1857.0	1006.0	2750.0	1098.0	570.0	1169.0	1038.0	329.0	2001.0	1343.0	241.0	1256.0	888.0	1911.0	1596.0	645.0	1251.0	1401.0	2666.0	255.0	745.0	1622.0	392.0	1600.0	1105.0	868.0	1004.0	1135.0	1093.0	503.0	660.0	732.0	1481.0	1221.0	208.0	1109.0	333.0	800.0	1045.0	694.0	919.0	637.0	1314.0	1414.0	950.0	119.0	4251.0	775.0	1791.0	1135.0	546.0	1878.0	223.0	1810.0	738.0	373.0	306.0	1530.0	3602.0	1543.0	233.0	688.0	242.0	774.0	2375.0	1655.0	584.0	1417.0	1336.0	1285.0	47.0	1694.0	716.0
Bacteria;Actinobacteria;Actinobacteria;Bifidobacteriales;Bifidobacteriaceae;Gardnerella;Other	0.0	0.0	0.0	0.0	0.0	0.0	0.0	0.0	0.0	0.0	0.0	0.0	0.0	0.0	0.0	0.0	0.0	0.0	21.0	0.0	0.0	0.0	0.0	0.0	0.0	0.0	0.0	0.0	0.0	0.0	0.0	0.0	0.0	0.0	0.0	0.0	0.0	0.0	0.0	0.0	0.0	0.0	0.0	0.0	0.0	0.0	0.0	0.0	0.0	0.0	0.0	0.0	0.0	0.0	4.0	0.0	0.0	0.0	0.0	0.0	0.0	0.0	0.0	0.0	0.0	0.0	0.0	0.0	0.0	0.0	0.0	0.0	0.0	0.0	0.0	0.0	0.0	0.0	0.0	0.0	0.0	0.0	0.0	0.0	0.0	0.0	0.0	0.0
Bacteria;Actinobacteria;Actinobacteria;Coriobacteriales;Coriobacteriaceae;Adlercreutzia;Other	0.0	0.0	0.0	0.0	0.0	0.0	0.0	0.0	0.0	0.0	0.0	1.0	0.0	0.0	0.0	0.0	0.0	0.0	0.0	0.0	0.0	0.0	0.0	0.0	0.0	0.0	0.0	0.0	0.0	0.0	0.0	0.0	0.0	0.0	0.0	0.0	0.0	0.0	0.0	0.0	0.0	0.0	0.0	0.0	4.0	0.0	167.0	0.0	0.0	0.0	30.0	0.0	0.0	0.0	0.0	0.0	15.0	0.0	26.0	0.0	0.0	0.0	0.0	0.0	0.0	0.0	0.0	13.0	31.0	0.0	0.0	0.0	0.0	0.0	0.0	0.0	0.0	0.0	0.0	0.0	0.0	0.0	0.0	0.0	0.0	0.0	0.0	0.0
Bacteria;Actinobacteria;Actinobacteria;Coriobacteriales;Coriobacteriaceae;Atopobium;Atopobium_parvulum	0.0	0.0	0.0	0.0	0.0	0.0	0.0	0.0	0.0	0.0	0.0	0.0	0.0	0.0	0.0	0.0	0.0	0.0	0.0	0.0	0.0	0.0	0.0	0.0	0.0	0.0	0.0	0.0	0.0	0.0	0.0	0.0	0.0	0.0	0.0	0.0	0.0	0.0	0.0	0.0	0.0	0.0	5.0	0.0	0.0	0.0	0.0	0.0	10.0	0.0	0.0	0.0	1.0	0.0	0.0	0.0	0.0	0.0	0.0	0.0	0.0	0.0	0.0	0.0	0.0	0.0	0.0	0.0	0.0	0.0	0.0	0.0	0.0	0.0	0.0	0.0	0.0	0.0	0.0	0.0	0.0	0.0	0.0	0.0	0.0	0.0	0.0	0.0
Bacteria;Actinobacteria;Actinobacteria;Coriobacteriales;Coriobacteriaceae;Collinsella;Collinsella_stercoris	0.0	155.0	22.0	7.0	602.0	0.0	0.0	0.0	0.0	0.0	0.0	15.0	42.0	286.0	1.0	0.0	310.0	453.0	27.0	474.0	6.0	0.0	0.0	0.0	384.0	0.0	0.0	20.0	0.0	47.0	4.0	2.0	767.0	0.0	0.0	35.0	264.0	0.0	1.0	3.0	0.0	0.0	1077.0	1.0	0.0	0.0	0.0	1.0	767.0	1.0	94.0	0.0	1.0	1.0	0.0	164.0	32.0	70.0	351.0	175.0	2.0	0.0	0.0	179.0	207.0	0.0	213.0	2.0	16.0	129.0	3.0	293.0	0.0	1.0	0.0	1517.0	0.0	7.0	216.0	0.0	236.0	0.0	659.0	0.0	39.0	0.0	254.0	0.0
Bacteria;Actinobacteria;Actinobacteria;Coriobacteriales;Coriobacteriaceae;Collinsella;Other	350.0	0.0	0.0	174.0	1.0	0.0	0.0	310.0	0.0	161.0	0.0	4.0	28.0	361.0	0.0	0.0	2.0	58.0	0.0	0.0	0.0	405.0	56.0	225.0	41.0	1.0	0.0	0.0	0.0	0.0	127.0	374.0	161.0	0.0	337.0	0.0	0.0	371.0	321.0	0.0	82.0	1.0	35.0	0.0	2.0	0.0	396.0	0.0	38.0	0.0	113.0	0.0	2.0	468.0	0.0	0.0	21.0	34.0	0.0	323.0	0.0	197.0	358.0	0.0	0.0	3.0	0.0	1.0	33.0	1.0	206.0	0.0	168.0	345.0	25.0	0.0	15.0	1.0	0.0	545.0	1.0	329.0	0.0	121.0	0.0	0.0	14.0	0.0
Bacteria;Actinobacteria;Actinobacteria;Coriobacteriales;Coriobacteriaceae;Eggerthella;Other	0.0	101.0	0.0	283.0	9.0	0.0	0.0	0.0	4.0	15.0	0.0	37.0	17.0	51.0	3.0	0.0	54.0	23.0	21.0	144.0	0.0	61.0	0.0	2.0	0.0	72.0	747.0	474.0	0.0	190.0	2.0	0.0	12.0	0.0	0.0	0.0	0.0	0.0	19.0	0.0	19.0	1.0	114.0	0.0	0.0	202.0	4.0	0.0	171.0	0.0	71.0	0.0	25.0	0.0	0.0	333.0	21.0	13.0	101.0	0.0	0.0	0.0	0.0	0.0	0.0	0.0	115.0	17.0	97.0	45.0	143.0	149.0	0.0	167.0	0.0	0.0	0.0	0.0	238.0	25.0	429.0	183.0	36.0	1.0	0.0	6.0	80.0	0.0
Bacteria;Actinobacteria;Actinobacteria;Coriobacteriales;Coriobacteriaceae;Enterorhabdus;Other	0.0	0.0	0.0	0.0	0.0	0.0	0.0	0.0	0.0	0.0	0.0	21.0	0.0	3.0	0.0	0.0	0.0	0.0	0.0	0.0	0.0	0.0	0.0	72.0	0.0	0.0	0.0	0.0	0.0	4.0	0.0	0.0	0.0	0.0	4.0	0.0	0.0	19.0	1.0	0.0	0.0	0.0	0.0	0.0	0.0	0.0	0.0	119.0	0.0	0.0	0.0	0.0	0.0	0.0	0.0	78.0	14.0	136.0	3.0	0.0	0.0	0.0	0.0	0.0	0.0	1.0	0.0	0.0	59.0	65.0	0.0	0.0	0.0	0.0	0.0	0.0	7.0	0.0	0.0	0.0	0.0	0.0	7.0	100.0	0.0	0.0	31.0	0.0
Bacteria;Actinobacteria;Actinobacteria;Coriobacteriales;Coriobacteriaceae;Gordonibacter;Gordonibacter_pamelaeae	0.0	0.0	0.0	0.0	0.0	0.0	0.0	0.0	0.0	0.0	37.0	13.0	19.0	1.0	0.0	0.0	0.0	2.0	0.0	0.0	0.0	10.0	55.0	0.0	0.0	0.0	0.0	0.0	0.0	11.0	0.0	448.0	0.0	3.0	21.0	0.0	0.0	234.0	0.0	77.0	5.0	0.0	0.0	65.0	0.0	0.0	0.0	0.0	0.0	0.0	0.0	346.0	0.0	1.0	0.0	0.0	1.0	0.0	0.0	0.0	0.0	0.0	0.0	0.0	0.0	0.0	25.0	0.0	20.0	0.0	0.0	0.0	60.0	0.0	0.0	0.0	0.0	0.0	0.0	0.0	0.0	0.0	0.0	0.0	0.0	0.0	27.0	0.0
Bacteria;Actinobacteria;Actinobacteria;Coriobacteriales;Coriobacteriaceae;Olsenella;Other	0.0	0.0	0.0	0.0	0.0	0.0	0.0	0.0	0.0	0.0	0.0	0.0	0.0	0.0	0.0	0.0	0.0	0.0	0.0	0.0	0.0	0.0	0.0	0.0	0.0	0.0	0.0	0.0	0.0	0.0	0.0	0.0	0.0	0.0	0.0	0.0	0.0	0.0	0.0	0.0	0.0	0.0	0.0	0.0	0.0	0.0	0.0	0.0	0.0	0.0	0.0	0.0	0.0	135.0	0.0	0.0	0.0	0.0	0.0	0.0	0.0	0.0	0.0	0.0	0.0	0.0	0.0	0.0	0.0	0.0	0.0	0.0	0.0	0.0	0.0	0.0	0.0	0.0	0.0	0.0	0.0	81.0	0.0	0.0	0.0	0.0	0.0	0.0
Bacteria;Actinobacteria;Actinobacteria;Coriobacteriales;Coriobacteriaceae;Other;Other	0.0	97.0	0.0	0.0	0.0	0.0	1.0	0.0	0.0	0.0	0.0	0.0	0.0	0.0	0.0	0.0	24.0	41.0	93.0	0.0	0.0	0.0	0.0	0.0	0.0	2.0	0.0	0.0	0.0	0.0	0.0	0.0	5.0	0.0	0.0	0.0	0.0	0.0	0.0	0.0	0.0	0.0	0.0	0.0	0.0	0.0	0.0	0.0	0.0	211.0	0.0	0.0	0.0	0.0	0.0	0.0	0.0	0.0	0.0	0.0	0.0	0.0	0.0	7.0	0.0	0.0	0.0	0.0	0.0	0.0	0.0	0.0	0.0	357.0	0.0	0.0	0.0	0.0	1.0	0.0	0.0	0.0	0.0	4.0	0.0	1.0	0.0	0.0
Bacteria;Actinobacteria;Actinobacteria;Coriobacteriales;Coriobacteriaceae;Slackia;Slackia_piriformis	0.0	21.0	0.0	8.0	0.0	0.0	0.0	0.0	0.0	0.0	0.0	36.0	11.0	2.0	68.0	0.0	0.0	0.0	0.0	228.0	15.0	0.0	0.0	0.0	0.0	64.0	0.0	48.0	0.0	57.0	0.0	0.0	124.0	70.0	0.0	0.0	0.0	0.0	0.0	0.0	1.0	0.0	0.0	0.0	0.0	0.0	0.0	273.0	1.0	0.0	0.0	0.0	0.0	0.0	50.0	0.0	100.0	9.0	8.0	0.0	0.0	35.0	0.0	0.0	0.0	0.0	25.0	0.0	16.0	0.0	0.0	0.0	32.0	0.0	19.0	0.0	121.0	0.0	95.0	37.0	0.0	0.0	0.0	0.0	0.0	0.0	0.0	0.0
Bacteria;Actinobacteria;Actinobacteria;Coriobacteriales;Coriobacteriaceae;Unclassified;Coriobacteriaceae_bacterium_JC110	0.0	0.0	0.0	0.0	0.0	0.0	0.0	0.0	0.0	0.0	0.0	0.0	0.0	0.0	0.0	0.0	0.0	0.0	0.0	0.0	0.0	0.0	0.0	116.0	0.0	170.0	0.0	0.0	0.0	0.0	0.0	0.0	0.0	0.0	0.0	0.0	0.0	0.0	0.0	0.0	0.0	0.0	0.0	0.0	0.0	0.0	0.0	0.0	0.0	0.0	0.0	0.0	0.0	223.0	0.0	0.0	8.0	0.0	0.0	0.0	0.0	0.0	0.0	0.0	0.0	0.0	0.0	0.0	0.0	0.0	0.0	0.0	0.0	0.0	0.0	0.0	0.0	0.0	0.0	0.0	0.0	0.0	0.0	0.0	0.0	0.0	0.0	0.0
Bacteria;Actinobacteria;Actinobacteria;Coriobacteriales;Coriobacteriaceae;Unclassified;Olsenella_sp._SK9K4	2420.0	203.0	7.0	539.0	605.0	871.0	118.0	1095.0	258.0	970.0	75.0	17.0	140.0	1114.0	5.0	8.0	239.0	1059.0	533.0	744.0	479.0	1042.0	127.0	2414.0	322.0	298.0	466.0	339.0	1479.0	557.0	105.0	902.0	873.0	2938.0	44.0	309.0	538.0	1280.0	2170.0	1.0	570.0	535.0	128.0	2640.0	605.0	413.0	706.0	911.0	19.0	1.0	753.0	0.0	140.0	1362.0	751.0	123.0	115.0	1414.0	118.0	971.0	281.0	1334.0	1616.0	378.0	358.0	534.0	325.0	137.0	285.0	539.0	758.0	155.0	1265.0	1583.0	1196.0	522.0	411.0	9.0	0.0	3184.0	589.0	494.0	37.0	647.0	1993.0	334.0	965.0	292.0
Bacteria;Actinobacteria;Actinobacteria;Coriobacteriales;Coriobacteriaceae;Unclassified;iron-reducing_bacterium_enrichment_culture_clone_HN-HFO4	0.0	0.0	0.0	0.0	0.0	0.0	0.0	0.0	0.0	0.0	0.0	0.0	7.0	0.0	0.0	0.0	0.0	0.0	0.0	0.0	0.0	0.0	0.0	0.0	0.0	0.0	0.0	0.0	0.0	0.0	0.0	0.0	0.0	0.0	0.0	0.0	0.0	0.0	0.0	0.0	0.0	0.0	0.0	0.0	0.0	0.0	0.0	0.0	0.0	0.0	0.0	0.0	0.0	0.0	0.0	0.0	0.0	0.0	0.0	0.0	0.0	0.0	0.0	0.0	0.0	0.0	0.0	0.0	0.0	0.0	0.0	0.0	0.0	0.0	0.0	0.0	0.0	0.0	0.0	0.0	0.0	0.0	0.0	0.0	0.0	0.0	0.0	0.0
Bacteria;Actinobacteria;Actinobacteria;Other;Other;Other;Other	0.0	294.0	0.0	0.0	174.0	0.0	1.0	0.0	0.0	0.0	0.0	0.0	8.0	8.0	0.0	0.0	0.0	0.0	0.0	0.0	0.0	0.0	235.0	0.0	0.0	0.0	0.0	0.0	0.0	0.0	0.0	0.0	0.0	0.0	0.0	0.0	0.0	0.0	1.0	0.0	58.0	0.0	0.0	0.0	2.0	0.0	157.0	1.0	0.0	0.0	43.0	0.0	0.0	75.0	0.0	0.0	0.0	0.0	0.0	0.0	0.0	0.0	0.0	0.0	0.0	0.0	0.0	0.0	0.0	1.0	3.0	301.0	34.0	29.0	0.0	0.0	0.0	2.0	237.0	0.0	0.0	0.0	0.0	1.0	0.0	0.0	0.0	0.0
Bacteria;Actinobacteria;Actinobacteria;Solirubrobacterales;Other;Other;Other	0.0	0.0	0.0	0.0	1.0	0.0	0.0	0.0	0.0	0.0	7.0	0.0	6.0	0.0	0.0	0.0	0.0	1.0	0.0	0.0	0.0	0.0	0.0	0.0	0.0	0.0	0.0	0.0	0.0	0.0	0.0	0.0	0.0	69.0	0.0	0.0	0.0	0.0	0.0	0.0	3.0	0.0	0.0	0.0	0.0	0.0	0.0	0.0	0.0	0.0	5.0	0.0	0.0	0.0	8.0	0.0	0.0	0.0	0.0	0.0	0.0	0.0	0.0	0.0	0.0	0.0	0.0	0.0	3.0	0.0	0.0	0.0	0.0	0.0	0.0	0.0	0.0	604.0	0.0	0.0	0.0	0.0	0.0	0.0	0.0	506.0	0.0	0.0
Bacteria;Actinobacteria;Actinobacteria;Solirubrobacterales;Patulibacteraceae;Patulibacter;Other	0.0	88.0	0.0	0.0	0.0	0.0	0.0	0.0	0.0	0.0	0.0	0.0	0.0	0.0	0.0	0.0	0.0	0.0	0.0	0.0	0.0	0.0	0.0	0.0	0.0	0.0	0.0	0.0	0.0	0.0	0.0	0.0	0.0	0.0	0.0	0.0	0.0	0.0	0.0	0.0	0.0	0.0	0.0	26.0	0.0	0.0	0.0	0.0	0.0	0.0	0.0	0.0	0.0	0.0	0.0	0.0	0.0	0.0	0.0	0.0	0.0	0.0	0.0	0.0	0.0	0.0	0.0	0.0	0.0	0.0	0.0	0.0	0.0	0.0	0.0	0.0	0.0	0.0	0.0	0.0	0.0	0.0	0.0	0.0	0.0	0.0	0.0	0.0
Bacteria;Actinobacteria;Actinobacteria;Solirubrobacterales;Patulibacteraceae;Patulibacter;Patulibacter_minatonensis	0.0	0.0	0.0	0.0	0.0	0.0	0.0	0.0	0.0	0.0	0.0	0.0	0.0	0.0	0.0	206.0	0.0	0.0	0.0	0.0	0.0	0.0	0.0	0.0	0.0	0.0	0.0	0.0	0.0	0.0	0.0	0.0	0.0	0.0	0.0	0.0	0.0	0.0	0.0	0.0	0.0	0.0	0.0	0.0	0.0	0.0	0.0	0.0	0.0	0.0	0.0	0.0	0.0	0.0	0.0	0.0	0.0	0.0	0.0	0.0	0.0	0.0	0.0	0.0	0.0	0.0	0.0	0.0	0.0	0.0	0.0	0.0	2.0	0.0	0.0	0.0	0.0	0.0	0.0	0.0	0.0	0.0	0.0	0.0	0.0	0.0	0.0	0.0
Bacteria;Actinobacteria;Actinobacteria;Solirubrobacterales;Solirubrobacteraceae;Solirubrobacter;Other	0.0	0.0	0.0	0.0	0.0	0.0	0.0	0.0	0.0	0.0	0.0	0.0	0.0	0.0	0.0	0.0	0.0	0.0	0.0	0.0	0.0	0.0	0.0	0.0	0.0	0.0	0.0	0.0	0.0	0.0	0.0	0.0	0.0	0.0	0.0	0.0	0.0	0.0	0.0	0.0	0.0	0.0	0.0	0.0	0.0	0.0	0.0	0.0	0.0	0.0	0.0	0.0	0.0	0.0	0.0	0.0	0.0	0.0	0.0	0.0	0.0	0.0	0.0	0.0	0.0	0.0	0.0	28.0	0.0	0.0	0.0	0.0	0.0	0.0	0.0	0.0	0.0	0.0	0.0	0.0	0.0	0.0	0.0	0.0	0.0	0.0	0.0	0.0
Bacteria;Actinobacteria;Actinobacteria;Unclassified;Brevibacteriaceae;Brevibacterium;Brevibacterium_casei	0.0	0.0	0.0	0.0	0.0	0.0	0.0	0.0	0.0	0.0	0.0	0.0	3.0	0.0	55.0	0.0	0.0	0.0	0.0	1.0	0.0	0.0	0.0	0.0	0.0	1.0	0.0	0.0	0.0	0.0	86.0	0.0	2.0	0.0	3.0	0.0	0.0	0.0	0.0	0.0	1.0	0.0	0.0	0.0	0.0	0.0	0.0	0.0	0.0	0.0	0.0	0.0	0.0	0.0	0.0	0.0	0.0	0.0	0.0	0.0	0.0	1.0	0.0	0.0	0.0	0.0	0.0	0.0	0.0	138.0	0.0	0.0	0.0	103.0	23.0	0.0	0.0	0.0	0.0	0.0	0.0	0.0	184.0	3.0	0.0	0.0	0.0	0.0
Bacteria;Actinobacteria;Actinobacteria;Unclassified;Cellulomonadaceae;Cellulomonas;Other	0.0	0.0	0.0	0.0	0.0	0.0	0.0	0.0	0.0	0.0	0.0	0.0	0.0	0.0	0.0	0.0	0.0	0.0	0.0	0.0	0.0	0.0	0.0	0.0	0.0	0.0	0.0	0.0	0.0	0.0	0.0	1.0	0.0	0.0	0.0	0.0	0.0	0.0	0.0	0.0	0.0	0.0	0.0	0.0	0.0	0.0	0.0	0.0	0.0	0.0	0.0	0.0	0.0	0.0	0.0	0.0	0.0	0.0	0.0	0.0	0.0	0.0	0.0	53.0	0.0	0.0	0.0	0.0	0.0	0.0	0.0	0.0	0.0	0.0	0.0	0.0	0.0	0.0	0.0	0.0	0.0	0.0	0.0	0.0	0.0	0.0	0.0	0.0
Bacteria;Actinobacteria;Actinobacteria;Unclassified;Corynebacteriaceae;Corynebacterium;Corynebacterium_callunae_DSM_20147	0.0	3.0	0.0	65.0	1.0	0.0	0.0	0.0	16.0	0.0	0.0	0.0	4.0	0.0	0.0	0.0	0.0	123.0	0.0	0.0	0.0	0.0	0.0	0.0	0.0	0.0	0.0	0.0	0.0	0.0	0.0	0.0	0.0	1.0	0.0	0.0	0.0	0.0	0.0	0.0	0.0	0.0	0.0	0.0	46.0	55.0	0.0	0.0	0.0	0.0	0.0	0.0	0.0	0.0	0.0	0.0	0.0	0.0	0.0	0.0	0.0	0.0	0.0	0.0	0.0	482.0	1.0	0.0	0.0	0.0	0.0	0.0	0.0	0.0	0.0	0.0	0.0	1458.0	17.0	0.0	0.0	0.0	0.0	0.0	0.0	0.0	0.0	0.0
Bacteria;Actinobacteria;Actinobacteria;Unclassified;Corynebacteriaceae;Corynebacterium;Corynebacterium_durum	0.0	0.0	0.0	0.0	0.0	113.0	0.0	0.0	0.0	0.0	0.0	0.0	7.0	0.0	0.0	0.0	3.0	0.0	0.0	0.0	0.0	0.0	0.0	0.0	0.0	0.0	0.0	0.0	0.0	0.0	0.0	0.0	0.0	0.0	0.0	0.0	0.0	0.0	0.0	0.0	0.0	55.0	0.0	0.0	0.0	0.0	0.0	0.0	0.0	0.0	0.0	0.0	0.0	145.0	0.0	0.0	1.0	0.0	0.0	0.0	0.0	0.0	0.0	0.0	0.0	0.0	0.0	0.0	0.0	0.0	0.0	0.0	5.0	0.0	0.0	0.0	0.0	0.0	0.0	0.0	0.0	0.0	0.0	184.0	0.0	0.0	0.0	0.0
Bacteria;Actinobacteria;Actinobacteria;Unclassified;Corynebacteriaceae;Corynebacterium;Corynebacterium_kroppenstedtii	0.0	0.0	0.0	0.0	0.0	0.0	0.0	0.0	0.0	0.0	0.0	0.0	0.0	0.0	0.0	0.0	0.0	0.0	0.0	0.0	0.0	0.0	0.0	0.0	0.0	0.0	0.0	0.0	0.0	0.0	0.0	0.0	0.0	8.0	0.0	0.0	0.0	0.0	0.0	0.0	0.0	0.0	0.0	0.0	0.0	0.0	0.0	0.0	0.0	0.0	0.0	0.0	0.0	0.0	0.0	0.0	0.0	0.0	0.0	0.0	0.0	0.0	0.0	0.0	0.0	0.0	0.0	0.0	0.0	0.0	0.0	0.0	0.0	0.0	0.0	0.0	0.0	0.0	0.0	0.0	0.0	0.0	0.0	0.0	0.0	0.0	0.0	0.0
Bacteria;Actinobacteria;Actinobacteria;Unclassified;Corynebacteriaceae;Corynebacterium;Corynebacterium_macginleyi	0.0	19.0	2.0	0.0	0.0	0.0	127.0	15.0	0.0	0.0	0.0	0.0	0.0	0.0	0.0	0.0	14.0	9.0	0.0	0.0	0.0	0.0	0.0	0.0	0.0	0.0	0.0	0.0	2.0	0.0	0.0	0.0	18.0	61.0	0.0	0.0	3.0	3.0	0.0	743.0	9.0	0.0	0.0	0.0	0.0	0.0	0.0	0.0	0.0	320.0	0.0	0.0	0.0	0.0	0.0	0.0	0.0	0.0	44.0	0.0	47.0	11.0	0.0	29.0	0.0	101.0	0.0	65.0	0.0	0.0	0.0	0.0	2.0	0.0	0.0	25.0	0.0	119.0	0.0	0.0	0.0	0.0	0.0	0.0	0.0	0.0	0.0	0.0
Bacteria;Actinobacteria;Actinobacteria;Unclassified;Corynebacteriaceae;Corynebacterium;Corynebacterium_matruchotii_ATCC_33806	0.0	0.0	0.0	0.0	0.0	0.0	0.0	0.0	0.0	0.0	0.0	0.0	0.0	0.0	0.0	0.0	0.0	0.0	0.0	0.0	0.0	0.0	0.0	0.0	0.0	0.0	0.0	0.0	0.0	1.0	0.0	0.0	0.0	0.0	0.0	0.0	0.0	0.0	0.0	0.0	0.0	0.0	0.0	0.0	0.0	0.0	0.0	0.0	2.0	0.0	0.0	4.0	0.0	0.0	0.0	0.0	0.0	0.0	0.0	0.0	0.0	0.0	0.0	0.0	0.0	0.0	0.0	0.0	0.0	0.0	0.0	0.0	0.0	0.0	0.0	0.0	0.0	0.0	0.0	0.0	0.0	0.0	0.0	0.0	0.0	0.0	0.0	0.0
Bacteria;Actinobacteria;Actinobacteria;Unclassified;Corynebacteriaceae;Corynebacterium;Corynebacterium_sp._NML_97-0186	0.0	0.0	0.0	0.0	0.0	0.0	0.0	0.0	0.0	0.0	0.0	0.0	0.0	0.0	0.0	0.0	0.0	0.0	0.0	0.0	0.0	0.0	0.0	0.0	0.0	0.0	0.0	0.0	0.0	0.0	0.0	227.0	0.0	0.0	0.0	0.0	0.0	0.0	0.0	0.0	0.0	0.0	0.0	0.0	0.0	0.0	0.0	0.0	0.0	0.0	0.0	0.0	0.0	1.0	0.0	0.0	0.0	0.0	0.0	0.0	0.0	0.0	0.0	0.0	0.0	0.0	0.0	0.0	0.0	0.0	0.0	0.0	0.0	0.0	27.0	0.0	0.0	0.0	0.0	0.0	0.0	0.0	0.0	0.0	0.0	0.0	0.0	0.0
Bacteria;Actinobacteria;Actinobacteria;Unclassified;Corynebacteriaceae;Corynebacterium;Corynebacterium_sp._canine_oral_taxon_423	0.0	0.0	0.0	0.0	0.0	0.0	0.0	0.0	0.0	0.0	0.0	1.0	0.0	0.0	0.0	0.0	0.0	0.0	0.0	0.0	0.0	0.0	0.0	0.0	0.0	0.0	0.0	0.0	0.0	0.0	0.0	0.0	0.0	0.0	34.0	0.0	0.0	0.0	0.0	0.0	0.0	0.0	0.0	0.0	0.0	0.0	0.0	0.0	0.0	0.0	0.0	0.0	0.0	0.0	0.0	0.0	0.0	0.0	0.0	0.0	0.0	0.0	0.0	0.0	0.0	0.0	0.0	0.0	0.0	0.0	0.0	0.0	0.0	0.0	0.0	0.0	91.0	0.0	0.0	0.0	0.0	0.0	0.0	0.0	0.0	0.0	0.0	0.0
Bacteria;Actinobacteria;Actinobacteria;Unclassified;Corynebacteriaceae;Corynebacterium;Other	0.0	0.0	195.0	0.0	0.0	0.0	0.0	0.0	0.0	0.0	0.0	0.0	0.0	0.0	9.0	0.0	29.0	1.0	0.0	4.0	0.0	25.0	0.0	1.0	0.0	0.0	0.0	0.0	0.0	0.0	36.0	0.0	0.0	105.0	0.0	0.0	115.0	0.0	0.0	0.0	10.0	0.0	7.0	0.0	0.0	0.0	0.0	0.0	0.0	0.0	0.0	0.0	178.0	0.0	33.0	0.0	0.0	0.0	0.0	0.0	0.0	1.0	1.0	23.0	0.0	0.0	0.0	2.0	0.0	126.0	95.0	0.0	0.0	0.0	0.0	103.0	0.0	0.0	0.0	0.0	0.0	0.0	0.0	3.0	0.0	0.0	0.0	0.0
Bacteria;Actinobacteria;Actinobacteria;Unclassified;Corynebacteriaceae;Turicella;Other	0.0	0.0	0.0	0.0	0.0	0.0	0.0	0.0	0.0	0.0	0.0	0.0	0.0	0.0	0.0	0.0	0.0	0.0	0.0	0.0	0.0	0.0	0.0	0.0	0.0	0.0	0.0	0.0	0.0	0.0	0.0	0.0	0.0	0.0	0.0	0.0	0.0	0.0	0.0	0.0	0.0	0.0	0.0	0.0	0.0	0.0	0.0	0.0	0.0	0.0	0.0	0.0	0.0	0.0	405.0	0.0	0.0	0.0	0.0	0.0	0.0	0.0	0.0	0.0	0.0	0.0	0.0	0.0	0.0	0.0	0.0	0.0	0.0	0.0	0.0	0.0	0.0	0.0	0.0	0.0	0.0	0.0	0.0	0.0	0.0	0.0	0.0	0.0
Bacteria;Actinobacteria;Actinobacteria;Unclassified;Dermabacteraceae;Brachybacterium;Other	0.0	0.0	0.0	0.0	0.0	0.0	0.0	0.0	0.0	0.0	0.0	0.0	129.0	0.0	0.0	0.0	31.0	0.0	1.0	0.0	0.0	0.0	0.0	60.0	0.0	0.0	0.0	0.0	1.0	0.0	0.0	0.0	0.0	0.0	0.0	0.0	0.0	0.0	0.0	0.0	0.0	0.0	0.0	0.0	188.0	0.0	0.0	0.0	0.0	54.0	42.0	0.0	0.0	0.0	0.0	0.0	0.0	0.0	0.0	0.0	0.0	0.0	0.0	0.0	0.0	0.0	1.0	1.0	0.0	0.0	0.0	0.0	0.0	0.0	0.0	0.0	0.0	0.0	0.0	0.0	0.0	0.0	26.0	0.0	0.0	0.0	0.0	0.0
Bacteria;Actinobacteria;Actinobacteria;Unclassified;Dermacoccaceae;Dermacoccus;Dermacoccus_profundi	0.0	0.0	0.0	0.0	0.0	0.0	0.0	0.0	0.0	0.0	0.0	0.0	0.0	74.0	0.0	0.0	0.0	0.0	0.0	0.0	0.0	0.0	0.0	0.0	0.0	0.0	0.0	0.0	0.0	0.0	1.0	0.0	0.0	0.0	0.0	0.0	0.0	0.0	1.0	0.0	0.0	0.0	0.0	0.0	0.0	0.0	0.0	311.0	0.0	0.0	0.0	0.0	0.0	0.0	0.0	0.0	0.0	1.0	0.0	0.0	0.0	0.0	32.0	0.0	0.0	0.0	0.0	0.0	0.0	0.0	0.0	0.0	0.0	0.0	0.0	0.0	0.0	0.0	0.0	0.0	0.0	0.0	0.0	0.0	0.0	0.0	0.0	0.0
Bacteria;Actinobacteria;Actinobacteria;Unclassified;Dermacoccaceae;Flexivirga;Flexivirga_alba	53.0	0.0	0.0	0.0	0.0	0.0	0.0	0.0	0.0	0.0	0.0	0.0	0.0	0.0	0.0	0.0	0.0	0.0	0.0	0.0	0.0	0.0	0.0	0.0	0.0	0.0	0.0	0.0	0.0	0.0	0.0	0.0	0.0	0.0	0.0	0.0	0.0	0.0	0.0	0.0	0.0	0.0	0.0	0.0	0.0	0.0	0.0	0.0	0.0	0.0	0.0	0.0	0.0	0.0	0.0	0.0	0.0	0.0	0.0	0.0	0.0	0.0	0.0	0.0	0.0	0.0	0.0	0.0	0.0	0.0	0.0	0.0	0.0	0.0	0.0	0.0	0.0	0.0	0.0	0.0	0.0	0.0	77.0	0.0	0.0	0.0	4.0	0.0
Bacteria;Actinobacteria;Actinobacteria;Unclassified;Dietziaceae;Dietzia;Dietzia_maris	0.0	0.0	0.0	0.0	0.0	0.0	0.0	0.0	0.0	0.0	0.0	0.0	0.0	0.0	0.0	18.0	0.0	0.0	0.0	0.0	0.0	0.0	0.0	0.0	0.0	0.0	0.0	0.0	0.0	0.0	0.0	0.0	0.0	0.0	0.0	0.0	0.0	121.0	1.0	0.0	0.0	0.0	0.0	0.0	0.0	0.0	0.0	0.0	0.0	0.0	0.0	11.0	0.0	0.0	0.0	0.0	0.0	63.0	0.0	0.0	0.0	0.0	0.0	0.0	0.0	0.0	0.0	23.0	0.0	0.0	2.0	386.0	0.0	0.0	0.0	0.0	0.0	0.0	0.0	0.0	0.0	0.0	0.0	0.0	0.0	0.0	0.0	0.0
Bacteria;Actinobacteria;Actinobacteria;Unclassified;Dietziaceae;Dietzia;Dietzia_natronolimnaea	0.0	0.0	0.0	0.0	0.0	0.0	0.0	0.0	0.0	0.0	0.0	0.0	0.0	77.0	0.0	0.0	0.0	0.0	0.0	0.0	0.0	0.0	0.0	0.0	0.0	0.0	0.0	0.0	0.0	0.0	0.0	0.0	0.0	0.0	0.0	0.0	0.0	0.0	0.0	0.0	0.0	0.0	0.0	0.0	0.0	0.0	0.0	0.0	0.0	0.0	0.0	0.0	0.0	0.0	0.0	0.0	0.0	0.0	0.0	0.0	0.0	0.0	0.0	0.0	0.0	0.0	0.0	26.0	0.0	0.0	0.0	0.0	0.0	0.0	0.0	0.0	0.0	0.0	0.0	0.0	0.0	0.0	0.0	0.0	0.0	0.0	0.0	0.0
Bacteria;Actinobacteria;Actinobacteria;Unclassified;Geodermatophilaceae;Blastococcus;Other	0.0	0.0	0.0	0.0	0.0	0.0	0.0	0.0	0.0	0.0	0.0	0.0	0.0	0.0	0.0	0.0	0.0	0.0	0.0	0.0	0.0	0.0	0.0	0.0	0.0	0.0	0.0	0.0	0.0	0.0	0.0	0.0	0.0	0.0	0.0	0.0	0.0	0.0	0.0	0.0	0.0	0.0	0.0	0.0	0.0	0.0	55.0	0.0	0.0	0.0	0.0	0.0	0.0	0.0	0.0	0.0	0.0	0.0	0.0	0.0	0.0	0.0	0.0	57.0	0.0	0.0	0.0	0.0	0.0	0.0	0.0	0.0	0.0	0.0	0.0	0.0	0.0	0.0	0.0	0.0	0.0	0.0	0.0	0.0	0.0	0.0	0.0	0.0
Bacteria;Actinobacteria;Actinobacteria;Unclassified;Geodermatophilaceae;Geodermatophilus;Other	0.0	0.0	0.0	0.0	0.0	0.0	0.0	0.0	0.0	0.0	0.0	0.0	1.0	0.0	0.0	0.0	0.0	0.0	0.0	0.0	0.0	0.0	0.0	0.0	0.0	0.0	0.0	0.0	0.0	0.0	0.0	0.0	0.0	0.0	0.0	0.0	0.0	0.0	0.0	0.0	0.0	0.0	0.0	0.0	0.0	0.0	0.0	0.0	0.0	0.0	0.0	0.0	0.0	0.0	0.0	0.0	0.0	0.0	0.0	0.0	1.0	0.0	0.0	0.0	48.0	0.0	0.0	0.0	0.0	0.0	0.0	0.0	0.0	0.0	0.0	0.0	0.0	0.0	0.0	0.0	0.0	1.0	0.0	0.0	0.0	0.0	0.0	0.0
Bacteria;Actinobacteria;Actinobacteria;Unclassified;Geodermatophilaceae;Other;Other	0.0	0.0	0.0	0.0	0.0	0.0	0.0	0.0	0.0	0.0	0.0	0.0	0.0	0.0	0.0	0.0	0.0	0.0	0.0	0.0	0.0	0.0	0.0	0.0	0.0	0.0	0.0	0.0	0.0	0.0	0.0	0.0	0.0	0.0	0.0	0.0	0.0	0.0	0.0	0.0	0.0	0.0	0.0	0.0	0.0	0.0	0.0	0.0	0.0	0.0	0.0	0.0	0.0	0.0	0.0	0.0	0.0	0.0	0.0	0.0	0.0	0.0	0.0	42.0	0.0	0.0	0.0	0.0	0.0	0.0	0.0	0.0	0.0	0.0	0.0	0.0	0.0	0.0	0.0	0.0	0.0	0.0	0.0	0.0	0.0	0.0	0.0	0.0
Bacteria;Actinobacteria;Actinobacteria;Unclassified;Intrasporangiaceae;Janibacter;Other	0.0	0.0	0.0	777.0	0.0	0.0	47.0	13.0	0.0	0.0	0.0	14.0	5.0	0.0	1.0	0.0	1.0	2.0	0.0	0.0	0.0	0.0	0.0	0.0	0.0	1.0	0.0	0.0	2.0	0.0	0.0	0.0	43.0	139.0	0.0	0.0	4.0	0.0	46.0	0.0	48.0	1.0	0.0	9.0	0.0	131.0	0.0	0.0	0.0	171.0	3.0	0.0	1.0	0.0	54.0	0.0	0.0	26.0	6.0	43.0	0.0	9.0	0.0	0.0	0.0	1.0	0.0	28.0	0.0	13.0	0.0	0.0	64.0	127.0	0.0	0.0	0.0	0.0	0.0	0.0	162.0	0.0	0.0	19.0	0.0	0.0	0.0	0.0
Bacteria;Actinobacteria;Actinobacteria;Unclassified;Intrasporangiaceae;Ornithinicoccus;Other	0.0	0.0	0.0	69.0	0.0	0.0	0.0	0.0	0.0	0.0	0.0	0.0	0.0	0.0	0.0	0.0	0.0	0.0	0.0	0.0	0.0	0.0	0.0	0.0	0.0	0.0	0.0	0.0	0.0	0.0	0.0	0.0	0.0	0.0	0.0	0.0	0.0	0.0	0.0	0.0	3.0	0.0	0.0	0.0	0.0	0.0	0.0	0.0	0.0	0.0	0.0	0.0	0.0	0.0	0.0	0.0	0.0	0.0	0.0	0.0	0.0	0.0	0.0	0.0	0.0	0.0	0.0	0.0	0.0	0.0	0.0	0.0	1.0	0.0	39.0	0.0	0.0	0.0	0.0	0.0	0.0	0.0	0.0	89.0	0.0	0.0	0.0	0.0
Bacteria;Actinobacteria;Actinobacteria;Unclassified;Intrasporangiaceae;Ornithinimicrobium;Other	0.0	0.0	0.0	0.0	0.0	0.0	0.0	0.0	0.0	0.0	0.0	0.0	0.0	0.0	0.0	0.0	0.0	0.0	1.0	0.0	0.0	0.0	0.0	0.0	0.0	0.0	0.0	0.0	0.0	0.0	0.0	0.0	0.0	0.0	34.0	0.0	0.0	0.0	0.0	0.0	0.0	0.0	0.0	0.0	0.0	0.0	0.0	0.0	0.0	0.0	0.0	0.0	0.0	0.0	0.0	0.0	0.0	55.0	0.0	0.0	0.0	0.0	0.0	0.0	0.0	0.0	0.0	0.0	0.0	0.0	0.0	0.0	0.0	0.0	0.0	0.0	0.0	0.0	0.0	0.0	0.0	0.0	0.0	0.0	0.0	0.0	0.0	0.0
Bacteria;Actinobacteria;Actinobacteria;Unclassified;Kineosporiaceae;Pseudokineococcus;Pseudokineococcus_marinus	0.0	0.0	0.0	0.0	0.0	0.0	0.0	0.0	78.0	0.0	0.0	0.0	0.0	0.0	0.0	0.0	0.0	0.0	0.0	0.0	0.0	0.0	0.0	0.0	0.0	0.0	0.0	0.0	0.0	0.0	0.0	0.0	0.0	0.0	0.0	0.0	0.0	0.0	0.0	0.0	0.0	0.0	0.0	0.0	0.0	0.0	0.0	0.0	0.0	0.0	0.0	0.0	0.0	0.0	0.0	0.0	0.0	0.0	0.0	0.0	0.0	0.0	0.0	0.0	0.0	0.0	0.0	0.0	0.0	0.0	0.0	0.0	0.0	0.0	0.0	0.0	0.0	0.0	0.0	0.0	0.0	0.0	0.0	0.0	0.0	0.0	0.0	0.0
Bacteria;Actinobacteria;Actinobacteria;Unclassified;Microbacteriaceae;Agromyces;Agromyces_mediolanus	0.0	0.0	0.0	0.0	0.0	0.0	0.0	0.0	0.0	0.0	0.0	0.0	0.0	0.0	0.0	0.0	0.0	0.0	0.0	0.0	0.0	0.0	0.0	0.0	0.0	0.0	0.0	0.0	0.0	0.0	0.0	0.0	0.0	0.0	0.0	0.0	0.0	0.0	0.0	0.0	0.0	0.0	0.0	0.0	0.0	0.0	0.0	0.0	0.0	0.0	0.0	0.0	0.0	31.0	0.0	0.0	0.0	0.0	0.0	0.0	0.0	0.0	0.0	0.0	0.0	0.0	0.0	0.0	0.0	0.0	0.0	0.0	0.0	0.0	0.0	0.0	0.0	0.0	0.0	0.0	0.0	0.0	0.0	0.0	0.0	0.0	0.0	0.0
Bacteria;Actinobacteria;Actinobacteria;Unclassified;Microbacteriaceae;Leifsonia;Leifsonia_xyli	0.0	0.0	0.0	158.0	0.0	0.0	1.0	0.0	0.0	18.0	1.0	0.0	11.0	0.0	0.0	0.0	0.0	0.0	0.0	0.0	0.0	0.0	0.0	0.0	1.0	34.0	0.0	0.0	45.0	0.0	0.0	0.0	0.0	0.0	15.0	0.0	0.0	48.0	0.0	0.0	5.0	123.0	3.0	0.0	0.0	0.0	0.0	0.0	0.0	70.0	84.0	0.0	0.0	0.0	0.0	0.0	0.0	0.0	0.0	0.0	0.0	3.0	370.0	0.0	15.0	0.0	34.0	1.0	0.0	1.0	0.0	0.0	0.0	0.0	0.0	0.0	0.0	0.0	0.0	0.0	0.0	0.0	0.0	0.0	121.0	0.0	0.0	0.0
Bacteria;Actinobacteria;Actinobacteria;Unclassified;Microbacteriaceae;Leucobacter;Other	0.0	0.0	0.0	1.0	0.0	0.0	0.0	0.0	0.0	460.0	0.0	5.0	40.0	1.0	0.0	0.0	1.0	0.0	0.0	0.0	0.0	0.0	0.0	0.0	206.0	0.0	0.0	0.0	0.0	0.0	378.0	0.0	1.0	0.0	0.0	0.0	0.0	0.0	0.0	0.0	585.0	0.0	0.0	0.0	0.0	0.0	0.0	14.0	0.0	0.0	4.0	0.0	0.0	0.0	0.0	0.0	0.0	0.0	0.0	0.0	0.0	0.0	0.0	0.0	0.0	0.0	101.0	1.0	2.0	0.0	0.0	0.0	0.0	0.0	0.0	0.0	0.0	0.0	0.0	0.0	0.0	0.0	0.0	0.0	0.0	0.0	44.0	0.0
Bacteria;Actinobacteria;Actinobacteria;Unclassified;Microbacteriaceae;Microbacterium;Microbacterium_oxydans	0.0	0.0	1.0	0.0	3.0	0.0	12.0	1.0	0.0	1.0	0.0	0.0	2.0	0.0	0.0	0.0	0.0	1.0	1.0	1.0	7.0	2.0	0.0	0.0	0.0	0.0	3.0	2.0	0.0	0.0	3.0	0.0	0.0	0.0	0.0	0.0	0.0	0.0	1.0	3.0	3.0	2.0	0.0	0.0	0.0	0.0	0.0	0.0	1.0	1.0	1.0	1.0	0.0	1.0	0.0	0.0	0.0	0.0	0.0	0.0	3.0	0.0	4.0	0.0	0.0	0.0	0.0	18.0	0.0	0.0	3.0	0.0	0.0	1.0	0.0	0.0	0.0	2.0	10.0	0.0	0.0	1.0	0.0	7.0	2.0	0.0	1.0	0.0
Bacteria;Actinobacteria;Actinobacteria;Unclassified;Microbacteriaceae;Other;Other	0.0	0.0	0.0	0.0	0.0	0.0	0.0	0.0	0.0	0.0	0.0	0.0	0.0	0.0	0.0	0.0	0.0	0.0	0.0	0.0	0.0	0.0	0.0	0.0	0.0	0.0	0.0	0.0	0.0	0.0	0.0	0.0	0.0	0.0	0.0	0.0	0.0	0.0	0.0	0.0	0.0	0.0	0.0	0.0	0.0	0.0	0.0	0.0	0.0	0.0	0.0	0.0	0.0	0.0	170.0	0.0	0.0	0.0	0.0	0.0	0.0	0.0	0.0	0.0	0.0	0.0	0.0	0.0	0.0	0.0	0.0	0.0	0.0	0.0	0.0	0.0	0.0	0.0	0.0	0.0	0.0	0.0	0.0	0.0	0.0	0.0	0.0	0.0
Bacteria;Actinobacteria;Actinobacteria;Unclassified;Microbacteriaceae;Rathayibacter;Rathayibacter_tritici	0.0	0.0	0.0	0.0	0.0	0.0	24.0	0.0	0.0	0.0	0.0	0.0	0.0	0.0	0.0	0.0	0.0	0.0	0.0	0.0	0.0	0.0	0.0	0.0	0.0	0.0	0.0	0.0	0.0	0.0	0.0	0.0	0.0	0.0	0.0	0.0	0.0	0.0	0.0	0.0	0.0	0.0	0.0	0.0	0.0	0.0	0.0	0.0	0.0	0.0	0.0	0.0	0.0	0.0	0.0	0.0	0.0	0.0	0.0	0.0	0.0	0.0	0.0	0.0	0.0	0.0	0.0	0.0	0.0	0.0	0.0	0.0	0.0	0.0	0.0	0.0	0.0	0.0	0.0	0.0	0.0	0.0	0.0	0.0	0.0	0.0	0.0	0.0
Bacteria;Actinobacteria;Actinobacteria;Unclassified;Micrococcaceae;Arthrobacter;Arthrobacter_agilis	0.0	0.0	0.0	0.0	0.0	0.0	0.0	0.0	0.0	0.0	0.0	0.0	0.0	0.0	0.0	0.0	0.0	0.0	0.0	0.0	0.0	0.0	0.0	0.0	0.0	0.0	0.0	0.0	0.0	0.0	0.0	0.0	0.0	0.0	0.0	0.0	0.0	0.0	0.0	0.0	0.0	0.0	0.0	0.0	0.0	0.0	0.0	0.0	0.0	0.0	0.0	0.0	0.0	0.0	0.0	0.0	0.0	0.0	0.0	0.0	0.0	0.0	0.0	254.0	0.0	0.0	0.0	0.0	0.0	0.0	0.0	0.0	0.0	0.0	0.0	0.0	0.0	0.0	0.0	0.0	0.0	0.0	0.0	0.0	0.0	0.0	0.0	0.0
Bacteria;Actinobacteria;Actinobacteria;Unclassified;Micrococcaceae;Arthrobacter;Arthrobacter_stackebrandtii	0.0	0.0	6.0	0.0	2.0	0.0	1.0	0.0	0.0	0.0	0.0	0.0	0.0	0.0	0.0	2.0	1.0	2.0	0.0	0.0	1.0	0.0	0.0	0.0	0.0	1.0	0.0	0.0	1.0	0.0	1.0	0.0	0.0	182.0	0.0	0.0	0.0	0.0	0.0	0.0	0.0	0.0	0.0	0.0	0.0	0.0	0.0	0.0	0.0	0.0	2.0	0.0	3.0	4.0	0.0	0.0	0.0	0.0	0.0	0.0	0.0	0.0	3.0	0.0	0.0	0.0	0.0	2.0	0.0	1.0	1.0	0.0	0.0	2.0	0.0	0.0	0.0	1.0	0.0	1.0	0.0	0.0	4.0	10.0	1.0	0.0	0.0	0.0
Bacteria;Actinobacteria;Actinobacteria;Unclassified;Micrococcaceae;Citricoccus;Citricoccus_alkalitolerans	0.0	3.0	0.0	4.0	0.0	0.0	0.0	5.0	0.0	0.0	0.0	0.0	0.0	0.0	0.0	0.0	17.0	0.0	91.0	0.0	0.0	31.0	3.0	1.0	393.0	0.0	187.0	0.0	0.0	0.0	0.0	0.0	0.0	2.0	0.0	0.0	45.0	0.0	12.0	30.0	0.0	40.0	0.0	0.0	54.0	79.0	0.0	0.0	0.0	0.0	141.0	0.0	0.0	0.0	0.0	9.0	0.0	17.0	0.0	6.0	0.0	0.0	0.0	0.0	0.0	2.0	0.0	113.0	0.0	0.0	0.0	0.0	100.0	0.0	0.0	430.0	0.0	0.0	0.0	0.0	0.0	0.0	0.0	0.0	0.0	0.0	0.0	0.0
Bacteria;Actinobacteria;Actinobacteria;Unclassified;Micrococcaceae;Nesterenkonia;Nesterenkonia_halotolerans	0.0	0.0	15.0	125.0	1.0	56.0	147.0	41.0	421.0	86.0	0.0	0.0	0.0	271.0	111.0	0.0	0.0	188.0	110.0	70.0	79.0	0.0	22.0	0.0	6.0	21.0	0.0	137.0	16.0	0.0	0.0	0.0	0.0	103.0	0.0	43.0	4.0	38.0	1.0	261.0	0.0	0.0	7.0	0.0	626.0	317.0	0.0	88.0	1.0	80.0	85.0	0.0	1.0	0.0	30.0	66.0	8.0	2.0	9.0	254.0	343.0	1.0	92.0	0.0	908.0	1.0	13.0	33.0	0.0	0.0	221.0	1.0	94.0	0.0	36.0	249.0	2.0	189.0	331.0	19.0	50.0	105.0	0.0	18.0	758.0	125.0	119.0	31.0
Bacteria;Actinobacteria;Actinobacteria;Unclassified;Micrococcaceae;Nesterenkonia;Other	0.0	0.0	0.0	0.0	0.0	0.0	0.0	0.0	0.0	0.0	0.0	0.0	0.0	0.0	0.0	0.0	0.0	0.0	0.0	0.0	0.0	0.0	0.0	0.0	0.0	0.0	0.0	0.0	0.0	0.0	0.0	0.0	0.0	0.0	0.0	0.0	0.0	326.0	0.0	0.0	0.0	0.0	0.0	0.0	0.0	0.0	0.0	0.0	0.0	0.0	0.0	0.0	0.0	1.0	0.0	0.0	0.0	0.0	0.0	0.0	0.0	0.0	0.0	0.0	0.0	0.0	0.0	0.0	0.0	0.0	0.0	0.0	0.0	0.0	0.0	0.0	0.0	0.0	0.0	0.0	0.0	0.0	0.0	0.0	0.0	0.0	0.0	0.0
Bacteria;Actinobacteria;Actinobacteria;Unclassified;Micrococcaceae;Renibacterium;Renibacterium_salmoninarum	0.0	359.0	3334.0	149.0	572.0	157.0	715.0	7.0	2.0	0.0	219.0	0.0	50.0	159.0	63.0	1158.0	222.0	525.0	62.0	346.0	193.0	110.0	57.0	290.0	339.0	62.0	191.0	39.0	249.0	0.0	511.0	300.0	100.0	233.0	62.0	47.0	0.0	126.0	130.0	74.0	125.0	35.0	43.0	142.0	1.0	294.0	115.0	94.0	29.0	158.0	153.0	0.0	609.0	1912.0	0.0	23.0	3.0	126.0	40.0	0.0	123.0	0.0	406.0	0.0	324.0	178.0	133.0	622.0	1.0	141.0	189.0	221.0	35.0	213.0	0.0	0.0	11.0	332.0	0.0	149.0	0.0	345.0	1033.0	103.0	424.0	249.0	5.0	351.0
Bacteria;Actinobacteria;Actinobacteria;Unclassified;Micrococcaceae;Rothia;Other	0.0	0.0	12.0	0.0	0.0	0.0	0.0	0.0	0.0	0.0	3.0	46.0	1.0	0.0	13.0	0.0	0.0	259.0	1.0	169.0	0.0	0.0	0.0	61.0	2.0	0.0	0.0	0.0	0.0	0.0	84.0	0.0	0.0	0.0	0.0	0.0	0.0	0.0	23.0	55.0	0.0	0.0	10.0	0.0	1.0	0.0	98.0	0.0	0.0	0.0	0.0	2.0	0.0	124.0	0.0	0.0	19.0	207.0	34.0	34.0	0.0	0.0	0.0	0.0	0.0	0.0	0.0	0.0	45.0	65.0	0.0	0.0	0.0	0.0	0.0	0.0	16.0	0.0	60.0	0.0	0.0	41.0	0.0	0.0	83.0	0.0	0.0	0.0
Bacteria;Actinobacteria;Actinobacteria;Unclassified;Micromonosporaceae;Micromonospora;Micromonospora_echinospora	0.0	0.0	0.0	0.0	0.0	0.0	0.0	0.0	0.0	0.0	0.0	0.0	101.0	262.0	0.0	0.0	79.0	0.0	0.0	0.0	0.0	0.0	0.0	0.0	0.0	149.0	0.0	22.0	0.0	0.0	1.0	0.0	0.0	0.0	0.0	0.0	0.0	0.0	4.0	0.0	347.0	0.0	25.0	0.0	0.0	0.0	0.0	0.0	34.0	63.0	38.0	0.0	0.0	0.0	519.0	0.0	0.0	0.0	0.0	0.0	208.0	0.0	0.0	0.0	1.0	1.0	0.0	0.0	4.0	0.0	0.0	1.0	0.0	0.0	0.0	0.0	0.0	0.0	0.0	0.0	0.0	0.0	0.0	110.0	0.0	0.0	245.0	0.0
Bacteria;Actinobacteria;Actinobacteria;Unclassified;Micromonosporaceae;Other;Other	0.0	0.0	0.0	0.0	0.0	0.0	0.0	0.0	0.0	146.0	0.0	0.0	104.0	0.0	0.0	0.0	0.0	0.0	0.0	0.0	0.0	0.0	0.0	0.0	0.0	0.0	0.0	0.0	0.0	0.0	0.0	0.0	0.0	0.0	0.0	0.0	0.0	0.0	0.0	0.0	39.0	0.0	0.0	0.0	0.0	0.0	0.0	0.0	0.0	0.0	0.0	0.0	0.0	29.0	0.0	0.0	0.0	0.0	0.0	0.0	0.0	0.0	0.0	0.0	0.0	0.0	0.0	1.0	1.0	0.0	0.0	0.0	0.0	0.0	0.0	0.0	0.0	0.0	0.0	0.0	0.0	0.0	0.0	0.0	0.0	0.0	0.0	0.0
Bacteria;Actinobacteria;Actinobacteria;Unclassified;Micromonosporaceae;Planosporangium;Other	0.0	0.0	0.0	0.0	0.0	0.0	0.0	0.0	0.0	0.0	0.0	0.0	0.0	0.0	0.0	0.0	0.0	0.0	0.0	0.0	0.0	0.0	0.0	0.0	0.0	0.0	0.0	0.0	0.0	0.0	0.0	0.0	0.0	0.0	0.0	0.0	0.0	0.0	0.0	24.0	0.0	0.0	0.0	0.0	0.0	0.0	0.0	0.0	0.0	0.0	0.0	0.0	0.0	0.0	0.0	0.0	0.0	0.0	0.0	0.0	0.0	0.0	0.0	0.0	0.0	0.0	0.0	0.0	0.0	0.0	0.0	0.0	0.0	0.0	0.0	0.0	0.0	0.0	0.0	0.0	0.0	0.0	0.0	0.0	0.0	0.0	0.0	0.0
Bacteria;Actinobacteria;Actinobacteria;Unclassified;Micromonosporaceae;Stackebrandtia;Other	0.0	0.0	0.0	0.0	0.0	0.0	0.0	0.0	0.0	0.0	0.0	0.0	7.0	0.0	0.0	0.0	0.0	0.0	0.0	0.0	0.0	0.0	0.0	0.0	0.0	0.0	0.0	0.0	0.0	0.0	0.0	0.0	0.0	0.0	0.0	0.0	0.0	0.0	0.0	0.0	0.0	0.0	0.0	0.0	0.0	0.0	0.0	0.0	0.0	0.0	0.0	0.0	0.0	0.0	0.0	0.0	0.0	0.0	0.0	0.0	0.0	0.0	0.0	0.0	0.0	0.0	0.0	0.0	0.0	0.0	0.0	0.0	0.0	0.0	0.0	0.0	0.0	0.0	0.0	0.0	0.0	0.0	0.0	0.0	0.0	0.0	0.0	0.0
Bacteria;Actinobacteria;Actinobacteria;Unclassified;Mycobacteriaceae;Mycobacterium;Mycobacterium_kansasii	0.0	0.0	0.0	0.0	0.0	0.0	0.0	0.0	0.0	0.0	0.0	0.0	0.0	0.0	0.0	0.0	26.0	0.0	0.0	0.0	0.0	0.0	2.0	0.0	0.0	0.0	0.0	0.0	0.0	0.0	0.0	0.0	0.0	0.0	0.0	0.0	0.0	0.0	0.0	0.0	0.0	0.0	0.0	0.0	0.0	0.0	0.0	6.0	0.0	0.0	0.0	0.0	0.0	0.0	0.0	0.0	0.0	0.0	0.0	0.0	0.0	0.0	0.0	0.0	0.0	0.0	0.0	0.0	0.0	0.0	0.0	0.0	0.0	0.0	0.0	0.0	0.0	0.0	0.0	0.0	0.0	0.0	0.0	0.0	0.0	0.0	0.0	151.0
Bacteria;Actinobacteria;Actinobacteria;Unclassified;Mycobacteriaceae;Mycobacterium;Other	0.0	0.0	0.0	88.0	0.0	0.0	4.0	61.0	96.0	0.0	0.0	0.0	86.0	0.0	73.0	0.0	0.0	0.0	0.0	0.0	0.0	61.0	1.0	0.0	0.0	0.0	180.0	77.0	13.0	1.0	0.0	117.0	0.0	7.0	11.0	0.0	0.0	0.0	0.0	0.0	46.0	0.0	2.0	0.0	0.0	0.0	22.0	0.0	0.0	0.0	64.0	0.0	0.0	1.0	43.0	89.0	16.0	0.0	0.0	0.0	1.0	1.0	0.0	95.0	0.0	0.0	0.0	0.0	0.0	31.0	0.0	0.0	0.0	32.0	0.0	0.0	1.0	526.0	72.0	0.0	0.0	0.0	1.0	0.0	0.0	382.0	0.0	163.0
Bacteria;Actinobacteria;Actinobacteria;Unclassified;Nakamurellaceae;Nakamurella;Other	0.0	0.0	0.0	0.0	0.0	0.0	0.0	0.0	0.0	0.0	0.0	0.0	0.0	0.0	0.0	0.0	0.0	0.0	0.0	0.0	0.0	0.0	0.0	0.0	0.0	0.0	0.0	0.0	0.0	0.0	0.0	0.0	0.0	0.0	0.0	0.0	0.0	0.0	0.0	0.0	0.0	0.0	0.0	0.0	0.0	56.0	0.0	0.0	0.0	0.0	0.0	0.0	1.0	0.0	0.0	0.0	0.0	0.0	0.0	0.0	0.0	0.0	0.0	0.0	0.0	0.0	0.0	0.0	0.0	0.0	0.0	0.0	0.0	0.0	0.0	0.0	0.0	0.0	0.0	0.0	0.0	0.0	0.0	0.0	0.0	0.0	0.0	0.0
Bacteria;Actinobacteria;Actinobacteria;Unclassified;Nocardiaceae;Nocardia;Nocardia_carnea	0.0	0.0	0.0	0.0	0.0	0.0	0.0	0.0	0.0	0.0	0.0	0.0	4.0	0.0	0.0	0.0	0.0	0.0	0.0	0.0	0.0	0.0	0.0	0.0	0.0	0.0	0.0	0.0	0.0	0.0	0.0	0.0	0.0	0.0	0.0	0.0	0.0	0.0	0.0	0.0	0.0	0.0	0.0	0.0	0.0	0.0	0.0	0.0	0.0	0.0	0.0	0.0	0.0	0.0	0.0	0.0	0.0	0.0	0.0	0.0	0.0	0.0	0.0	0.0	0.0	0.0	0.0	0.0	0.0	0.0	0.0	0.0	0.0	0.0	0.0	0.0	0.0	0.0	0.0	0.0	0.0	0.0	0.0	0.0	0.0	0.0	0.0	0.0
Bacteria;Actinobacteria;Actinobacteria;Unclassified;Nocardiaceae;Nocardia;Nocardia_farcinica	0.0	0.0	0.0	0.0	0.0	0.0	0.0	0.0	0.0	0.0	0.0	0.0	0.0	0.0	0.0	0.0	0.0	0.0	0.0	0.0	0.0	0.0	0.0	0.0	0.0	0.0	0.0	0.0	0.0	0.0	0.0	0.0	0.0	0.0	0.0	0.0	0.0	0.0	0.0	0.0	9.0	0.0	0.0	0.0	0.0	0.0	0.0	0.0	0.0	0.0	0.0	0.0	0.0	0.0	0.0	0.0	0.0	0.0	0.0	0.0	0.0	0.0	0.0	0.0	0.0	0.0	0.0	0.0	0.0	0.0	0.0	0.0	0.0	0.0	0.0	0.0	0.0	34.0	0.0	0.0	0.0	0.0	0.0	0.0	0.0	0.0	0.0	0.0
Bacteria;Actinobacteria;Actinobacteria;Unclassified;Nocardiaceae;Rhodococcus;Rhodococcus_corynebacterioides	0.0	0.0	0.0	0.0	510.0	0.0	0.0	0.0	0.0	0.0	0.0	0.0	0.0	0.0	0.0	0.0	0.0	0.0	1.0	0.0	0.0	0.0	0.0	0.0	0.0	0.0	0.0	0.0	0.0	0.0	0.0	0.0	0.0	0.0	0.0	0.0	0.0	0.0	0.0	0.0	0.0	0.0	0.0	0.0	0.0	0.0	0.0	0.0	0.0	0.0	0.0	0.0	0.0	0.0	0.0	0.0	0.0	0.0	0.0	0.0	0.0	0.0	0.0	0.0	0.0	0.0	0.0	0.0	0.0	0.0	0.0	0.0	0.0	0.0	0.0	0.0	0.0	4.0	0.0	0.0	0.0	0.0	0.0	0.0	0.0	0.0	0.0	0.0
Bacteria;Actinobacteria;Actinobacteria;Unclassified;Nocardiaceae;Rhodococcus;Rhodococcus_erythropolis	357.0	0.0	0.0	0.0	4.0	196.0	0.0	0.0	0.0	0.0	1.0	0.0	0.0	2.0	0.0	115.0	0.0	0.0	150.0	10.0	18.0	0.0	0.0	131.0	0.0	0.0	0.0	0.0	0.0	0.0	0.0	0.0	0.0	1.0	0.0	0.0	0.0	0.0	0.0	0.0	0.0	0.0	1.0	0.0	0.0	0.0	0.0	0.0	1.0	0.0	0.0	0.0	0.0	0.0	0.0	0.0	0.0	0.0	0.0	0.0	0.0	0.0	50.0	0.0	0.0	2.0	0.0	0.0	7.0	26.0	132.0	0.0	0.0	0.0	0.0	0.0	1.0	38.0	0.0	0.0	0.0	0.0	25.0	0.0	0.0	0.0	17.0	0.0
Bacteria;Actinobacteria;Actinobacteria;Unclassified;Nocardiaceae;Rhodococcus;Rhodococcus_fascians	0.0	0.0	402.0	0.0	0.0	238.0	2.0	43.0	0.0	0.0	35.0	1.0	1.0	3.0	0.0	208.0	0.0	55.0	1.0	0.0	0.0	10.0	2.0	35.0	2.0	0.0	0.0	0.0	2.0	1.0	0.0	20.0	0.0	0.0	0.0	45.0	30.0	103.0	3.0	0.0	0.0	71.0	46.0	151.0	98.0	0.0	31.0	77.0	0.0	240.0	6.0	324.0	68.0	197.0	2.0	0.0	0.0	3.0	20.0	87.0	0.0	0.0	6.0	0.0	0.0	357.0	0.0	3.0	2.0	0.0	2.0	48.0	0.0	1.0	24.0	21.0	0.0	0.0	68.0	0.0	1.0	0.0	0.0	239.0	0.0	3.0	0.0	247.0
Bacteria;Actinobacteria;Actinobacteria;Unclassified;Nocardiaceae;Williamsia;Other	0.0	0.0	0.0	0.0	0.0	0.0	0.0	0.0	0.0	111.0	0.0	0.0	0.0	0.0	0.0	0.0	0.0	0.0	0.0	0.0	0.0	0.0	0.0	0.0	0.0	0.0	0.0	0.0	0.0	0.0	0.0	0.0	0.0	0.0	49.0	0.0	0.0	0.0	0.0	0.0	0.0	0.0	0.0	0.0	0.0	0.0	0.0	0.0	0.0	0.0	0.0	0.0	0.0	0.0	0.0	0.0	0.0	0.0	0.0	0.0	0.0	0.0	0.0	0.0	0.0	0.0	0.0	0.0	0.0	0.0	0.0	0.0	0.0	0.0	0.0	0.0	0.0	0.0	0.0	0.0	0.0	0.0	0.0	0.0	0.0	0.0	0.0	0.0
Bacteria;Actinobacteria;Actinobacteria;Unclassified;Nocardioidaceae;Aeromicrobium;Other	20.0	0.0	0.0	0.0	0.0	0.0	0.0	0.0	0.0	0.0	0.0	0.0	17.0	0.0	0.0	0.0	0.0	0.0	0.0	0.0	0.0	0.0	0.0	12.0	0.0	0.0	0.0	0.0	0.0	0.0	0.0	7.0	0.0	0.0	41.0	0.0	0.0	0.0	0.0	0.0	0.0	0.0	0.0	0.0	0.0	0.0	0.0	0.0	0.0	0.0	4.0	0.0	0.0	0.0	0.0	0.0	0.0	0.0	0.0	0.0	0.0	0.0	0.0	0.0	0.0	0.0	0.0	0.0	0.0	0.0	0.0	0.0	0.0	0.0	0.0	0.0	0.0	0.0	0.0	0.0	0.0	0.0	0.0	46.0	0.0	1.0	0.0	0.0
Bacteria;Actinobacteria;Actinobacteria;Unclassified;Nocardioidaceae;Marmoricola;Other	0.0	0.0	0.0	0.0	0.0	0.0	0.0	0.0	0.0	0.0	0.0	1.0	3.0	0.0	0.0	0.0	1.0	39.0	0.0	173.0	0.0	0.0	0.0	0.0	0.0	0.0	0.0	0.0	0.0	0.0	0.0	0.0	0.0	0.0	0.0	0.0	0.0	0.0	0.0	0.0	67.0	0.0	1.0	0.0	1.0	0.0	90.0	0.0	1.0	139.0	49.0	0.0	0.0	0.0	0.0	0.0	1.0	10.0	0.0	15.0	95.0	1.0	98.0	0.0	0.0	0.0	0.0	0.0	2.0	49.0	1.0	57.0	0.0	5.0	9.0	1.0	122.0	0.0	0.0	0.0	0.0	0.0	0.0	34.0	0.0	0.0	48.0	0.0
Bacteria;Actinobacteria;Actinobacteria;Unclassified;Nocardioidaceae;Nocardioides;Nocardioides_lentus	0.0	0.0	0.0	0.0	0.0	0.0	0.0	0.0	0.0	0.0	0.0	0.0	0.0	0.0	0.0	0.0	0.0	0.0	0.0	0.0	0.0	0.0	0.0	0.0	0.0	0.0	0.0	0.0	0.0	0.0	0.0	0.0	0.0	0.0	0.0	0.0	0.0	0.0	12.0	0.0	0.0	0.0	0.0	0.0	0.0	0.0	0.0	0.0	0.0	0.0	0.0	0.0	0.0	0.0	0.0	0.0	0.0	0.0	0.0	0.0	0.0	0.0	0.0	0.0	0.0	0.0	0.0	0.0	0.0	0.0	0.0	0.0	0.0	0.0	0.0	0.0	0.0	0.0	0.0	0.0	0.0	0.0	0.0	0.0	0.0	0.0	0.0	0.0
Bacteria;Actinobacteria;Actinobacteria;Unclassified;Nocardioidaceae;Nocardioides;Other	0.0	0.0	0.0	0.0	0.0	0.0	45.0	0.0	21.0	0.0	0.0	3.0	0.0	0.0	0.0	10.0	17.0	0.0	0.0	0.0	0.0	0.0	0.0	0.0	0.0	0.0	0.0	0.0	186.0	0.0	18.0	0.0	0.0	0.0	31.0	0.0	0.0	0.0	0.0	0.0	16.0	0.0	0.0	0.0	0.0	0.0	91.0	0.0	0.0	0.0	1.0	23.0	0.0	4.0	71.0	0.0	0.0	0.0	2.0	0.0	0.0	0.0	0.0	0.0	0.0	0.0	0.0	95.0	15.0	107.0	1.0	18.0	75.0	0.0	0.0	0.0	0.0	0.0	0.0	0.0	0.0	0.0	0.0	0.0	0.0	0.0	0.0	0.0
Bacteria;Actinobacteria;Actinobacteria;Unclassified;Nocardioidaceae;Other;Other	0.0	0.0	0.0	0.0	0.0	0.0	0.0	0.0	0.0	0.0	0.0	0.0	0.0	0.0	0.0	0.0	0.0	0.0	0.0	0.0	0.0	0.0	0.0	0.0	0.0	0.0	0.0	0.0	0.0	0.0	0.0	0.0	0.0	0.0	0.0	0.0	0.0	0.0	0.0	0.0	21.0	0.0	0.0	0.0	0.0	0.0	0.0	0.0	5.0	0.0	0.0	0.0	0.0	0.0	0.0	0.0	0.0	0.0	0.0	0.0	0.0	0.0	0.0	0.0	0.0	0.0	0.0	0.0	0.0	0.0	0.0	0.0	0.0	0.0	0.0	0.0	0.0	0.0	0.0	0.0	0.0	0.0	0.0	0.0	0.0	0.0	0.0	0.0
Bacteria;Actinobacteria;Actinobacteria;Unclassified;Nocardioidaceae;Thermasporomyces;Thermasporomyces_composti	0.0	0.0	0.0	61.0	0.0	0.0	0.0	335.0	0.0	103.0	0.0	5.0	257.0	205.0	1.0	0.0	4.0	0.0	19.0	0.0	0.0	32.0	101.0	1.0	39.0	306.0	0.0	0.0	0.0	0.0	0.0	0.0	0.0	10.0	0.0	0.0	0.0	0.0	6.0	0.0	655.0	167.0	0.0	41.0	123.0	0.0	1.0	0.0	0.0	0.0	0.0	0.0	0.0	219.0	11.0	26.0	82.0	316.0	0.0	0.0	0.0	0.0	0.0	0.0	0.0	0.0	0.0	1.0	16.0	120.0	10.0	2.0	130.0	124.0	0.0	0.0	0.0	0.0	0.0	0.0	1.0	0.0	0.0	72.0	0.0	0.0	103.0	0.0
Bacteria;Actinobacteria;Actinobacteria;Unclassified;Nocardiopsaceae;Nocardiopsis;Nocardiopsis_alba	0.0	0.0	0.0	0.0	0.0	0.0	0.0	0.0	0.0	0.0	0.0	0.0	86.0	0.0	0.0	0.0	0.0	0.0	0.0	0.0	0.0	0.0	0.0	0.0	2.0	0.0	0.0	0.0	0.0	0.0	0.0	0.0	0.0	0.0	0.0	0.0	0.0	0.0	0.0	0.0	0.0	0.0	0.0	0.0	0.0	0.0	0.0	0.0	0.0	0.0	0.0	0.0	0.0	0.0	14.0	0.0	0.0	0.0	0.0	0.0	0.0	0.0	0.0	0.0	0.0	0.0	0.0	0.0	0.0	0.0	0.0	0.0	0.0	0.0	0.0	0.0	0.0	0.0	0.0	0.0	0.0	0.0	0.0	0.0	63.0	0.0	0.0	0.0
Bacteria;Actinobacteria;Actinobacteria;Unclassified;Nocardiopsaceae;Thermobifida;Thermobifida_fusca	0.0	26.0	153.0	0.0	0.0	0.0	52.0	65.0	0.0	127.0	0.0	4.0	335.0	10.0	0.0	0.0	2.0	1.0	0.0	34.0	0.0	0.0	62.0	0.0	0.0	2524.0	0.0	0.0	0.0	38.0	0.0	0.0	8.0	13.0	0.0	0.0	0.0	0.0	132.0	0.0	1204.0	9.0	0.0	0.0	0.0	0.0	0.0	0.0	1.0	0.0	0.0	114.0	0.0	0.0	432.0	0.0	10.0	176.0	0.0	88.0	0.0	0.0	0.0	1.0	0.0	0.0	0.0	1.0	11.0	0.0	0.0	9.0	0.0	0.0	14.0	0.0	0.0	0.0	0.0	0.0	0.0	258.0	0.0	0.0	0.0	0.0	152.0	0.0
Bacteria;Actinobacteria;Actinobacteria;Unclassified;Promicromonosporaceae;Cellulosimicrobium;Cellulosimicrobium_cellulans	0.0	0.0	0.0	0.0	0.0	0.0	0.0	0.0	0.0	0.0	0.0	0.0	0.0	0.0	0.0	0.0	0.0	0.0	0.0	0.0	0.0	0.0	0.0	0.0	0.0	0.0	0.0	0.0	0.0	0.0	0.0	239.0	0.0	0.0	0.0	0.0	0.0	0.0	0.0	0.0	0.0	0.0	0.0	0.0	0.0	0.0	0.0	0.0	0.0	0.0	0.0	0.0	0.0	0.0	0.0	0.0	0.0	0.0	0.0	0.0	0.0	0.0	0.0	0.0	0.0	0.0	0.0	0.0	0.0	0.0	0.0	0.0	0.0	0.0	0.0	0.0	0.0	0.0	0.0	0.0	0.0	0.0	0.0	0.0	0.0	0.0	0.0	0.0
Bacteria;Actinobacteria;Actinobacteria;Unclassified;Promicromonosporaceae;Promicromonospora;Promicromonospora_citrea	0.0	0.0	0.0	0.0	0.0	0.0	0.0	0.0	0.0	0.0	0.0	0.0	0.0	0.0	0.0	0.0	0.0	0.0	0.0	0.0	0.0	0.0	0.0	0.0	0.0	0.0	0.0	0.0	0.0	0.0	0.0	0.0	0.0	0.0	0.0	0.0	0.0	0.0	0.0	0.0	0.0	0.0	0.0	0.0	0.0	0.0	0.0	0.0	0.0	0.0	68.0	0.0	0.0	0.0	0.0	0.0	0.0	0.0	0.0	0.0	0.0	0.0	0.0	0.0	0.0	0.0	0.0	0.0	1.0	0.0	0.0	0.0	0.0	0.0	0.0	0.0	0.0	0.0	0.0	0.0	0.0	0.0	0.0	0.0	0.0	0.0	0.0	0.0
Bacteria;Actinobacteria;Actinobacteria;Unclassified;Propionibacteriaceae;Haloactinopolyspora;Other	0.0	0.0	0.0	0.0	0.0	0.0	0.0	0.0	0.0	0.0	0.0	0.0	0.0	0.0	0.0	0.0	0.0	0.0	0.0	0.0	0.0	0.0	0.0	0.0	0.0	0.0	0.0	0.0	0.0	0.0	0.0	0.0	0.0	0.0	0.0	0.0	0.0	0.0	0.0	0.0	11.0	0.0	0.0	0.0	0.0	0.0	0.0	0.0	0.0	0.0	0.0	0.0	0.0	0.0	0.0	0.0	0.0	0.0	0.0	0.0	0.0	0.0	0.0	0.0	0.0	0.0	0.0	0.0	0.0	0.0	0.0	0.0	0.0	0.0	0.0	0.0	0.0	0.0	0.0	0.0	0.0	0.0	0.0	0.0	0.0	0.0	0.0	0.0
Bacteria;Actinobacteria;Actinobacteria;Unclassified;Propionibacteriaceae;Propionibacterium;Propionibacterium_acnes	8.0	4.0	0.0	1.0	0.0	4.0	2.0	10.0	0.0	1.0	5.0	0.0	0.0	9.0	3.0	2.0	18.0	7.0	3.0	28.0	0.0	1.0	1.0	4.0	13.0	0.0	0.0	0.0	0.0	0.0	0.0	18.0	4.0	9.0	1.0	10.0	24.0	10.0	0.0	2.0	1.0	6.0	2.0	17.0	0.0	20.0	8.0	1.0	2.0	2.0	2.0	0.0	10.0	4.0	3.0	0.0	0.0	1.0	0.0	14.0	8.0	2.0	27.0	14.0	26.0	1.0	0.0	5.0	0.0	10.0	1.0	2.0	5.0	5.0	2.0	7.0	0.0	18.0	0.0	0.0	0.0	1.0	0.0	2.0	40.0	0.0	5.0	21.0
Bacteria;Actinobacteria;Actinobacteria;Unclassified;Pseudonocardiaceae;Actinomycetospora;Other	0.0	0.0	0.0	0.0	0.0	0.0	0.0	0.0	0.0	0.0	0.0	0.0	0.0	0.0	0.0	0.0	0.0	0.0	0.0	0.0	0.0	0.0	0.0	0.0	0.0	0.0	0.0	0.0	0.0	0.0	0.0	0.0	0.0	0.0	0.0	0.0	0.0	0.0	0.0	0.0	0.0	0.0	0.0	0.0	0.0	0.0	0.0	0.0	0.0	0.0	54.0	0.0	0.0	0.0	0.0	0.0	0.0	0.0	0.0	0.0	0.0	0.0	0.0	0.0	0.0	0.0	0.0	0.0	0.0	0.0	0.0	0.0	0.0	0.0	0.0	0.0	0.0	0.0	0.0	0.0	0.0	0.0	0.0	0.0	0.0	0.0	40.0	0.0
Bacteria;Actinobacteria;Actinobacteria;Unclassified;Pseudonocardiaceae;Pseudonocardia;Other	0.0	0.0	0.0	0.0	0.0	0.0	0.0	0.0	0.0	0.0	0.0	0.0	0.0	0.0	0.0	0.0	0.0	0.0	0.0	0.0	0.0	0.0	0.0	0.0	0.0	0.0	0.0	0.0	0.0	0.0	0.0	0.0	0.0	0.0	0.0	0.0	0.0	0.0	2.0	0.0	13.0	0.0	0.0	0.0	2.0	0.0	314.0	0.0	0.0	0.0	0.0	0.0	0.0	0.0	0.0	0.0	0.0	1.0	0.0	0.0	0.0	1.0	0.0	0.0	0.0	0.0	0.0	0.0	0.0	0.0	0.0	0.0	0.0	0.0	0.0	0.0	0.0	0.0	0.0	0.0	0.0	0.0	0.0	0.0	0.0	0.0	0.0	0.0
Bacteria;Actinobacteria;Actinobacteria;Unclassified;Pseudonocardiaceae;Pseudonocardia;Pseudonocardia_thermophila	0.0	0.0	0.0	0.0	0.0	0.0	0.0	0.0	0.0	0.0	0.0	0.0	0.0	0.0	0.0	0.0	0.0	0.0	0.0	0.0	0.0	0.0	0.0	0.0	0.0	0.0	0.0	0.0	0.0	0.0	0.0	0.0	0.0	0.0	0.0	0.0	0.0	0.0	0.0	0.0	7.0	0.0	0.0	0.0	0.0	0.0	0.0	0.0	0.0	0.0	0.0	0.0	0.0	0.0	0.0	0.0	0.0	0.0	0.0	0.0	0.0	0.0	0.0	0.0	0.0	0.0	0.0	0.0	0.0	0.0	0.0	0.0	0.0	0.0	0.0	0.0	0.0	0.0	0.0	0.0	0.0	0.0	0.0	0.0	0.0	0.0	0.0	0.0
Bacteria;Actinobacteria;Actinobacteria;Unclassified;Pseudonocardiaceae;Pseudonocardia;Pseudonocardia_zijingensis	0.0	0.0	0.0	0.0	0.0	0.0	0.0	0.0	0.0	23.0	0.0	0.0	19.0	0.0	0.0	0.0	0.0	0.0	1.0	0.0	0.0	0.0	0.0	0.0	0.0	0.0	0.0	0.0	0.0	0.0	0.0	0.0	0.0	0.0	0.0	0.0	0.0	0.0	0.0	0.0	165.0	0.0	0.0	0.0	0.0	0.0	0.0	0.0	0.0	0.0	2.0	0.0	0.0	0.0	0.0	9.0	2.0	30.0	0.0	0.0	0.0	39.0	0.0	0.0	0.0	0.0	0.0	0.0	0.0	0.0	0.0	0.0	44.0	0.0	0.0	0.0	0.0	0.0	0.0	0.0	0.0	0.0	0.0	0.0	0.0	0.0	14.0	0.0
Bacteria;Actinobacteria;Actinobacteria;Unclassified;Pseudonocardiaceae;Saccharomonospora;Saccharomonospora_viridis	62.0	0.0	0.0	0.0	0.0	0.0	0.0	0.0	0.0	0.0	0.0	4.0	261.0	0.0	1.0	0.0	1.0	24.0	1.0	0.0	0.0	40.0	0.0	0.0	28.0	15356.0	0.0	0.0	0.0	91.0	0.0	0.0	69.0	1.0	37.0	0.0	0.0	0.0	21.0	0.0	769.0	191.0	0.0	115.0	0.0	0.0	0.0	3.0	20.0	48.0	0.0	0.0	0.0	143.0	316.0	0.0	3.0	89.0	0.0	0.0	0.0	0.0	131.0	0.0	0.0	1.0	107.0	6.0	13.0	0.0	0.0	83.0	117.0	0.0	8.0	0.0	0.0	0.0	0.0	0.0	78.0	0.0	0.0	0.0	0.0	0.0	28.0	0.0
Bacteria;Actinobacteria;Actinobacteria;Unclassified;Pseudonocardiaceae;Saccharopolyspora;Other	0.0	0.0	0.0	0.0	0.0	0.0	0.0	0.0	0.0	0.0	0.0	0.0	0.0	0.0	0.0	0.0	0.0	0.0	0.0	0.0	0.0	0.0	0.0	0.0	0.0	0.0	0.0	0.0	0.0	0.0	0.0	0.0	0.0	0.0	0.0	0.0	0.0	0.0	0.0	0.0	0.0	0.0	0.0	0.0	0.0	0.0	211.0	0.0	0.0	0.0	0.0	0.0	0.0	0.0	0.0	0.0	0.0	0.0	0.0	0.0	0.0	0.0	0.0	0.0	0.0	0.0	0.0	0.0	0.0	0.0	0.0	0.0	0.0	0.0	0.0	0.0	0.0	0.0	0.0	0.0	0.0	0.0	0.0	0.0	0.0	0.0	0.0	0.0
Bacteria;Actinobacteria;Actinobacteria;Unclassified;Pseudonocardiaceae;Saccharopolyspora;Saccharopolyspora_gregorii	0.0	0.0	0.0	0.0	0.0	0.0	0.0	0.0	0.0	0.0	0.0	0.0	0.0	0.0	0.0	0.0	0.0	0.0	0.0	0.0	0.0	0.0	0.0	0.0	0.0	47.0	0.0	0.0	0.0	0.0	0.0	0.0	0.0	0.0	0.0	0.0	0.0	0.0	0.0	0.0	0.0	0.0	0.0	0.0	0.0	0.0	0.0	0.0	0.0	0.0	0.0	0.0	0.0	0.0	0.0	0.0	0.0	0.0	0.0	0.0	0.0	0.0	0.0	0.0	0.0	0.0	0.0	0.0	0.0	0.0	0.0	0.0	0.0	0.0	0.0	0.0	0.0	0.0	0.0	0.0	0.0	0.0	0.0	0.0	0.0	0.0	0.0	0.0
Bacteria;Actinobacteria;Actinobacteria;Unclassified;Pseudonocardiaceae;Thermocrispum;Thermocrispum_municipale	0.0	0.0	0.0	0.0	0.0	0.0	0.0	0.0	0.0	0.0	0.0	0.0	4.0	0.0	0.0	0.0	0.0	0.0	0.0	0.0	0.0	0.0	0.0	0.0	0.0	0.0	0.0	0.0	0.0	0.0	0.0	0.0	0.0	0.0	0.0	0.0	0.0	0.0	0.0	0.0	73.0	0.0	0.0	0.0	0.0	0.0	0.0	0.0	0.0	0.0	0.0	0.0	0.0	0.0	0.0	0.0	0.0	0.0	0.0	0.0	0.0	0.0	0.0	0.0	0.0	0.0	0.0	0.0	0.0	0.0	0.0	0.0	0.0	0.0	0.0	0.0	0.0	0.0	0.0	0.0	0.0	0.0	0.0	31.0	0.0	0.0	0.0	0.0
Bacteria;Actinobacteria;Actinobacteria;Unclassified;Sporichthyaceae;Other;Other	0.0	0.0	0.0	0.0	0.0	0.0	0.0	0.0	0.0	0.0	0.0	0.0	0.0	0.0	0.0	0.0	0.0	0.0	0.0	0.0	0.0	0.0	0.0	0.0	0.0	0.0	0.0	0.0	0.0	0.0	0.0	0.0	0.0	24.0	0.0	0.0	0.0	0.0	0.0	0.0	0.0	0.0	0.0	0.0	0.0	0.0	0.0	0.0	0.0	0.0	0.0	0.0	0.0	0.0	0.0	0.0	0.0	0.0	0.0	0.0	0.0	0.0	0.0	0.0	0.0	0.0	0.0	0.0	0.0	0.0	0.0	0.0	0.0	0.0	0.0	0.0	0.0	0.0	0.0	0.0	0.0	0.0	0.0	0.0	0.0	0.0	0.0	0.0
Bacteria;Actinobacteria;Actinobacteria;Unclassified;Streptomycetaceae;Streptomyces;Actinomycetales_bacterium_HO2017	0.0	0.0	0.0	0.0	0.0	0.0	0.0	0.0	0.0	0.0	0.0	0.0	0.0	0.0	0.0	0.0	0.0	0.0	0.0	0.0	0.0	0.0	0.0	0.0	0.0	13.0	0.0	0.0	0.0	0.0	0.0	0.0	0.0	0.0	0.0	0.0	0.0	0.0	0.0	0.0	0.0	0.0	0.0	0.0	0.0	0.0	0.0	0.0	0.0	0.0	0.0	0.0	0.0	0.0	0.0	0.0	0.0	0.0	0.0	0.0	0.0	0.0	0.0	0.0	0.0	0.0	0.0	0.0	0.0	0.0	0.0	0.0	0.0	0.0	0.0	0.0	0.0	0.0	0.0	0.0	0.0	0.0	0.0	0.0	0.0	0.0	0.0	0.0
Bacteria;Actinobacteria;Actinobacteria;Unclassified;Streptomycetaceae;Streptomyces;Streptomyces_avidinii	0.0	0.0	0.0	0.0	0.0	0.0	0.0	0.0	0.0	0.0	0.0	0.0	0.0	0.0	764.0	0.0	0.0	0.0	0.0	0.0	0.0	0.0	0.0	0.0	0.0	0.0	0.0	0.0	0.0	0.0	0.0	0.0	0.0	0.0	0.0	0.0	0.0	0.0	0.0	0.0	0.0	0.0	0.0	0.0	0.0	0.0	0.0	0.0	0.0	0.0	112.0	0.0	0.0	0.0	0.0	0.0	0.0	0.0	0.0	0.0	0.0	0.0	0.0	0.0	0.0	0.0	0.0	0.0	0.0	0.0	0.0	0.0	0.0	0.0	0.0	0.0	0.0	0.0	0.0	0.0	0.0	0.0	0.0	0.0	0.0	0.0	0.0	0.0
Bacteria;Actinobacteria;Actinobacteria;Unclassified;Streptomycetaceae;Streptomyces;Streptomyces_sp._A404_Ydz-QZ	0.0	0.0	0.0	0.0	0.0	0.0	0.0	0.0	0.0	0.0	0.0	0.0	6.0	0.0	434.0	0.0	0.0	0.0	0.0	0.0	0.0	0.0	0.0	0.0	0.0	0.0	0.0	0.0	0.0	0.0	0.0	0.0	0.0	0.0	0.0	0.0	0.0	0.0	0.0	0.0	0.0	0.0	0.0	0.0	0.0	0.0	0.0	0.0	0.0	0.0	0.0	0.0	0.0	0.0	0.0	0.0	0.0	0.0	0.0	0.0	0.0	0.0	0.0	0.0	0.0	0.0	0.0	0.0	0.0	0.0	0.0	0.0	0.0	0.0	0.0	0.0	0.0	0.0	0.0	0.0	0.0	0.0	0.0	0.0	0.0	0.0	0.0	0.0
Bacteria;Actinobacteria;Actinobacteria;Unclassified;Streptomycetaceae;Streptomyces;Streptomyces_thermovulgaris	0.0	33.0	0.0	0.0	192.0	0.0	0.0	0.0	0.0	0.0	0.0	0.0	18.0	0.0	0.0	0.0	0.0	0.0	0.0	0.0	0.0	0.0	48.0	0.0	0.0	0.0	0.0	0.0	0.0	0.0	0.0	0.0	0.0	0.0	0.0	0.0	0.0	0.0	0.0	0.0	2.0	0.0	0.0	0.0	0.0	24.0	26.0	0.0	0.0	0.0	0.0	0.0	0.0	0.0	0.0	0.0	10.0	0.0	0.0	287.0	0.0	0.0	0.0	0.0	0.0	0.0	0.0	0.0	15.0	0.0	0.0	0.0	0.0	0.0	0.0	0.0	0.0	2.0	0.0	0.0	0.0	0.0	0.0	0.0	0.0	0.0	47.0	0.0
Bacteria;Actinobacteria;Actinobacteria;Unclassified;Streptosporangiaceae;Nonomuraea;Other	0.0	0.0	0.0	0.0	0.0	0.0	0.0	0.0	0.0	0.0	0.0	0.0	0.0	0.0	0.0	0.0	2.0	0.0	0.0	0.0	0.0	0.0	0.0	0.0	0.0	0.0	0.0	0.0	0.0	0.0	0.0	0.0	0.0	0.0	0.0	0.0	0.0	0.0	0.0	0.0	115.0	0.0	0.0	0.0	0.0	0.0	0.0	0.0	0.0	0.0	0.0	0.0	0.0	0.0	0.0	0.0	0.0	0.0	0.0	0.0	0.0	0.0	0.0	0.0	0.0	0.0	0.0	0.0	0.0	0.0	0.0	0.0	0.0	0.0	0.0	0.0	0.0	0.0	0.0	0.0	0.0	0.0	0.0	0.0	0.0	0.0	0.0	0.0
Bacteria;Actinobacteria;Actinobacteria;Unclassified;Streptosporangiaceae;Thermopolyspora;Other	0.0	0.0	0.0	0.0	0.0	0.0	0.0	0.0	0.0	0.0	0.0	0.0	46.0	0.0	0.0	0.0	1.0	0.0	0.0	0.0	0.0	0.0	0.0	0.0	0.0	0.0	0.0	0.0	0.0	0.0	0.0	0.0	0.0	0.0	0.0	0.0	0.0	0.0	0.0	0.0	117.0	0.0	0.0	0.0	0.0	0.0	0.0	0.0	0.0	0.0	0.0	0.0	0.0	0.0	24.0	0.0	0.0	0.0	0.0	0.0	0.0	0.0	0.0	0.0	0.0	0.0	0.0	1.0	0.0	0.0	0.0	0.0	0.0	0.0	0.0	0.0	0.0	3.0	0.0	0.0	0.0	0.0	0.0	0.0	0.0	0.0	0.0	0.0
Bacteria;Actinobacteria;Actinobacteria;Unclassified;Thermomonosporaceae;Actinocorallia;Actinocorallia_aurantiaca	0.0	0.0	0.0	0.0	0.0	0.0	0.0	0.0	0.0	0.0	0.0	0.0	2.0	0.0	0.0	0.0	0.0	0.0	0.0	0.0	0.0	0.0	0.0	0.0	0.0	0.0	0.0	0.0	0.0	0.0	0.0	0.0	0.0	0.0	0.0	0.0	0.0	0.0	0.0	0.0	0.0	0.0	0.0	0.0	0.0	0.0	0.0	0.0	0.0	0.0	0.0	0.0	0.0	0.0	0.0	0.0	0.0	0.0	0.0	0.0	0.0	0.0	0.0	0.0	0.0	0.0	0.0	0.0	0.0	0.0	0.0	0.0	0.0	0.0	0.0	0.0	0.0	0.0	0.0	0.0	0.0	0.0	0.0	0.0	0.0	0.0	0.0	0.0
Bacteria;Actinobacteria;Actinobacteria;Unclassified;Thermomonosporaceae;Actinomadura;Actinomadura_hallensis	0.0	0.0	0.0	0.0	0.0	0.0	0.0	368.0	0.0	9.0	0.0	5.0	63.0	67.0	0.0	0.0	42.0	0.0	98.0	0.0	0.0	0.0	0.0	0.0	0.0	418.0	0.0	0.0	0.0	0.0	0.0	0.0	0.0	0.0	0.0	0.0	0.0	0.0	0.0	0.0	386.0	0.0	0.0	136.0	0.0	0.0	0.0	0.0	0.0	0.0	0.0	0.0	0.0	180.0	35.0	0.0	0.0	0.0	0.0	0.0	0.0	0.0	0.0	0.0	0.0	2.0	0.0	1.0	38.0	0.0	0.0	2.0	122.0	1.0	83.0	0.0	0.0	183.0	0.0	0.0	1.0	0.0	2646.0	31.0	0.0	0.0	0.0	0.0
Bacteria;Actinobacteria;Actinobacteria;Unclassified;Thermomonosporaceae;Actinomadura;Other	0.0	81.0	3.0	0.0	0.0	0.0	344.0	0.0	0.0	183.0	0.0	1.0	835.0	64.0	0.0	0.0	55.0	1.0	0.0	0.0	0.0	0.0	31.0	49.0	0.0	2359.0	0.0	0.0	0.0	0.0	75.0	0.0	0.0	73.0	0.0	0.0	0.0	0.0	30.0	0.0	1095.0	0.0	0.0	104.0	0.0	0.0	0.0	221.0	0.0	0.0	0.0	0.0	0.0	84.0	318.0	0.0	1.0	1.0	0.0	57.0	0.0	0.0	1.0	0.0	0.0	0.0	0.0	2.0	24.0	0.0	0.0	5.0	0.0	1.0	0.0	0.0	20.0	0.0	0.0	0.0	0.0	0.0	0.0	0.0	0.0	0.0	0.0	0.0
Bacteria;Actinobacteria;Actinobacteria;Unclassified;Thermomonosporaceae;Thermobispora;Other	0.0	0.0	0.0	0.0	0.0	0.0	0.0	0.0	0.0	124.0	0.0	0.0	7.0	0.0	0.0	0.0	0.0	0.0	0.0	0.0	0.0	0.0	0.0	0.0	0.0	0.0	0.0	0.0	0.0	2.0	0.0	0.0	29.0	0.0	0.0	0.0	0.0	0.0	0.0	0.0	28.0	0.0	0.0	0.0	0.0	0.0	0.0	0.0	0.0	0.0	0.0	0.0	0.0	0.0	0.0	0.0	0.0	0.0	0.0	0.0	0.0	0.0	0.0	28.0	0.0	0.0	0.0	0.0	12.0	0.0	0.0	0.0	0.0	1.0	0.0	0.0	0.0	0.0	0.0	0.0	0.0	0.0	86.0	0.0	0.0	0.0	0.0	0.0
Bacteria;Actinobacteria;Actinobacteria;Unclassified;Thermomonosporaceae;Thermobispora;Thermobispora_bispora	0.0	0.0	0.0	0.0	0.0	0.0	0.0	0.0	0.0	0.0	0.0	0.0	6.0	0.0	0.0	0.0	0.0	0.0	0.0	0.0	0.0	0.0	0.0	0.0	0.0	0.0	0.0	0.0	0.0	0.0	0.0	0.0	0.0	0.0	0.0	0.0	0.0	0.0	0.0	0.0	25.0	0.0	0.0	0.0	0.0	0.0	0.0	0.0	0.0	0.0	87.0	0.0	0.0	0.0	0.0	0.0	0.0	0.0	0.0	0.0	0.0	9.0	0.0	0.0	0.0	31.0	0.0	0.0	0.0	82.0	0.0	0.0	0.0	0.0	0.0	0.0	0.0	0.0	0.0	0.0	0.0	0.0	0.0	0.0	0.0	0.0	0.0	0.0
Bacteria;Actinobacteria;Actinobacteria;Unclassified;Thermomonosporaceae;Thermomonospora;Thermomonospora_curvata	0.0	0.0	0.0	0.0	0.0	0.0	0.0	0.0	0.0	0.0	0.0	0.0	0.0	0.0	0.0	0.0	0.0	0.0	0.0	0.0	0.0	0.0	0.0	0.0	0.0	0.0	0.0	0.0	0.0	0.0	0.0	0.0	0.0	0.0	0.0	0.0	0.0	0.0	27.0	0.0	12.0	62.0	0.0	0.0	0.0	0.0	0.0	0.0	0.0	0.0	0.0	0.0	0.0	0.0	0.0	0.0	0.0	0.0	0.0	0.0	0.0	0.0	0.0	0.0	0.0	0.0	0.0	0.0	0.0	0.0	0.0	0.0	0.0	0.0	0.0	0.0	0.0	0.0	0.0	0.0	0.0	0.0	0.0	0.0	0.0	0.0	0.0	0.0
Bacteria;Armatimonadetes;Other;Other;Other;Other;Other	0.0	0.0	0.0	0.0	0.0	0.0	0.0	0.0	0.0	0.0	0.0	0.0	0.0	0.0	0.0	0.0	0.0	0.0	0.0	0.0	0.0	0.0	0.0	2.0	0.0	0.0	0.0	0.0	0.0	0.0	0.0	0.0	0.0	0.0	0.0	0.0	0.0	0.0	0.0	0.0	0.0	0.0	0.0	0.0	0.0	0.0	0.0	0.0	0.0	0.0	0.0	0.0	0.0	0.0	0.0	0.0	0.0	0.0	0.0	0.0	0.0	0.0	0.0	0.0	0.0	0.0	0.0	0.0	0.0	0.0	0.0	0.0	0.0	0.0	0.0	0.0	0.0	0.0	0.0	0.0	0.0	0.0	0.0	0.0	0.0	0.0	0.0	0.0
Bacteria;Bacteroidetes;Bacteroidia;Bacteroidales;Bacteroidaceae;Bacteroides;Bacteroides_barnesiae	0.0	0.0	61.0	0.0	0.0	0.0	0.0	0.0	0.0	0.0	0.0	0.0	0.0	0.0	0.0	0.0	0.0	0.0	0.0	0.0	0.0	0.0	0.0	0.0	0.0	0.0	0.0	0.0	0.0	0.0	0.0	0.0	0.0	0.0	0.0	0.0	0.0	0.0	0.0	0.0	0.0	0.0	0.0	0.0	0.0	0.0	0.0	0.0	0.0	0.0	0.0	0.0	0.0	0.0	0.0	0.0	0.0	0.0	0.0	0.0	0.0	0.0	0.0	0.0	0.0	0.0	0.0	0.0	0.0	0.0	0.0	0.0	0.0	0.0	0.0	0.0	0.0	0.0	0.0	0.0	0.0	0.0	0.0	0.0	0.0	0.0	0.0	0.0
Bacteria;Bacteroidetes;Bacteroidia;Bacteroidales;Bacteroidaceae;Bacteroides;Bacteroides_caccae	0.0	0.0	0.0	18.0	0.0	1.0	226.0	0.0	0.0	0.0	2.0	57.0	0.0	51.0	0.0	0.0	2.0	0.0	0.0	1.0	0.0	0.0	0.0	0.0	0.0	1.0	0.0	0.0	1.0	0.0	4.0	0.0	1.0	0.0	11.0	0.0	3.0	0.0	2.0	0.0	9.0	0.0	20.0	0.0	0.0	0.0	2.0	63.0	0.0	0.0	0.0	0.0	6.0	0.0	0.0	127.0	71.0	4.0	0.0	1.0	0.0	86.0	1.0	25.0	124.0	0.0	32.0	0.0	103.0	1.0	0.0	0.0	2.0	72.0	77.0	0.0	0.0	67.0	0.0	9.0	0.0	0.0	1.0	6.0	0.0	0.0	0.0	0.0
Bacteria;Bacteroidetes;Bacteroidia;Bacteroidales;Bacteroidaceae;Bacteroides;Bacteroides_cellulosilyticus_DSM_14838	0.0	0.0	499.0	131.0	1.0	1643.0	0.0	132.0	0.0	425.0	934.0	361.0	10.0	96.0	0.0	1.0	101.0	322.0	11.0	0.0	0.0	0.0	3.0	68.0	230.0	32.0	0.0	0.0	132.0	222.0	116.0	0.0	27.0	0.0	121.0	0.0	130.0	0.0	3.0	1.0	10.0	64.0	29.0	174.0	4.0	0.0	61.0	185.0	9.0	25.0	320.0	16.0	0.0	159.0	0.0	651.0	169.0	3.0	77.0	387.0	1.0	0.0	0.0	37.0	0.0	0.0	242.0	45.0	411.0	61.0	1.0	91.0	0.0	370.0	0.0	0.0	0.0	0.0	0.0	2.0	7.0	361.0	172.0	325.0	0.0	0.0	233.0	0.0
Bacteria;Bacteroidetes;Bacteroidia;Bacteroidales;Bacteroidaceae;Bacteroides;Bacteroides_coprocola_DSM_17136	97.0	0.0	0.0	0.0	0.0	0.0	0.0	0.0	0.0	0.0	46.0	103.0	5.0	0.0	0.0	250.0	0.0	1.0	0.0	0.0	0.0	0.0	17.0	40.0	0.0	0.0	0.0	0.0	0.0	0.0	0.0	128.0	0.0	171.0	245.0	0.0	4.0	0.0	0.0	0.0	54.0	0.0	31.0	0.0	2.0	0.0	94.0	0.0	0.0	0.0	0.0	0.0	1.0	145.0	88.0	156.0	79.0	0.0	0.0	29.0	0.0	12.0	109.0	160.0	50.0	0.0	0.0	128.0	220.0	0.0	0.0	0.0	145.0	57.0	0.0	1.0	216.0	0.0	0.0	0.0	0.0	0.0	12.0	8.0	0.0	19.0	0.0	0.0
Bacteria;Bacteroidetes;Bacteroidia;Bacteroidales;Bacteroidaceae;Bacteroides;Bacteroides_massiliensis	0.0	82.0	0.0	0.0	0.0	0.0	0.0	0.0	0.0	246.0	0.0	99.0	0.0	4.0	0.0	54.0	17.0	34.0	0.0	0.0	0.0	0.0	2.0	0.0	0.0	1.0	0.0	0.0	111.0	0.0	0.0	0.0	0.0	55.0	44.0	0.0	13.0	0.0	383.0	0.0	32.0	0.0	0.0	51.0	0.0	0.0	67.0	80.0	0.0	0.0	0.0	27.0	0.0	0.0	0.0	0.0	226.0	1.0	4.0	0.0	0.0	0.0	0.0	22.0	0.0	1.0	0.0	0.0	137.0	0.0	0.0	0.0	71.0	120.0	0.0	0.0	9.0	0.0	0.0	0.0	0.0	0.0	0.0	0.0	0.0	0.0	0.0	0.0
Bacteria;Bacteroidetes;Bacteroidia;Bacteroidales;Bacteroidaceae;Bacteroides;Bacteroides_nordii	0.0	0.0	0.0	0.0	0.0	0.0	0.0	29.0	0.0	0.0	0.0	67.0	0.0	5.0	0.0	0.0	0.0	2.0	0.0	0.0	0.0	0.0	0.0	12.0	0.0	0.0	0.0	0.0	0.0	0.0	0.0	0.0	0.0	116.0	18.0	31.0	78.0	96.0	2.0	0.0	46.0	49.0	3.0	0.0	0.0	0.0	0.0	226.0	0.0	0.0	42.0	0.0	0.0	0.0	0.0	0.0	25.0	184.0	0.0	0.0	0.0	61.0	1.0	0.0	0.0	1.0	15.0	0.0	37.0	0.0	0.0	0.0	48.0	0.0	12.0	113.0	0.0	0.0	0.0	42.0	0.0	0.0	0.0	0.0	0.0	0.0	0.0	0.0
Bacteria;Bacteroidetes;Bacteroidia;Bacteroidales;Bacteroidaceae;Bacteroides;Bacteroides_ovatus	0.0	512.0	400.0	7.0	0.0	71.0	6.0	119.0	0.0	43.0	35.0	591.0	109.0	125.0	0.0	0.0	318.0	274.0	178.0	97.0	0.0	0.0	82.0	167.0	104.0	5.0	42.0	151.0	123.0	236.0	3.0	20.0	390.0	163.0	71.0	0.0	120.0	36.0	191.0	155.0	23.0	4.0	408.0	56.0	0.0	0.0	1.0	61.0	360.0	19.0	215.0	138.0	0.0	433.0	0.0	144.0	385.0	21.0	117.0	291.0	629.0	48.0	1.0	287.0	437.0	3.0	280.0	1.0	286.0	66.0	22.0	558.0	250.0	302.0	61.0	0.0	104.0	0.0	3.0	62.0	0.0	0.0	444.0	493.0	0.0	0.0	94.0	0.0
Bacteria;Bacteroidetes;Bacteroidia;Bacteroidales;Bacteroidaceae;Bacteroides;Bacteroides_plebeius	103.0	0.0	0.0	56.0	0.0	0.0	0.0	19.0	0.0	0.0	0.0	406.0	31.0	111.0	0.0	70.0	18.0	24.0	2.0	0.0	0.0	75.0	92.0	24.0	31.0	43.0	0.0	0.0	0.0	0.0	1.0	0.0	0.0	155.0	112.0	0.0	283.0	204.0	98.0	1.0	82.0	0.0	44.0	468.0	98.0	0.0	66.0	1.0	36.0	71.0	231.0	0.0	0.0	18.0	59.0	156.0	635.0	161.0	99.0	0.0	0.0	1.0	104.0	233.0	0.0	0.0	25.0	0.0	792.0	0.0	16.0	0.0	305.0	12.0	14.0	0.0	19.0	0.0	0.0	0.0	7.0	0.0	0.0	56.0	0.0	74.0	81.0	58.0
Bacteria;Bacteroidetes;Bacteroidia;Bacteroidales;Bacteroidaceae;Bacteroides;Bacteroides_stercoris_ATCC_43183	85.0	447.0	533.0	30.0	537.0	0.0	0.0	635.0	0.0	0.0	0.0	139.0	37.0	79.0	3.0	0.0	336.0	1.0	380.0	1.0	858.0	179.0	0.0	120.0	0.0	2.0	0.0	232.0	27.0	701.0	17.0	1.0	192.0	29.0	99.0	121.0	326.0	2.0	35.0	231.0	134.0	555.0	679.0	175.0	659.0	176.0	15.0	0.0	438.0	146.0	90.0	0.0	1.0	52.0	0.0	134.0	76.0	62.0	261.0	0.0	22.0	118.0	16.0	150.0	0.0	7.0	610.0	22.0	108.0	50.0	0.0	77.0	109.0	117.0	44.0	0.0	26.0	7.0	140.0	3.0	153.0	0.0	275.0	116.0	0.0	0.0	340.0	70.0
Bacteria;Bacteroidetes;Bacteroidia;Bacteroidales;Bacteroidaceae;Bacteroides;Bacteroides_thetaiotaomicron	236.0	321.0	24.0	420.0	19.0	503.0	17.0	0.0	0.0	184.0	910.0	1299.0	111.0	568.0	1.0	90.0	444.0	200.0	176.0	133.0	95.0	142.0	107.0	375.0	160.0	33.0	0.0	3.0	158.0	238.0	549.0	3.0	904.0	419.0	176.0	66.0	735.0	838.0	385.0	15.0	152.0	127.0	392.0	146.0	150.0	54.0	136.0	442.0	249.0	346.0	96.0	59.0	45.0	107.0	2.0	728.0	819.0	387.0	423.0	853.0	191.0	873.0	63.0	198.0	0.0	2.0	636.0	163.0	788.0	416.0	184.0	140.0	373.0	573.0	1391.0	295.0	71.0	0.0	18.0	1133.0	11.0	161.0	678.0	366.0	65.0	102.0	104.0	29.0
Bacteria;Bacteroidetes;Bacteroidia;Bacteroidales;Bacteroidaceae;Bacteroides;Bacteroides_uniformis	3.0	163.0	123.0	211.0	333.0	4194.0	67.0	186.0	182.0	423.0	3633.0	1321.0	104.0	334.0	5.0	102.0	291.0	54.0	328.0	530.0	0.0	43.0	664.0	198.0	48.0	87.0	0.0	0.0	151.0	107.0	1212.0	14.0	532.0	426.0	84.0	150.0	499.0	219.0	402.0	1.0	89.0	59.0	424.0	25.0	6.0	0.0	17.0	139.0	194.0	45.0	215.0	8.0	0.0	1.0	58.0	441.0	1360.0	559.0	351.0	175.0	573.0	49.0	279.0	362.0	354.0	10.0	374.0	74.0	941.0	292.0	36.0	157.0	328.0	838.0	52.0	1.0	250.0	89.0	1.0	117.0	370.0	234.0	2.0	118.0	0.0	81.0	162.0	1.0
Bacteria;Bacteroidetes;Bacteroidia;Bacteroidales;Bacteroidaceae;Bacteroides;Bacteroides_vulgatus_ATCC_8482	209.0	803.0	834.0	345.0	15.0	1382.0	624.0	649.0	0.0	438.0	61.0	2800.0	222.0	582.0	21.0	0.0	902.0	1224.0	227.0	630.0	435.0	265.0	150.0	559.0	831.0	168.0	0.0	140.0	220.0	51.0	1698.0	215.0	992.0	603.0	288.0	0.0	980.0	1485.0	449.0	104.0	220.0	69.0	890.0	705.0	37.0	1.0	382.0	633.0	394.0	34.0	804.0	77.0	0.0	26.0	0.0	1298.0	1658.0	449.0	696.0	177.0	591.0	169.0	719.0	493.0	189.0	5.0	940.0	112.0	1331.0	725.0	843.0	461.0	450.0	1071.0	47.0	574.0	579.0	20.0	0.0	363.0	3.0	128.0	122.0	1044.0	0.0	174.0	1188.0	503.0
Bacteria;Bacteroidetes;Bacteroidia;Bacteroidales;Bacteroidaceae;Bacteroides;Bacteroides_zoogleoformans	0.0	0.0	0.0	0.0	0.0	0.0	0.0	0.0	0.0	0.0	0.0	0.0	0.0	0.0	0.0	0.0	0.0	0.0	0.0	0.0	0.0	0.0	0.0	0.0	0.0	0.0	0.0	0.0	0.0	4.0	0.0	0.0	0.0	0.0	0.0	0.0	0.0	0.0	0.0	0.0	0.0	0.0	0.0	0.0	0.0	0.0	0.0	0.0	0.0	0.0	0.0	0.0	0.0	0.0	0.0	0.0	0.0	0.0	0.0	0.0	0.0	0.0	0.0	0.0	0.0	0.0	0.0	0.0	0.0	0.0	0.0	0.0	0.0	0.0	0.0	0.0	0.0	0.0	0.0	0.0	0.0	0.0	0.0	0.0	0.0	0.0	0.0	0.0
Bacteria;Bacteroidetes;Bacteroidia;Bacteroidales;Bacteroidaceae;Bacteroides;Other	517.0	170.0	448.0	299.0	325.0	0.0	300.0	627.0	49.0	62.0	5.0	532.0	88.0	240.0	326.0	6.0	445.0	162.0	689.0	1124.0	59.0	2.0	19.0	91.0	0.0	97.0	601.0	80.0	1.0	644.0	176.0	0.0	101.0	529.0	110.0	38.0	243.0	663.0	156.0	2.0	47.0	31.0	600.0	252.0	0.0	0.0	29.0	24.0	455.0	232.0	243.0	124.0	0.0	88.0	142.0	311.0	316.0	375.0	585.0	60.0	0.0	1447.0	255.0	214.0	0.0	9.0	487.0	0.0	565.0	176.0	0.0	134.0	431.0	678.0	1627.0	0.0	2.0	3.0	155.0	1763.0	416.0	0.0	1129.0	169.0	160.0	302.0	224.0	134.0
Bacteria;Bacteroidetes;Bacteroidia;Bacteroidales;Other;Other;Other	1.0	0.0	1.0	0.0	1.0	10.0	41.0	2.0	0.0	0.0	9.0	17.0	7.0	142.0	1.0	193.0	1.0	0.0	0.0	1.0	0.0	111.0	1.0	2.0	0.0	35.0	0.0	0.0	0.0	0.0	2.0	1.0	0.0	49.0	0.0	0.0	0.0	116.0	2.0	6.0	34.0	0.0	1.0	141.0	0.0	0.0	0.0	0.0	1.0	0.0	0.0	10.0	0.0	0.0	0.0	0.0	15.0	2.0	6.0	0.0	1.0	1.0	0.0	106.0	1.0	1.0	0.0	0.0	3.0	2.0	1.0	0.0	21.0	0.0	68.0	0.0	0.0	5.0	0.0	2.0	0.0	20.0	39.0	0.0	0.0	0.0	2.0	1.0
Bacteria;Bacteroidetes;Bacteroidia;Bacteroidales;Porphyromonadaceae;Barnesiella;Other	0.0	0.0	0.0	9.0	0.0	0.0	0.0	0.0	0.0	0.0	0.0	5.0	0.0	0.0	0.0	0.0	0.0	0.0	0.0	0.0	0.0	0.0	0.0	0.0	0.0	0.0	0.0	0.0	0.0	0.0	0.0	0.0	0.0	0.0	0.0	0.0	0.0	0.0	0.0	0.0	0.0	0.0	0.0	0.0	0.0	0.0	0.0	0.0	0.0	0.0	0.0	0.0	0.0	0.0	0.0	0.0	18.0	0.0	0.0	0.0	0.0	0.0	0.0	0.0	0.0	0.0	0.0	0.0	7.0	0.0	0.0	0.0	0.0	0.0	0.0	0.0	0.0	0.0	0.0	0.0	0.0	0.0	0.0	0.0	0.0	0.0	0.0	0.0
Bacteria;Bacteroidetes;Bacteroidia;Bacteroidales;Porphyromonadaceae;Butyricimonas;Other	0.0	0.0	0.0	0.0	0.0	0.0	0.0	0.0	0.0	0.0	0.0	14.0	0.0	0.0	0.0	0.0	0.0	0.0	0.0	0.0	0.0	0.0	0.0	0.0	0.0	0.0	0.0	0.0	48.0	0.0	0.0	1.0	50.0	5.0	0.0	0.0	0.0	0.0	0.0	0.0	0.0	0.0	0.0	0.0	0.0	0.0	0.0	0.0	0.0	0.0	0.0	0.0	0.0	0.0	0.0	0.0	24.0	0.0	0.0	0.0	1.0	0.0	0.0	0.0	286.0	0.0	0.0	0.0	22.0	0.0	0.0	0.0	0.0	0.0	0.0	0.0	0.0	0.0	0.0	0.0	0.0	0.0	0.0	0.0	0.0	0.0	0.0	2.0
Bacteria;Bacteroidetes;Bacteroidia;Bacteroidales;Porphyromonadaceae;Coprobacter;Other	0.0	0.0	0.0	0.0	0.0	0.0	0.0	0.0	0.0	0.0	0.0	19.0	0.0	0.0	0.0	0.0	0.0	0.0	0.0	0.0	0.0	0.0	0.0	0.0	0.0	0.0	0.0	0.0	0.0	0.0	0.0	0.0	0.0	0.0	11.0	0.0	0.0	0.0	0.0	0.0	0.0	0.0	0.0	0.0	0.0	0.0	0.0	0.0	0.0	0.0	0.0	0.0	0.0	0.0	0.0	0.0	24.0	0.0	0.0	0.0	0.0	0.0	0.0	42.0	0.0	0.0	0.0	0.0	13.0	0.0	0.0	0.0	0.0	0.0	0.0	0.0	0.0	0.0	0.0	0.0	0.0	0.0	0.0	0.0	0.0	0.0	0.0	0.0
Bacteria;Bacteroidetes;Bacteroidia;Bacteroidales;Porphyromonadaceae;Dysgonomonas;Dysgonomonas_mossii	0.0	0.0	0.0	0.0	0.0	0.0	0.0	0.0	0.0	0.0	0.0	0.0	0.0	0.0	0.0	0.0	0.0	0.0	0.0	0.0	0.0	0.0	0.0	0.0	0.0	0.0	0.0	0.0	0.0	0.0	0.0	0.0	0.0	0.0	0.0	0.0	32.0	0.0	0.0	0.0	0.0	0.0	0.0	0.0	1.0	0.0	154.0	0.0	0.0	0.0	0.0	0.0	0.0	0.0	0.0	0.0	0.0	0.0	0.0	0.0	0.0	0.0	0.0	0.0	0.0	0.0	0.0	0.0	0.0	0.0	0.0	0.0	0.0	0.0	0.0	0.0	0.0	0.0	0.0	0.0	0.0	0.0	0.0	0.0	0.0	0.0	0.0	0.0
Bacteria;Bacteroidetes;Bacteroidia;Bacteroidales;Porphyromonadaceae;Odoribacter;Odoribacter_splanchnicus_DSM_220712	0.0	0.0	0.0	0.0	0.0	0.0	0.0	0.0	1.0	0.0	0.0	8.0	7.0	10.0	0.0	0.0	0.0	0.0	0.0	0.0	0.0	0.0	0.0	0.0	0.0	0.0	130.0	0.0	0.0	0.0	0.0	0.0	0.0	0.0	0.0	0.0	0.0	0.0	0.0	0.0	0.0	0.0	0.0	0.0	0.0	0.0	0.0	0.0	0.0	0.0	0.0	0.0	0.0	0.0	0.0	5.0	37.0	0.0	0.0	0.0	0.0	0.0	0.0	0.0	0.0	0.0	0.0	0.0	0.0	0.0	0.0	0.0	0.0	0.0	0.0	0.0	0.0	0.0	0.0	0.0	0.0	0.0	0.0	0.0	0.0	0.0	0.0	0.0
Bacteria;Bacteroidetes;Bacteroidia;Bacteroidales;Porphyromonadaceae;Paludibacter;Bacteroidetes_oral_taxon_274_str._F0058	0.0	0.0	0.0	0.0	0.0	0.0	0.0	0.0	0.0	0.0	0.0	0.0	0.0	0.0	0.0	0.0	0.0	0.0	0.0	0.0	0.0	0.0	0.0	0.0	0.0	0.0	0.0	0.0	0.0	2.0	0.0	0.0	0.0	0.0	0.0	0.0	0.0	0.0	0.0	0.0	0.0	0.0	0.0	0.0	0.0	0.0	0.0	0.0	0.0	0.0	0.0	1.0	0.0	0.0	0.0	0.0	0.0	0.0	0.0	0.0	0.0	0.0	0.0	0.0	0.0	0.0	0.0	0.0	0.0	0.0	0.0	0.0	0.0	0.0	7.0	0.0	0.0	0.0	0.0	0.0	0.0	0.0	0.0	0.0	0.0	0.0	0.0	0.0
Bacteria;Bacteroidetes;Bacteroidia;Bacteroidales;Porphyromonadaceae;Parabacteroides;Other	0.0	0.0	0.0	68.0	0.0	4.0	0.0	0.0	0.0	0.0	98.0	50.0	0.0	0.0	0.0	0.0	0.0	0.0	1.0	0.0	0.0	0.0	0.0	1.0	0.0	4.0	0.0	0.0	0.0	0.0	181.0	0.0	0.0	0.0	80.0	0.0	0.0	0.0	25.0	0.0	14.0	0.0	7.0	0.0	2.0	0.0	370.0	15.0	0.0	0.0	165.0	0.0	0.0	0.0	259.0	324.0	35.0	0.0	41.0	0.0	0.0	44.0	0.0	0.0	0.0	0.0	110.0	0.0	76.0	0.0	0.0	0.0	0.0	0.0	42.0	0.0	0.0	0.0	0.0	23.0	0.0	0.0	0.0	40.0	0.0	0.0	0.0	0.0
Bacteria;Bacteroidetes;Bacteroidia;Bacteroidales;Porphyromonadaceae;Parabacteroides;Parabacteroides_distasonis	194.0	0.0	0.0	120.0	0.0	0.0	0.0	134.0	0.0	36.0	69.0	655.0	7.0	89.0	2.0	1.0	46.0	375.0	9.0	155.0	0.0	252.0	101.0	129.0	0.0	3.0	0.0	0.0	306.0	65.0	292.0	0.0	68.0	176.0	5.0	45.0	94.0	106.0	90.0	19.0	136.0	3.0	74.0	74.0	2.0	0.0	147.0	125.0	21.0	0.0	107.0	25.0	0.0	0.0	55.0	257.0	208.0	276.0	84.0	68.0	40.0	80.0	25.0	255.0	0.0	0.0	0.0	7.0	304.0	111.0	9.0	0.0	90.0	534.0	124.0	0.0	65.0	0.0	0.0	184.0	404.0	0.0	188.0	162.0	0.0	0.0	16.0	0.0
Bacteria;Bacteroidetes;Bacteroidia;Bacteroidales;Porphyromonadaceae;Parabacteroides;Parabacteroides_goldsteinii	0.0	0.0	0.0	0.0	0.0	0.0	0.0	0.0	0.0	0.0	0.0	48.0	0.0	0.0	0.0	0.0	0.0	0.0	0.0	0.0	0.0	0.0	0.0	0.0	0.0	0.0	0.0	0.0	0.0	0.0	0.0	0.0	0.0	0.0	0.0	0.0	0.0	0.0	0.0	0.0	0.0	0.0	0.0	0.0	0.0	0.0	0.0	0.0	0.0	0.0	0.0	0.0	0.0	0.0	0.0	0.0	11.0	0.0	0.0	0.0	0.0	0.0	0.0	0.0	0.0	0.0	0.0	0.0	21.0	0.0	0.0	0.0	0.0	0.0	0.0	0.0	0.0	0.0	0.0	0.0	0.0	0.0	0.0	0.0	0.0	0.0	0.0	0.0
Bacteria;Bacteroidetes;Bacteroidia;Bacteroidales;Porphyromonadaceae;Parabacteroides;Parabacteroides_merdae	0.0	0.0	0.0	8.0	0.0	0.0	10.0	226.0	0.0	28.0	5.0	31.0	11.0	0.0	0.0	0.0	0.0	145.0	17.0	0.0	0.0	31.0	0.0	52.0	0.0	0.0	0.0	0.0	11.0	0.0	47.0	0.0	2.0	21.0	8.0	0.0	0.0	0.0	3.0	3.0	74.0	25.0	0.0	23.0	2.0	0.0	392.0	1.0	0.0	0.0	77.0	0.0	0.0	3.0	0.0	0.0	81.0	202.0	33.0	12.0	0.0	53.0	0.0	78.0	0.0	0.0	49.0	34.0	185.0	58.0	1.0	89.0	95.0	7.0	81.0	0.0	84.0	0.0	0.0	193.0	3.0	169.0	0.0	80.0	3.0	0.0	31.0	0.0
Bacteria;Bacteroidetes;Bacteroidia;Bacteroidales;Porphyromonadaceae;Porphyromonas;Other	0.0	134.0	0.0	0.0	0.0	0.0	0.0	0.0	0.0	0.0	0.0	0.0	0.0	0.0	0.0	0.0	0.0	0.0	0.0	0.0	0.0	0.0	0.0	0.0	0.0	0.0	0.0	0.0	0.0	1.0	0.0	0.0	0.0	0.0	0.0	0.0	0.0	0.0	0.0	0.0	0.0	0.0	0.0	0.0	0.0	0.0	0.0	0.0	0.0	0.0	0.0	0.0	0.0	0.0	9.0	0.0	0.0	0.0	0.0	0.0	0.0	0.0	0.0	0.0	0.0	0.0	0.0	0.0	0.0	0.0	0.0	0.0	0.0	0.0	0.0	0.0	0.0	0.0	0.0	0.0	0.0	0.0	0.0	0.0	0.0	0.0	0.0	0.0
Bacteria;Bacteroidetes;Bacteroidia;Bacteroidales;Porphyromonadaceae;Porphyromonas;Porphyromonas_endodontalis	0.0	0.0	0.0	0.0	0.0	0.0	0.0	0.0	0.0	0.0	0.0	0.0	0.0	0.0	0.0	0.0	0.0	0.0	0.0	0.0	0.0	0.0	0.0	0.0	0.0	0.0	0.0	0.0	0.0	4.0	0.0	0.0	0.0	0.0	0.0	0.0	0.0	0.0	0.0	0.0	0.0	0.0	0.0	0.0	0.0	0.0	0.0	0.0	0.0	0.0	0.0	0.0	0.0	0.0	0.0	0.0	0.0	0.0	0.0	0.0	0.0	0.0	0.0	0.0	0.0	0.0	0.0	0.0	0.0	0.0	0.0	0.0	0.0	0.0	0.0	0.0	0.0	0.0	0.0	0.0	0.0	0.0	0.0	0.0	0.0	0.0	0.0	0.0
Bacteria;Bacteroidetes;Bacteroidia;Bacteroidales;Prevotellaceae;Alloprevotella;Alloprevotella_tannerae	0.0	0.0	0.0	0.0	0.0	0.0	0.0	0.0	0.0	0.0	0.0	26.0	0.0	0.0	476.0	0.0	0.0	0.0	0.0	0.0	0.0	0.0	0.0	0.0	0.0	0.0	0.0	0.0	0.0	14.0	0.0	0.0	0.0	0.0	0.0	0.0	0.0	0.0	0.0	0.0	0.0	0.0	0.0	0.0	0.0	0.0	0.0	0.0	0.0	0.0	0.0	2.0	0.0	0.0	0.0	0.0	0.0	0.0	0.0	0.0	0.0	1.0	0.0	0.0	0.0	0.0	0.0	0.0	0.0	0.0	0.0	0.0	0.0	0.0	0.0	0.0	0.0	0.0	0.0	0.0	0.0	0.0	0.0	0.0	0.0	0.0	0.0	0.0
Bacteria;Bacteroidetes;Bacteroidia;Bacteroidales;Prevotellaceae;Alloprevotella;Other	110.0	0.0	0.0	0.0	0.0	0.0	0.0	336.0	0.0	302.0	0.0	12.0	13.0	60.0	0.0	0.0	0.0	2.0	0.0	1.0	0.0	261.0	459.0	2.0	0.0	263.0	0.0	0.0	0.0	0.0	1.0	1.0	0.0	63.0	0.0	0.0	0.0	0.0	193.0	0.0	324.0	0.0	3.0	73.0	0.0	0.0	0.0	0.0	120.0	0.0	6.0	1.0	0.0	0.0	28.0	36.0	61.0	3.0	0.0	129.0	0.0	3.0	122.0	200.0	0.0	0.0	0.0	0.0	8.0	207.0	0.0	2.0	14.0	96.0	0.0	1.0	362.0	0.0	0.0	65.0	0.0	0.0	0.0	1.0	0.0	607.0	49.0	0.0
Bacteria;Bacteroidetes;Bacteroidia;Bacteroidales;Prevotellaceae;Other;Other	0.0	0.0	0.0	0.0	0.0	0.0	0.0	0.0	0.0	4.0	0.0	6.0	5.0	0.0	0.0	0.0	0.0	0.0	0.0	0.0	0.0	143.0	0.0	3.0	0.0	17.0	0.0	0.0	0.0	0.0	1.0	0.0	0.0	0.0	0.0	0.0	0.0	0.0	0.0	0.0	0.0	0.0	0.0	0.0	0.0	0.0	0.0	56.0	20.0	0.0	0.0	0.0	0.0	0.0	0.0	0.0	15.0	0.0	0.0	0.0	0.0	0.0	0.0	0.0	0.0	0.0	0.0	0.0	24.0	0.0	0.0	0.0	0.0	0.0	0.0	0.0	0.0	0.0	0.0	0.0	0.0	0.0	0.0	0.0	0.0	0.0	0.0	0.0
Bacteria;Bacteroidetes;Bacteroidia;Bacteroidales;Prevotellaceae;Paraprevotella;Other	0.0	0.0	0.0	42.0	0.0	0.0	174.0	0.0	0.0	0.0	0.0	46.0	0.0	46.0	0.0	0.0	11.0	1.0	45.0	0.0	0.0	0.0	0.0	0.0	341.0	38.0	0.0	0.0	0.0	0.0	0.0	0.0	0.0	37.0	0.0	0.0	0.0	0.0	1.0	0.0	34.0	5.0	16.0	0.0	0.0	0.0	0.0	0.0	0.0	0.0	0.0	0.0	0.0	0.0	0.0	0.0	16.0	0.0	0.0	0.0	0.0	0.0	0.0	0.0	0.0	0.0	0.0	0.0	34.0	0.0	0.0	0.0	0.0	0.0	0.0	0.0	52.0	0.0	0.0	0.0	0.0	0.0	0.0	0.0	0.0	0.0	0.0	0.0
Bacteria;Bacteroidetes;Bacteroidia;Bacteroidales;Prevotellaceae;Paraprevotella;Paraprevotella_xylaniphila	0.0	0.0	0.0	0.0	0.0	0.0	0.0	0.0	0.0	0.0	0.0	10.0	0.0	0.0	0.0	0.0	0.0	0.0	0.0	0.0	0.0	0.0	0.0	0.0	0.0	35.0	0.0	0.0	0.0	0.0	0.0	0.0	0.0	0.0	0.0	0.0	0.0	0.0	0.0	0.0	0.0	0.0	0.0	0.0	0.0	0.0	0.0	0.0	0.0	0.0	0.0	0.0	0.0	0.0	0.0	0.0	1.0	0.0	0.0	0.0	0.0	0.0	0.0	19.0	0.0	0.0	0.0	0.0	5.0	0.0	21.0	0.0	40.0	0.0	0.0	0.0	0.0	0.0	0.0	0.0	0.0	0.0	0.0	0.0	0.0	0.0	0.0	0.0
Bacteria;Bacteroidetes;Bacteroidia;Bacteroidales;Prevotellaceae;Prevotella;Other	4111.0	1211.0	2186.0	646.0	722.0	608.0	1921.0	3412.0	785.0	2237.0	137.0	2336.0	683.0	2335.0	9.0	7.0	574.0	3378.0	500.0	632.0	351.0	15170.0	2545.0	2408.0	2754.0	935.0	0.0	346.0	1554.0	496.0	748.0	1067.0	1465.0	4080.0	1334.0	1328.0	2272.0	648.0	4181.0	1462.0	5709.0	682.0	219.0	2588.0	355.0	289.0	2042.0	2324.0	604.0	711.0	748.0	727.0	562.0	1907.0	442.0	339.0	3389.0	2702.0	391.0	2091.0	2049.0	1607.0	2459.0	1831.0	3103.0	176.0	530.0	735.0	6064.0	1216.0	1493.0	1534.0	6021.0	1616.0	6030.0	1165.0	4303.0	931.0	232.0	5116.0	1063.0	1190.0	68.0	2001.0	686.0	1094.0	580.0	577.0
Bacteria;Bacteroidetes;Bacteroidia;Bacteroidales;Prevotellaceae;Prevotella;Prevotella_baroniae	0.0	0.0	0.0	0.0	0.0	0.0	0.0	0.0	0.0	0.0	0.0	2.0	0.0	0.0	0.0	0.0	0.0	0.0	0.0	0.0	0.0	0.0	0.0	0.0	0.0	0.0	0.0	0.0	0.0	0.0	0.0	0.0	0.0	0.0	0.0	0.0	0.0	0.0	0.0	0.0	0.0	0.0	0.0	0.0	0.0	0.0	0.0	0.0	0.0	0.0	0.0	0.0	0.0	0.0	0.0	0.0	0.0	0.0	0.0	0.0	0.0	0.0	0.0	0.0	0.0	0.0	0.0	0.0	0.0	0.0	0.0	0.0	0.0	0.0	0.0	0.0	0.0	0.0	0.0	0.0	0.0	0.0	0.0	0.0	0.0	0.0	0.0	0.0
Bacteria;Bacteroidetes;Bacteroidia;Bacteroidales;Prevotellaceae;Prevotella;Prevotella_buccae	0.0	0.0	0.0	0.0	0.0	0.0	0.0	0.0	0.0	0.0	0.0	13.0	0.0	0.0	0.0	0.0	0.0	0.0	0.0	0.0	0.0	0.0	0.0	0.0	0.0	0.0	0.0	0.0	0.0	0.0	0.0	0.0	0.0	0.0	0.0	0.0	0.0	0.0	0.0	0.0	0.0	0.0	0.0	0.0	0.0	0.0	0.0	0.0	0.0	0.0	0.0	0.0	0.0	0.0	0.0	0.0	7.0	0.0	0.0	0.0	0.0	0.0	0.0	0.0	0.0	0.0	0.0	0.0	11.0	0.0	0.0	0.0	0.0	0.0	0.0	0.0	0.0	0.0	0.0	0.0	0.0	0.0	0.0	0.0	0.0	0.0	0.0	0.0
Bacteria;Bacteroidetes;Bacteroidia;Bacteroidales;Prevotellaceae;Prevotella;Prevotella_multiformis	0.0	0.0	0.0	0.0	0.0	0.0	0.0	0.0	0.0	0.0	0.0	16.0	0.0	0.0	0.0	1.0	0.0	0.0	0.0	0.0	0.0	0.0	0.0	0.0	0.0	0.0	0.0	0.0	0.0	0.0	0.0	0.0	0.0	0.0	0.0	0.0	0.0	0.0	0.0	0.0	0.0	0.0	0.0	0.0	0.0	0.0	0.0	0.0	0.0	0.0	0.0	0.0	0.0	0.0	0.0	0.0	1.0	0.0	0.0	0.0	0.0	0.0	0.0	0.0	0.0	0.0	0.0	0.0	0.0	0.0	0.0	0.0	0.0	0.0	0.0	0.0	0.0	0.0	0.0	0.0	0.0	0.0	0.0	0.0	0.0	0.0	0.0	0.0
Bacteria;Bacteroidetes;Bacteroidia;Bacteroidales;Prevotellaceae;Prevotella;Prevotella_nigrescens	0.0	0.0	0.0	0.0	0.0	0.0	0.0	0.0	0.0	0.0	0.0	0.0	0.0	0.0	0.0	1.0	0.0	0.0	0.0	0.0	0.0	0.0	0.0	0.0	0.0	0.0	0.0	0.0	0.0	9.0	0.0	0.0	0.0	0.0	0.0	0.0	0.0	0.0	0.0	0.0	0.0	0.0	0.0	0.0	0.0	0.0	0.0	0.0	0.0	0.0	0.0	0.0	0.0	0.0	0.0	0.0	0.0	0.0	0.0	0.0	0.0	0.0	0.0	0.0	0.0	0.0	0.0	0.0	0.0	0.0	0.0	0.0	0.0	0.0	0.0	0.0	0.0	0.0	0.0	0.0	0.0	0.0	0.0	0.0	0.0	0.0	0.0	0.0
Bacteria;Bacteroidetes;Bacteroidia;Bacteroidales;Prevotellaceae;Prevotella;Prevotella_oris	0.0	0.0	0.0	0.0	0.0	0.0	0.0	0.0	0.0	0.0	0.0	11.0	0.0	0.0	0.0	1.0	0.0	0.0	0.0	0.0	0.0	0.0	0.0	0.0	0.0	0.0	0.0	0.0	0.0	14.0	0.0	0.0	0.0	0.0	0.0	0.0	0.0	0.0	0.0	0.0	0.0	0.0	0.0	0.0	0.0	0.0	0.0	0.0	0.0	0.0	0.0	0.0	0.0	0.0	0.0	0.0	1.0	0.0	0.0	0.0	0.0	0.0	0.0	0.0	0.0	0.0	0.0	0.0	0.0	0.0	0.0	0.0	0.0	0.0	0.0	0.0	0.0	0.0	0.0	0.0	0.0	0.0	0.0	0.0	0.0	0.0	0.0	0.0
Bacteria;Bacteroidetes;Bacteroidia;Bacteroidales;Prevotellaceae;Prevotella;Prevotella_sp._DJF_LS16	0.0	0.0	0.0	0.0	160.0	0.0	0.0	0.0	0.0	0.0	0.0	0.0	0.0	0.0	0.0	0.0	0.0	0.0	0.0	0.0	0.0	1.0	1.0	0.0	0.0	0.0	0.0	0.0	0.0	0.0	0.0	0.0	0.0	0.0	0.0	0.0	0.0	0.0	0.0	0.0	0.0	0.0	0.0	0.0	0.0	0.0	0.0	0.0	22.0	0.0	0.0	0.0	0.0	0.0	0.0	0.0	0.0	0.0	0.0	0.0	0.0	0.0	0.0	0.0	0.0	0.0	0.0	0.0	0.0	0.0	0.0	0.0	4.0	0.0	0.0	64.0	0.0	3.0	10.0	0.0	0.0	0.0	0.0	0.0	0.0	0.0	0.0	0.0
Bacteria;Bacteroidetes;Bacteroidia;Bacteroidales;Prevotellaceae;Prevotella;Prevotella_sp._canine_oral_taxon_195	0.0	0.0	0.0	0.0	0.0	0.0	0.0	0.0	0.0	0.0	0.0	0.0	0.0	0.0	0.0	0.0	0.0	0.0	0.0	0.0	0.0	0.0	0.0	0.0	0.0	0.0	0.0	0.0	0.0	4.0	0.0	0.0	0.0	0.0	0.0	0.0	0.0	0.0	0.0	0.0	0.0	0.0	0.0	0.0	0.0	0.0	0.0	0.0	0.0	0.0	0.0	0.0	0.0	0.0	0.0	0.0	0.0	0.0	0.0	0.0	0.0	0.0	0.0	0.0	0.0	0.0	0.0	0.0	0.0	0.0	0.0	0.0	0.0	0.0	0.0	0.0	0.0	0.0	0.0	0.0	0.0	0.0	0.0	0.0	0.0	0.0	0.0	0.0
Bacteria;Bacteroidetes;Bacteroidia;Bacteroidales;Prevotellaceae;Prevotella;Prevotella_sp._oral_taxon_299_str._F0039	0.0	0.0	0.0	0.0	0.0	0.0	0.0	0.0	0.0	0.0	0.0	0.0	0.0	0.0	0.0	0.0	0.0	0.0	0.0	0.0	0.0	0.0	0.0	0.0	0.0	0.0	0.0	0.0	0.0	0.0	0.0	0.0	0.0	0.0	0.0	0.0	0.0	0.0	0.0	0.0	0.0	0.0	0.0	0.0	0.0	0.0	0.0	0.0	0.0	0.0	0.0	0.0	0.0	0.0	14.0	0.0	0.0	0.0	0.0	0.0	0.0	0.0	0.0	0.0	0.0	0.0	0.0	0.0	0.0	0.0	0.0	0.0	0.0	0.0	0.0	0.0	0.0	0.0	0.0	0.0	0.0	0.0	0.0	0.0	0.0	0.0	0.0	0.0
Bacteria;Bacteroidetes;Bacteroidia;Bacteroidales;Prevotellaceae;Unclassified;Prevotellaceae_bacterium_DJF_VR15	0.0	0.0	0.0	0.0	0.0	0.0	0.0	0.0	0.0	0.0	0.0	0.0	0.0	0.0	0.0	0.0	0.0	0.0	0.0	0.0	0.0	0.0	0.0	0.0	0.0	0.0	0.0	0.0	0.0	0.0	0.0	0.0	0.0	0.0	0.0	0.0	0.0	0.0	0.0	0.0	0.0	0.0	0.0	0.0	0.0	0.0	0.0	0.0	0.0	0.0	0.0	0.0	0.0	0.0	0.0	0.0	0.0	0.0	0.0	0.0	0.0	0.0	0.0	0.0	0.0	3.0	0.0	0.0	0.0	0.0	0.0	0.0	0.0	0.0	0.0	0.0	0.0	0.0	0.0	0.0	0.0	0.0	0.0	0.0	0.0	0.0	0.0	0.0
Bacteria;Bacteroidetes;Bacteroidia;Bacteroidales;Rikenellaceae;Alistipes;Alistipes_indistinctus_YIT_12060	0.0	0.0	0.0	0.0	0.0	0.0	0.0	0.0	0.0	0.0	0.0	7.0	0.0	49.0	0.0	0.0	23.0	0.0	0.0	0.0	0.0	0.0	0.0	0.0	0.0	1.0	0.0	0.0	0.0	0.0	0.0	0.0	0.0	0.0	0.0	0.0	0.0	0.0	0.0	0.0	2.0	0.0	0.0	0.0	0.0	0.0	0.0	0.0	0.0	0.0	23.0	0.0	0.0	0.0	0.0	0.0	6.0	0.0	0.0	0.0	0.0	6.0	0.0	125.0	0.0	0.0	0.0	0.0	0.0	0.0	0.0	0.0	38.0	0.0	5.0	1.0	48.0	0.0	0.0	0.0	0.0	0.0	0.0	0.0	0.0	0.0	0.0	0.0
Bacteria;Bacteroidetes;Bacteroidia;Bacteroidales;Rikenellaceae;Alistipes;Alistipes_onderdonkii_DSM_19147	0.0	0.0	0.0	0.0	0.0	0.0	0.0	251.0	0.0	0.0	0.0	403.0	7.0	68.0	35.0	1.0	41.0	3.0	0.0	1.0	0.0	0.0	99.0	129.0	26.0	1.0	0.0	0.0	203.0	0.0	28.0	0.0	0.0	248.0	5.0	0.0	362.0	10.0	114.0	3.0	29.0	32.0	5.0	0.0	1.0	0.0	197.0	0.0	0.0	0.0	249.0	0.0	0.0	0.0	0.0	254.0	152.0	55.0	26.0	0.0	0.0	16.0	119.0	0.0	0.0	0.0	87.0	0.0	172.0	57.0	45.0	0.0	211.0	270.0	2.0	0.0	0.0	0.0	0.0	6.0	2.0	0.0	172.0	48.0	0.0	0.0	44.0	0.0
Bacteria;Bacteroidetes;Bacteroidia;Bacteroidales;Rikenellaceae;Alistipes;Alistipes_putredinis_DSM_17216	0.0	0.0	0.0	0.0	0.0	0.0	0.0	0.0	0.0	0.0	0.0	399.0	0.0	0.0	0.0	0.0	18.0	0.0	0.0	0.0	0.0	0.0	13.0	101.0	20.0	0.0	0.0	0.0	0.0	0.0	30.0	157.0	0.0	10.0	46.0	0.0	1.0	0.0	3.0	0.0	0.0	0.0	5.0	20.0	0.0	0.0	0.0	9.0	0.0	0.0	103.0	0.0	0.0	0.0	13.0	102.0	52.0	138.0	0.0	212.0	0.0	0.0	0.0	172.0	0.0	0.0	3.0	0.0	175.0	15.0	0.0	0.0	13.0	0.0	0.0	0.0	31.0	1.0	0.0	0.0	0.0	395.0	0.0	96.0	0.0	0.0	11.0	0.0
Bacteria;Bacteroidetes;Bacteroidia;Bacteroidales;Rikenellaceae;Alistipes;Alistipes_shahii	0.0	0.0	0.0	19.0	0.0	0.0	0.0	0.0	0.0	0.0	0.0	13.0	1.0	0.0	0.0	0.0	0.0	0.0	1.0	0.0	0.0	0.0	0.0	0.0	0.0	0.0	0.0	0.0	0.0	0.0	0.0	0.0	0.0	201.0	0.0	0.0	0.0	0.0	256.0	0.0	44.0	1.0	0.0	0.0	0.0	0.0	103.0	0.0	0.0	0.0	0.0	0.0	0.0	0.0	0.0	0.0	2.0	92.0	0.0	0.0	0.0	32.0	0.0	50.0	0.0	1.0	0.0	0.0	5.0	0.0	0.0	0.0	195.0	0.0	38.0	0.0	34.0	0.0	0.0	0.0	0.0	0.0	0.0	0.0	0.0	0.0	0.0	0.0
Bacteria;Bacteroidetes;Bacteroidia;Bacteroidales;Rikenellaceae;Alistipes;Bacteroidales_bacterium_ph8	0.0	0.0	0.0	0.0	0.0	0.0	0.0	0.0	0.0	0.0	0.0	14.0	0.0	0.0	0.0	0.0	0.0	0.0	0.0	37.0	0.0	0.0	0.0	0.0	0.0	0.0	0.0	3.0	0.0	0.0	0.0	0.0	18.0	0.0	0.0	0.0	0.0	0.0	0.0	0.0	1.0	0.0	18.0	0.0	0.0	0.0	0.0	0.0	0.0	0.0	0.0	0.0	0.0	0.0	0.0	0.0	27.0	0.0	0.0	0.0	0.0	10.0	0.0	0.0	0.0	0.0	0.0	0.0	9.0	0.0	0.0	0.0	0.0	0.0	0.0	0.0	0.0	0.0	0.0	0.0	0.0	0.0	0.0	75.0	0.0	0.0	0.0	0.0
Bacteria;Bacteroidetes;Bacteroidia;Bacteroidales;Rikenellaceae;Alistipes;Other	0.0	0.0	0.0	0.0	0.0	37.0	0.0	0.0	0.0	0.0	0.0	98.0	4.0	0.0	0.0	0.0	0.0	1.0	0.0	0.0	0.0	0.0	1.0	0.0	0.0	1.0	0.0	0.0	0.0	0.0	0.0	0.0	0.0	98.0	0.0	0.0	0.0	59.0	8.0	0.0	0.0	0.0	1.0	0.0	0.0	0.0	0.0	0.0	0.0	0.0	0.0	0.0	0.0	0.0	0.0	0.0	356.0	16.0	95.0	291.0	0.0	0.0	194.0	23.0	0.0	0.0	58.0	0.0	123.0	0.0	0.0	0.0	129.0	43.0	0.0	1.0	320.0	0.0	1.0	0.0	0.0	127.0	0.0	56.0	0.0	0.0	0.0	0.0
Bacteria;Bacteroidetes;Bacteroidia;Bacteroidales;Rikenellaceae;Other;Other	0.0	0.0	0.0	0.0	0.0	0.0	0.0	0.0	0.0	0.0	0.0	0.0	4.0	0.0	0.0	0.0	0.0	0.0	3.0	0.0	0.0	0.0	0.0	0.0	0.0	0.0	0.0	0.0	0.0	0.0	0.0	0.0	0.0	0.0	0.0	0.0	0.0	0.0	0.0	0.0	0.0	0.0	0.0	0.0	0.0	0.0	0.0	0.0	0.0	0.0	0.0	0.0	0.0	0.0	0.0	0.0	0.0	0.0	0.0	0.0	0.0	0.0	0.0	0.0	0.0	0.0	0.0	0.0	0.0	0.0	0.0	0.0	0.0	0.0	0.0	0.0	0.0	0.0	0.0	0.0	0.0	0.0	0.0	0.0	0.0	0.0	0.0	0.0
Bacteria;Bacteroidetes;Bacteroidia;Bacteroidales;Unclassified;Phocaeicola;Other	0.0	0.0	0.0	0.0	0.0	0.0	0.0	0.0	0.0	0.0	0.0	0.0	0.0	4.0	0.0	0.0	0.0	0.0	0.0	0.0	0.0	0.0	0.0	0.0	0.0	0.0	0.0	0.0	0.0	0.0	0.0	0.0	0.0	0.0	0.0	0.0	0.0	0.0	0.0	0.0	0.0	0.0	0.0	0.0	0.0	0.0	0.0	248.0	0.0	0.0	0.0	0.0	0.0	0.0	0.0	0.0	0.0	2.0	0.0	0.0	0.0	0.0	0.0	0.0	0.0	0.0	0.0	0.0	0.0	0.0	0.0	0.0	0.0	0.0	0.0	0.0	0.0	0.0	0.0	0.0	0.0	0.0	0.0	0.0	0.0	0.0	0.0	0.0
Bacteria;Bacteroidetes;Bacteroidia;Bacteroidales;Unclassified;Phocaeicola;Phocaeicola_abscessus	0.0	0.0	0.0	0.0	0.0	0.0	0.0	0.0	0.0	0.0	0.0	0.0	0.0	0.0	29.0	0.0	0.0	0.0	0.0	0.0	0.0	0.0	0.0	0.0	0.0	0.0	0.0	0.0	0.0	0.0	0.0	0.0	0.0	0.0	0.0	0.0	0.0	0.0	0.0	0.0	0.0	0.0	0.0	0.0	0.0	0.0	0.0	0.0	0.0	0.0	0.0	0.0	0.0	0.0	0.0	0.0	1.0	0.0	0.0	0.0	0.0	0.0	0.0	0.0	0.0	0.0	0.0	0.0	0.0	0.0	0.0	0.0	0.0	0.0	0.0	0.0	0.0	0.0	0.0	0.0	0.0	0.0	0.0	0.0	0.0	0.0	0.0	0.0
Bacteria;Bacteroidetes;Bacteroidia;Bacteroidales;Unclassified;Unclassified;unidentified	0.0	0.0	0.0	0.0	0.0	0.0	0.0	0.0	0.0	0.0	0.0	0.0	0.0	0.0	0.0	0.0	0.0	0.0	0.0	0.0	0.0	0.0	0.0	0.0	0.0	0.0	0.0	0.0	0.0	0.0	0.0	0.0	0.0	0.0	21.0	0.0	0.0	0.0	0.0	0.0	0.0	0.0	0.0	0.0	0.0	0.0	0.0	0.0	0.0	0.0	0.0	0.0	0.0	0.0	0.0	0.0	0.0	0.0	0.0	0.0	0.0	0.0	0.0	0.0	0.0	0.0	0.0	0.0	0.0	0.0	0.0	0.0	0.0	0.0	0.0	0.0	0.0	0.0	0.0	0.0	0.0	0.0	0.0	0.0	0.0	0.0	0.0	0.0
Bacteria;Bacteroidetes;Cytophagia;Cytophagales;Cytophagaceae;Adhaeribacter;Other	0.0	0.0	0.0	0.0	0.0	0.0	0.0	0.0	0.0	0.0	0.0	0.0	0.0	0.0	0.0	0.0	0.0	0.0	0.0	0.0	0.0	0.0	0.0	0.0	0.0	0.0	0.0	0.0	0.0	0.0	0.0	0.0	0.0	0.0	0.0	0.0	0.0	0.0	0.0	0.0	0.0	0.0	0.0	0.0	0.0	0.0	0.0	0.0	0.0	0.0	0.0	0.0	0.0	0.0	0.0	0.0	0.0	0.0	0.0	0.0	0.0	0.0	0.0	0.0	0.0	0.0	0.0	0.0	0.0	0.0	0.0	0.0	0.0	0.0	0.0	0.0	0.0	0.0	32.0	0.0	0.0	0.0	0.0	0.0	0.0	0.0	0.0	0.0
Bacteria;Bacteroidetes;Cytophagia;Cytophagales;Cytophagaceae;Chryseolinea;Other	60.0	0.0	0.0	0.0	0.0	0.0	0.0	0.0	0.0	0.0	0.0	0.0	0.0	0.0	0.0	0.0	0.0	0.0	0.0	0.0	0.0	0.0	0.0	0.0	0.0	0.0	0.0	0.0	0.0	0.0	0.0	0.0	0.0	0.0	0.0	0.0	0.0	0.0	0.0	0.0	0.0	0.0	0.0	0.0	0.0	0.0	0.0	0.0	0.0	0.0	0.0	0.0	0.0	0.0	0.0	0.0	0.0	0.0	0.0	0.0	0.0	0.0	0.0	0.0	0.0	0.0	0.0	0.0	0.0	0.0	0.0	0.0	0.0	0.0	0.0	0.0	0.0	0.0	0.0	0.0	0.0	0.0	0.0	0.0	0.0	0.0	0.0	0.0
Bacteria;Bacteroidetes;Cytophagia;Cytophagales;Cytophagaceae;Dyadobacter;Dyadobacter_fermentans_DSM_18053	0.0	0.0	0.0	0.0	0.0	0.0	0.0	0.0	0.0	0.0	0.0	0.0	0.0	0.0	0.0	0.0	0.0	0.0	0.0	0.0	0.0	0.0	0.0	0.0	0.0	0.0	0.0	0.0	0.0	0.0	0.0	0.0	0.0	0.0	0.0	0.0	0.0	0.0	0.0	0.0	0.0	0.0	0.0	0.0	0.0	0.0	0.0	17.0	0.0	0.0	0.0	0.0	0.0	0.0	0.0	0.0	0.0	0.0	0.0	0.0	0.0	0.0	0.0	0.0	0.0	0.0	0.0	0.0	0.0	0.0	0.0	0.0	0.0	0.0	0.0	0.0	0.0	0.0	0.0	0.0	0.0	0.0	0.0	0.0	0.0	0.0	0.0	0.0
Bacteria;Bacteroidetes;Cytophagia;Cytophagales;Cytophagaceae;Emticicia;Other	0.0	0.0	0.0	0.0	0.0	0.0	0.0	0.0	0.0	0.0	0.0	0.0	0.0	0.0	0.0	0.0	0.0	0.0	0.0	0.0	0.0	0.0	0.0	0.0	0.0	0.0	0.0	0.0	0.0	0.0	0.0	0.0	0.0	0.0	0.0	0.0	0.0	0.0	0.0	0.0	0.0	0.0	0.0	0.0	0.0	181.0	0.0	0.0	0.0	0.0	0.0	0.0	0.0	0.0	0.0	0.0	0.0	0.0	0.0	0.0	0.0	0.0	0.0	0.0	0.0	0.0	0.0	0.0	0.0	0.0	0.0	0.0	0.0	0.0	0.0	0.0	0.0	0.0	0.0	0.0	0.0	0.0	0.0	0.0	0.0	0.0	0.0	0.0
Bacteria;Bacteroidetes;Cytophagia;Cytophagales;Cytophagaceae;Flexibacter;Flexibacter_ruber	0.0	0.0	0.0	0.0	0.0	0.0	0.0	0.0	0.0	0.0	0.0	0.0	0.0	0.0	0.0	0.0	0.0	0.0	0.0	0.0	0.0	0.0	0.0	0.0	0.0	0.0	0.0	0.0	350.0	0.0	0.0	0.0	0.0	0.0	0.0	0.0	0.0	0.0	0.0	0.0	0.0	0.0	0.0	0.0	0.0	0.0	0.0	0.0	0.0	0.0	0.0	0.0	0.0	0.0	0.0	0.0	0.0	0.0	0.0	0.0	0.0	0.0	0.0	0.0	0.0	0.0	0.0	0.0	0.0	0.0	0.0	0.0	0.0	0.0	0.0	0.0	0.0	0.0	0.0	0.0	0.0	0.0	0.0	0.0	0.0	0.0	0.0	0.0
Bacteria;Bacteroidetes;Cytophagia;Cytophagales;Cytophagaceae;Hymenobacter;Other	0.0	0.0	0.0	0.0	0.0	0.0	0.0	0.0	0.0	0.0	0.0	0.0	0.0	0.0	0.0	0.0	0.0	0.0	0.0	0.0	0.0	0.0	0.0	0.0	0.0	0.0	0.0	0.0	0.0	0.0	0.0	0.0	0.0	0.0	132.0	0.0	0.0	0.0	0.0	0.0	0.0	0.0	0.0	0.0	0.0	0.0	0.0	0.0	0.0	0.0	0.0	0.0	0.0	0.0	0.0	0.0	0.0	0.0	0.0	0.0	0.0	0.0	0.0	0.0	0.0	0.0	0.0	0.0	0.0	7.0	0.0	0.0	0.0	0.0	0.0	0.0	0.0	0.0	0.0	0.0	0.0	0.0	0.0	0.0	0.0	0.0	0.0	0.0
Bacteria;Bacteroidetes;Cytophagia;Cytophagales;Cytophagaceae;Other;Other	0.0	0.0	0.0	0.0	0.0	18.0	0.0	0.0	0.0	0.0	0.0	0.0	0.0	0.0	0.0	228.0	0.0	0.0	4.0	0.0	0.0	0.0	0.0	0.0	0.0	0.0	0.0	0.0	0.0	0.0	166.0	0.0	0.0	0.0	0.0	0.0	19.0	1.0	0.0	37.0	2.0	0.0	0.0	0.0	0.0	0.0	0.0	0.0	0.0	0.0	0.0	0.0	0.0	0.0	0.0	0.0	0.0	0.0	40.0	0.0	34.0	0.0	0.0	0.0	0.0	0.0	0.0	0.0	0.0	0.0	0.0	0.0	0.0	0.0	5.0	0.0	0.0	0.0	0.0	0.0	0.0	0.0	0.0	0.0	0.0	0.0	0.0	0.0
Bacteria;Bacteroidetes;Cytophagia;Cytophagales;Cytophagaceae;Persicitalea;Other	0.0	0.0	0.0	0.0	0.0	0.0	0.0	0.0	0.0	0.0	0.0	0.0	0.0	0.0	0.0	0.0	0.0	0.0	0.0	0.0	0.0	0.0	0.0	0.0	0.0	0.0	0.0	0.0	0.0	0.0	0.0	0.0	0.0	0.0	0.0	0.0	0.0	0.0	0.0	0.0	0.0	0.0	0.0	0.0	0.0	0.0	0.0	0.0	0.0	0.0	0.0	0.0	0.0	0.0	0.0	0.0	2.0	0.0	0.0	0.0	0.0	0.0	0.0	0.0	0.0	0.0	0.0	0.0	0.0	0.0	0.0	0.0	0.0	0.0	0.0	0.0	0.0	0.0	0.0	0.0	0.0	0.0	0.0	0.0	0.0	0.0	0.0	0.0
Bacteria;Bacteroidetes;Cytophagia;Cytophagales;Cytophagaceae;Spirosoma;Other	0.0	0.0	0.0	0.0	0.0	0.0	0.0	0.0	0.0	0.0	0.0	0.0	0.0	0.0	0.0	0.0	0.0	0.0	0.0	0.0	0.0	0.0	0.0	0.0	0.0	0.0	0.0	0.0	0.0	0.0	0.0	0.0	0.0	0.0	0.0	0.0	0.0	0.0	0.0	0.0	0.0	0.0	0.0	0.0	0.0	0.0	0.0	0.0	0.0	0.0	0.0	0.0	0.0	0.0	0.0	0.0	0.0	0.0	0.0	0.0	0.0	0.0	0.0	0.0	0.0	0.0	0.0	0.0	7.0	0.0	0.0	0.0	90.0	0.0	0.0	0.0	0.0	0.0	0.0	0.0	0.0	0.0	0.0	0.0	0.0	0.0	0.0	0.0
Bacteria;Bacteroidetes;Cytophagia;Cytophagales;Cytophagaceae;Spirosoma;Spirosoma_rigui	0.0	0.0	1.0	0.0	0.0	0.0	120.0	0.0	0.0	0.0	0.0	0.0	0.0	0.0	0.0	0.0	0.0	0.0	0.0	0.0	0.0	0.0	0.0	0.0	0.0	0.0	0.0	0.0	0.0	0.0	0.0	0.0	0.0	0.0	0.0	0.0	0.0	0.0	0.0	0.0	0.0	0.0	37.0	0.0	0.0	0.0	0.0	0.0	0.0	0.0	0.0	0.0	0.0	0.0	0.0	0.0	0.0	0.0	0.0	0.0	0.0	0.0	0.0	0.0	0.0	0.0	0.0	0.0	0.0	0.0	0.0	0.0	0.0	0.0	0.0	0.0	0.0	0.0	0.0	0.0	0.0	0.0	0.0	0.0	0.0	0.0	0.0	0.0
Bacteria;Bacteroidetes;Cytophagia;Cytophagales;Cytophagaceae;Spirosoma;Spirosoma_sp._NBRC_101364	0.0	0.0	0.0	0.0	0.0	0.0	0.0	0.0	0.0	0.0	0.0	0.0	0.0	0.0	0.0	0.0	0.0	0.0	0.0	0.0	0.0	0.0	0.0	0.0	0.0	0.0	0.0	0.0	0.0	0.0	0.0	0.0	0.0	0.0	0.0	0.0	0.0	0.0	0.0	0.0	0.0	0.0	0.0	0.0	0.0	0.0	0.0	0.0	0.0	0.0	0.0	0.0	0.0	0.0	0.0	0.0	0.0	0.0	0.0	0.0	0.0	0.0	0.0	0.0	0.0	0.0	0.0	0.0	0.0	0.0	0.0	0.0	0.0	0.0	0.0	0.0	0.0	0.0	0.0	0.0	0.0	0.0	0.0	0.0	0.0	24.0	0.0	0.0
Bacteria;Bacteroidetes;Cytophagia;Cytophagales;Flammeovirgaceae;Candidatus_Amoebophilus;endosymbiont_of_Acanthamoeba_sp._(Hungarian_isolate)	0.0	0.0	0.0	0.0	0.0	0.0	0.0	0.0	0.0	0.0	0.0	0.0	0.0	0.0	0.0	0.0	0.0	0.0	1.0	0.0	0.0	0.0	0.0	0.0	0.0	0.0	107.0	0.0	0.0	0.0	0.0	0.0	0.0	0.0	0.0	0.0	0.0	0.0	2.0	0.0	0.0	0.0	0.0	0.0	0.0	0.0	0.0	0.0	0.0	0.0	0.0	0.0	0.0	0.0	0.0	0.0	0.0	206.0	0.0	1.0	0.0	0.0	0.0	0.0	0.0	0.0	0.0	0.0	0.0	0.0	86.0	0.0	0.0	0.0	0.0	0.0	0.0	0.0	0.0	0.0	0.0	0.0	0.0	0.0	0.0	0.0	0.0	0.0
Bacteria;Bacteroidetes;Cytophagia;Cytophagales;Other;Other;Other	0.0	0.0	0.0	0.0	0.0	0.0	0.0	0.0	0.0	0.0	0.0	0.0	0.0	0.0	0.0	0.0	0.0	0.0	0.0	0.0	0.0	0.0	0.0	0.0	0.0	0.0	0.0	0.0	0.0	0.0	0.0	0.0	0.0	0.0	0.0	0.0	0.0	0.0	0.0	0.0	0.0	0.0	0.0	0.0	0.0	0.0	0.0	0.0	0.0	0.0	0.0	0.0	0.0	0.0	0.0	0.0	0.0	0.0	0.0	0.0	0.0	10.0	0.0	0.0	0.0	0.0	0.0	0.0	0.0	0.0	0.0	0.0	0.0	0.0	0.0	0.0	0.0	0.0	0.0	0.0	0.0	0.0	0.0	0.0	0.0	0.0	0.0	0.0
Bacteria;Bacteroidetes;Flavobacteriia;Flavobacteriales;Cryomorphaceae;Fluviicola;Other	0.0	0.0	0.0	0.0	0.0	0.0	0.0	0.0	0.0	0.0	0.0	0.0	0.0	0.0	0.0	0.0	0.0	0.0	0.0	0.0	0.0	0.0	0.0	0.0	0.0	0.0	0.0	0.0	0.0	0.0	0.0	0.0	0.0	0.0	0.0	0.0	0.0	0.0	0.0	0.0	0.0	0.0	0.0	0.0	0.0	0.0	0.0	0.0	0.0	0.0	0.0	0.0	0.0	0.0	0.0	0.0	0.0	0.0	0.0	0.0	0.0	0.0	0.0	0.0	0.0	0.0	0.0	0.0	0.0	0.0	0.0	0.0	0.0	0.0	0.0	0.0	0.0	0.0	0.0	0.0	0.0	259.0	0.0	0.0	0.0	0.0	0.0	0.0
Bacteria;Bacteroidetes;Flavobacteriia;Flavobacteriales;Flavobacteriaceae;Algibacter;Other	0.0	0.0	0.0	0.0	0.0	0.0	0.0	0.0	0.0	0.0	0.0	0.0	0.0	0.0	0.0	0.0	0.0	0.0	0.0	0.0	0.0	0.0	0.0	0.0	0.0	0.0	0.0	0.0	0.0	0.0	0.0	0.0	0.0	0.0	0.0	0.0	0.0	0.0	0.0	0.0	0.0	0.0	0.0	0.0	0.0	0.0	0.0	0.0	0.0	0.0	0.0	0.0	0.0	0.0	0.0	0.0	1.0	0.0	0.0	0.0	2.0	0.0	0.0	0.0	185.0	0.0	0.0	0.0	0.0	0.0	0.0	0.0	0.0	0.0	0.0	0.0	0.0	0.0	0.0	0.0	0.0	0.0	0.0	0.0	0.0	0.0	0.0	0.0
Bacteria;Bacteroidetes;Flavobacteriia;Flavobacteriales;Flavobacteriaceae;Bergeyella;Flavobacteriaceae_bacterium_PAGU1467	0.0	0.0	0.0	0.0	0.0	0.0	0.0	0.0	0.0	0.0	0.0	0.0	0.0	0.0	0.0	0.0	0.0	0.0	0.0	0.0	0.0	0.0	0.0	0.0	0.0	0.0	0.0	0.0	0.0	0.0	0.0	0.0	0.0	0.0	0.0	0.0	0.0	0.0	0.0	0.0	8.0	0.0	0.0	0.0	0.0	0.0	0.0	0.0	0.0	0.0	0.0	0.0	0.0	0.0	0.0	0.0	0.0	0.0	0.0	0.0	0.0	0.0	0.0	0.0	0.0	0.0	0.0	0.0	0.0	0.0	0.0	0.0	0.0	0.0	0.0	0.0	0.0	0.0	0.0	0.0	0.0	0.0	0.0	0.0	0.0	0.0	0.0	0.0
Bacteria;Bacteroidetes;Flavobacteriia;Flavobacteriales;Flavobacteriaceae;Capnocytophaga;Capnocytophaga_granulosa	0.0	0.0	0.0	0.0	0.0	0.0	0.0	0.0	0.0	0.0	0.0	0.0	0.0	0.0	0.0	0.0	0.0	0.0	0.0	0.0	0.0	0.0	0.0	0.0	0.0	0.0	0.0	0.0	0.0	4.0	0.0	0.0	0.0	0.0	0.0	0.0	0.0	0.0	0.0	0.0	0.0	0.0	0.0	0.0	0.0	0.0	0.0	0.0	0.0	0.0	0.0	0.0	0.0	0.0	0.0	0.0	0.0	0.0	0.0	0.0	0.0	0.0	0.0	0.0	0.0	0.0	0.0	0.0	0.0	0.0	0.0	0.0	0.0	0.0	0.0	0.0	0.0	0.0	0.0	0.0	0.0	0.0	0.0	0.0	0.0	0.0	0.0	0.0
Bacteria;Bacteroidetes;Flavobacteriia;Flavobacteriales;Flavobacteriaceae;Capnocytophaga;Capnocytophaga_sputigena	0.0	0.0	0.0	0.0	0.0	0.0	0.0	0.0	0.0	0.0	0.0	0.0	0.0	0.0	0.0	0.0	0.0	0.0	0.0	0.0	0.0	0.0	0.0	0.0	0.0	0.0	0.0	0.0	0.0	0.0	0.0	0.0	0.0	0.0	0.0	0.0	0.0	0.0	0.0	0.0	0.0	53.0	0.0	0.0	0.0	0.0	0.0	0.0	0.0	0.0	0.0	0.0	0.0	0.0	0.0	0.0	0.0	0.0	0.0	0.0	0.0	0.0	0.0	0.0	0.0	0.0	0.0	0.0	0.0	0.0	0.0	0.0	103.0	0.0	0.0	0.0	0.0	0.0	0.0	0.0	0.0	0.0	0.0	0.0	0.0	0.0	0.0	0.0
Bacteria;Bacteroidetes;Flavobacteriia;Flavobacteriales;Flavobacteriaceae;Capnocytophaga;Other	0.0	0.0	0.0	0.0	0.0	0.0	0.0	0.0	0.0	0.0	0.0	0.0	0.0	0.0	0.0	0.0	0.0	0.0	0.0	0.0	0.0	0.0	0.0	0.0	0.0	0.0	0.0	0.0	0.0	0.0	0.0	0.0	0.0	0.0	0.0	0.0	0.0	0.0	0.0	0.0	0.0	0.0	5.0	0.0	0.0	0.0	0.0	0.0	0.0	0.0	0.0	1.0	0.0	0.0	0.0	0.0	0.0	0.0	0.0	0.0	0.0	0.0	0.0	0.0	0.0	0.0	35.0	0.0	0.0	0.0	0.0	0.0	0.0	0.0	0.0	0.0	0.0	0.0	0.0	0.0	0.0	0.0	0.0	0.0	0.0	0.0	0.0	0.0
Bacteria;Bacteroidetes;Flavobacteriia;Flavobacteriales;Flavobacteriaceae;Chryseobacterium;Chryseobacterium_anthropi	0.0	265.0	0.0	0.0	176.0	0.0	0.0	0.0	0.0	0.0	0.0	1.0	0.0	0.0	3.0	0.0	3.0	0.0	0.0	0.0	0.0	0.0	0.0	0.0	0.0	0.0	0.0	0.0	0.0	0.0	0.0	0.0	0.0	0.0	0.0	0.0	0.0	0.0	0.0	0.0	19.0	1.0	0.0	0.0	0.0	0.0	153.0	0.0	0.0	0.0	0.0	0.0	0.0	0.0	0.0	0.0	0.0	0.0	0.0	0.0	0.0	0.0	20.0	0.0	0.0	0.0	0.0	23.0	0.0	0.0	0.0	0.0	0.0	0.0	0.0	0.0	0.0	2.0	0.0	0.0	777.0	0.0	0.0	0.0	0.0	0.0	21.0	0.0
Bacteria;Bacteroidetes;Flavobacteriia;Flavobacteriales;Flavobacteriaceae;Chryseobacterium;Chryseobacterium_hominis	0.0	0.0	0.0	0.0	1.0	473.0	120.0	38.0	0.0	0.0	0.0	0.0	0.0	0.0	115.0	0.0	0.0	0.0	0.0	0.0	0.0	0.0	0.0	0.0	0.0	0.0	0.0	0.0	0.0	0.0	0.0	34.0	0.0	0.0	0.0	0.0	0.0	0.0	8.0	0.0	5.0	17.0	0.0	0.0	0.0	0.0	0.0	1.0	0.0	0.0	0.0	0.0	0.0	1.0	77.0	0.0	1.0	1.0	0.0	0.0	173.0	1.0	0.0	0.0	0.0	0.0	0.0	263.0	0.0	33.0	11.0	797.0	135.0	0.0	0.0	0.0	0.0	0.0	0.0	0.0	0.0	0.0	0.0	0.0	0.0	0.0	0.0	0.0
Bacteria;Bacteroidetes;Flavobacteriia;Flavobacteriales;Flavobacteriaceae;Chryseobacterium;Chryseobacterium_taklimakanense	0.0	0.0	0.0	0.0	0.0	0.0	0.0	0.0	0.0	0.0	0.0	0.0	0.0	0.0	0.0	0.0	0.0	0.0	0.0	0.0	0.0	0.0	0.0	6.0	0.0	0.0	0.0	0.0	0.0	0.0	0.0	0.0	0.0	0.0	0.0	0.0	0.0	0.0	0.0	0.0	0.0	0.0	0.0	0.0	0.0	0.0	0.0	0.0	0.0	51.0	0.0	0.0	0.0	0.0	0.0	0.0	0.0	0.0	0.0	0.0	0.0	0.0	0.0	0.0	0.0	0.0	0.0	0.0	0.0	0.0	0.0	0.0	0.0	0.0	0.0	0.0	0.0	0.0	0.0	0.0	0.0	0.0	0.0	0.0	0.0	0.0	0.0	0.0
Bacteria;Bacteroidetes;Flavobacteriia;Flavobacteriales;Flavobacteriaceae;Chryseobacterium;Other	39.0	0.0	0.0	0.0	0.0	0.0	99.0	0.0	0.0	207.0	0.0	0.0	8.0	2.0	0.0	0.0	12.0	2.0	28.0	0.0	0.0	212.0	0.0	1.0	0.0	52.0	0.0	0.0	0.0	0.0	0.0	0.0	0.0	30.0	0.0	0.0	0.0	0.0	28.0	0.0	0.0	0.0	0.0	0.0	25.0	0.0	0.0	58.0	0.0	0.0	0.0	10.0	272.0	0.0	0.0	38.0	0.0	1.0	0.0	0.0	0.0	0.0	0.0	30.0	0.0	689.0	0.0	133.0	0.0	0.0	155.0	0.0	0.0	0.0	0.0	0.0	0.0	0.0	0.0	0.0	0.0	0.0	0.0	0.0	0.0	0.0	0.0	0.0
Bacteria;Bacteroidetes;Flavobacteriia;Flavobacteriales;Flavobacteriaceae;Cloacibacterium;Other	0.0	0.0	0.0	0.0	0.0	0.0	0.0	69.0	0.0	0.0	0.0	0.0	0.0	0.0	0.0	0.0	0.0	110.0	0.0	0.0	0.0	0.0	0.0	0.0	0.0	0.0	0.0	0.0	0.0	0.0	0.0	0.0	0.0	0.0	0.0	0.0	5.0	0.0	0.0	0.0	0.0	0.0	0.0	0.0	0.0	0.0	0.0	0.0	0.0	0.0	0.0	0.0	0.0	0.0	0.0	0.0	0.0	0.0	0.0	0.0	0.0	0.0	0.0	0.0	0.0	0.0	0.0	0.0	0.0	0.0	0.0	0.0	0.0	0.0	0.0	0.0	0.0	0.0	0.0	0.0	1.0	0.0	254.0	0.0	0.0	0.0	10.0	0.0
Bacteria;Bacteroidetes;Flavobacteriia;Flavobacteriales;Flavobacteriaceae;Elizabethkingia;Elizabethkingia_meningoseptica	0.0	173.0	18.0	0.0	0.0	0.0	323.0	0.0	168.0	0.0	40.0	0.0	0.0	0.0	0.0	0.0	0.0	0.0	118.0	0.0	0.0	0.0	0.0	0.0	10.0	101.0	0.0	96.0	0.0	34.0	0.0	0.0	0.0	1.0	0.0	59.0	0.0	0.0	2.0	307.0	0.0	0.0	0.0	0.0	0.0	0.0	0.0	0.0	17.0	0.0	0.0	0.0	0.0	35.0	0.0	0.0	0.0	110.0	1.0	0.0	0.0	0.0	0.0	0.0	0.0	0.0	0.0	0.0	0.0	76.0	228.0	0.0	0.0	0.0	0.0	0.0	0.0	230.0	0.0	0.0	0.0	0.0	0.0	0.0	1012.0	0.0	0.0	24.0
Bacteria;Bacteroidetes;Flavobacteriia;Flavobacteriales;Flavobacteriaceae;Flavobacterium;Flavobacterium_cucumis	0.0	0.0	0.0	0.0	0.0	0.0	0.0	0.0	0.0	80.0	0.0	0.0	0.0	0.0	0.0	0.0	0.0	0.0	0.0	0.0	0.0	0.0	0.0	0.0	0.0	0.0	0.0	0.0	0.0	0.0	0.0	0.0	0.0	0.0	0.0	0.0	0.0	0.0	0.0	0.0	0.0	0.0	5.0	0.0	0.0	0.0	0.0	0.0	0.0	0.0	0.0	0.0	0.0	0.0	0.0	0.0	0.0	0.0	0.0	0.0	0.0	0.0	0.0	0.0	0.0	0.0	0.0	0.0	0.0	0.0	0.0	0.0	0.0	0.0	0.0	0.0	0.0	0.0	0.0	0.0	0.0	0.0	0.0	0.0	0.0	0.0	0.0	0.0
Bacteria;Bacteroidetes;Flavobacteriia;Flavobacteriales;Flavobacteriaceae;Flavobacterium;Flavobacterium_johnsoniae_UW101	0.0	0.0	0.0	0.0	0.0	0.0	0.0	0.0	0.0	0.0	0.0	0.0	0.0	0.0	0.0	0.0	0.0	0.0	0.0	0.0	0.0	0.0	0.0	0.0	0.0	0.0	0.0	0.0	0.0	0.0	0.0	0.0	0.0	0.0	0.0	0.0	0.0	0.0	0.0	0.0	0.0	0.0	0.0	0.0	0.0	0.0	0.0	0.0	0.0	0.0	0.0	0.0	0.0	0.0	0.0	0.0	0.0	0.0	0.0	0.0	0.0	0.0	0.0	0.0	0.0	0.0	0.0	686.0	0.0	0.0	0.0	0.0	0.0	0.0	0.0	0.0	0.0	0.0	0.0	0.0	0.0	0.0	0.0	0.0	0.0	0.0	0.0	0.0
Bacteria;Bacteroidetes;Flavobacteriia;Flavobacteriales;Flavobacteriaceae;Flavobacterium;Flavobacterium_marinum	0.0	0.0	0.0	0.0	0.0	0.0	0.0	0.0	0.0	0.0	0.0	0.0	1.0	0.0	0.0	0.0	0.0	0.0	0.0	0.0	0.0	0.0	0.0	0.0	0.0	0.0	0.0	0.0	0.0	0.0	0.0	0.0	0.0	0.0	0.0	0.0	0.0	0.0	0.0	0.0	76.0	0.0	0.0	0.0	0.0	0.0	0.0	0.0	0.0	0.0	0.0	0.0	0.0	0.0	0.0	0.0	0.0	0.0	0.0	0.0	0.0	0.0	0.0	0.0	0.0	0.0	0.0	0.0	0.0	0.0	0.0	0.0	0.0	0.0	0.0	0.0	0.0	0.0	0.0	0.0	0.0	0.0	0.0	0.0	0.0	0.0	0.0	0.0
Bacteria;Bacteroidetes;Flavobacteriia;Flavobacteriales;Flavobacteriaceae;Flavobacterium;Flavobacterium_psychrolimnae	0.0	0.0	0.0	0.0	0.0	0.0	0.0	0.0	0.0	0.0	0.0	0.0	0.0	0.0	0.0	0.0	0.0	0.0	0.0	0.0	0.0	0.0	0.0	0.0	0.0	0.0	0.0	0.0	0.0	0.0	0.0	0.0	0.0	0.0	0.0	0.0	0.0	0.0	0.0	0.0	1.0	0.0	0.0	0.0	0.0	0.0	0.0	0.0	0.0	20.0	0.0	0.0	0.0	0.0	0.0	0.0	0.0	0.0	0.0	0.0	0.0	0.0	0.0	0.0	0.0	0.0	0.0	10.0	0.0	0.0	0.0	0.0	0.0	0.0	0.0	0.0	0.0	0.0	0.0	0.0	0.0	0.0	0.0	0.0	0.0	0.0	0.0	0.0
Bacteria;Bacteroidetes;Flavobacteriia;Flavobacteriales;Flavobacteriaceae;Flavobacterium;Flavobacterium_sp._HME7859	0.0	0.0	0.0	0.0	0.0	28.0	0.0	0.0	0.0	0.0	0.0	0.0	0.0	0.0	0.0	0.0	0.0	0.0	0.0	0.0	0.0	0.0	0.0	0.0	0.0	0.0	0.0	0.0	0.0	0.0	0.0	0.0	0.0	0.0	0.0	0.0	0.0	0.0	0.0	0.0	0.0	0.0	0.0	0.0	0.0	0.0	0.0	0.0	0.0	0.0	0.0	0.0	0.0	0.0	0.0	0.0	0.0	0.0	0.0	0.0	0.0	0.0	0.0	0.0	0.0	0.0	0.0	0.0	0.0	0.0	0.0	0.0	0.0	0.0	0.0	0.0	0.0	0.0	0.0	0.0	0.0	0.0	0.0	0.0	0.0	0.0	0.0	0.0
Bacteria;Bacteroidetes;Flavobacteriia;Flavobacteriales;Flavobacteriaceae;Flavobacterium;Flavobacterium_sp._HME8678	0.0	0.0	0.0	0.0	0.0	57.0	0.0	0.0	0.0	0.0	0.0	0.0	0.0	0.0	0.0	0.0	13.0	0.0	0.0	0.0	0.0	0.0	0.0	12.0	187.0	54.0	145.0	0.0	0.0	0.0	0.0	0.0	0.0	113.0	0.0	0.0	3.0	0.0	0.0	0.0	0.0	0.0	0.0	0.0	296.0	0.0	0.0	0.0	0.0	0.0	0.0	0.0	0.0	0.0	0.0	0.0	4.0	0.0	0.0	0.0	0.0	0.0	56.0	0.0	0.0	0.0	1.0	0.0	0.0	0.0	0.0	0.0	53.0	0.0	0.0	0.0	0.0	380.0	0.0	0.0	342.0	0.0	0.0	153.0	33.0	0.0	124.0	0.0
Bacteria;Bacteroidetes;Flavobacteriia;Flavobacteriales;Flavobacteriaceae;Flavobacterium;Flavobacterium_ummariense	0.0	0.0	0.0	0.0	0.0	0.0	0.0	0.0	0.0	0.0	0.0	1.0	0.0	0.0	0.0	0.0	0.0	0.0	0.0	0.0	0.0	0.0	6.0	0.0	0.0	0.0	0.0	0.0	0.0	0.0	0.0	0.0	0.0	0.0	0.0	0.0	0.0	0.0	0.0	0.0	0.0	0.0	0.0	0.0	0.0	0.0	0.0	0.0	0.0	0.0	0.0	0.0	0.0	0.0	0.0	0.0	0.0	0.0	0.0	0.0	0.0	0.0	0.0	0.0	0.0	0.0	0.0	0.0	0.0	0.0	0.0	0.0	0.0	0.0	0.0	0.0	0.0	0.0	0.0	0.0	0.0	0.0	0.0	0.0	0.0	0.0	0.0	0.0
Bacteria;Bacteroidetes;Flavobacteriia;Flavobacteriales;Flavobacteriaceae;Flavobacterium;Flexibacter_aurantiacus_subsp._excathedrus	0.0	0.0	0.0	0.0	0.0	0.0	0.0	0.0	0.0	0.0	0.0	0.0	0.0	0.0	0.0	0.0	0.0	0.0	0.0	0.0	0.0	0.0	0.0	0.0	0.0	0.0	0.0	0.0	0.0	0.0	0.0	0.0	0.0	0.0	0.0	0.0	0.0	0.0	0.0	0.0	6.0	0.0	0.0	0.0	0.0	0.0	0.0	0.0	0.0	0.0	0.0	0.0	0.0	0.0	0.0	0.0	0.0	0.0	0.0	0.0	0.0	0.0	0.0	0.0	0.0	0.0	0.0	0.0	0.0	0.0	0.0	0.0	0.0	0.0	0.0	0.0	0.0	0.0	0.0	0.0	0.0	0.0	0.0	0.0	0.0	0.0	0.0	0.0
Bacteria;Bacteroidetes;Flavobacteriia;Flavobacteriales;Flavobacteriaceae;Flavobacterium;Other	0.0	0.0	0.0	0.0	0.0	0.0	0.0	0.0	0.0	0.0	0.0	0.0	2042.0	0.0	0.0	0.0	1.0	0.0	0.0	21.0	0.0	0.0	0.0	64.0	0.0	0.0	0.0	21.0	0.0	1.0	188.0	0.0	36.0	0.0	0.0	31.0	0.0	0.0	0.0	0.0	204.0	153.0	0.0	0.0	0.0	0.0	0.0	0.0	0.0	0.0	0.0	146.0	0.0	0.0	0.0	0.0	0.0	0.0	0.0	0.0	0.0	0.0	0.0	0.0	0.0	0.0	0.0	15.0	0.0	0.0	0.0	0.0	0.0	93.0	0.0	0.0	0.0	0.0	0.0	0.0	0.0	0.0	0.0	3.0	0.0	0.0	0.0	0.0
Bacteria;Bacteroidetes;Flavobacteriia;Flavobacteriales;Flavobacteriaceae;Weeksella;Other	0.0	0.0	0.0	0.0	0.0	0.0	0.0	0.0	0.0	0.0	0.0	0.0	8.0	0.0	0.0	0.0	0.0	0.0	0.0	0.0	0.0	0.0	0.0	0.0	0.0	0.0	0.0	0.0	0.0	0.0	0.0	0.0	0.0	0.0	0.0	0.0	0.0	0.0	0.0	0.0	0.0	0.0	0.0	0.0	0.0	0.0	0.0	0.0	0.0	0.0	0.0	0.0	0.0	0.0	0.0	0.0	0.0	0.0	0.0	0.0	0.0	0.0	0.0	0.0	0.0	0.0	0.0	0.0	0.0	0.0	0.0	0.0	0.0	0.0	0.0	0.0	0.0	0.0	0.0	0.0	0.0	0.0	0.0	0.0	0.0	0.0	0.0	0.0
Bacteria;Bacteroidetes;Sphingobacteriia;Sphingobacteriales;Other;Other;Other	0.0	0.0	0.0	0.0	0.0	0.0	0.0	0.0	0.0	0.0	0.0	0.0	0.0	2.0	0.0	0.0	0.0	0.0	0.0	0.0	0.0	0.0	0.0	0.0	0.0	0.0	0.0	0.0	0.0	0.0	0.0	0.0	0.0	0.0	0.0	0.0	0.0	0.0	0.0	0.0	0.0	0.0	0.0	0.0	0.0	0.0	0.0	137.0	0.0	0.0	0.0	0.0	0.0	0.0	0.0	0.0	0.0	1.0	0.0	0.0	0.0	0.0	0.0	0.0	0.0	0.0	0.0	21.0	0.0	0.0	0.0	0.0	0.0	0.0	0.0	0.0	0.0	0.0	0.0	0.0	0.0	0.0	0.0	0.0	0.0	0.0	4.0	0.0
Bacteria;Bacteroidetes;Sphingobacteriia;Sphingobacteriales;Sphingobacteriaceae;Mucilaginibacter;Other	0.0	0.0	0.0	0.0	0.0	0.0	0.0	0.0	0.0	0.0	0.0	0.0	0.0	0.0	0.0	0.0	0.0	0.0	0.0	0.0	0.0	0.0	0.0	0.0	0.0	0.0	0.0	0.0	0.0	0.0	0.0	0.0	0.0	0.0	0.0	0.0	0.0	0.0	0.0	0.0	0.0	0.0	0.0	0.0	0.0	0.0	0.0	0.0	0.0	0.0	45.0	0.0	0.0	0.0	0.0	0.0	0.0	0.0	0.0	0.0	0.0	0.0	0.0	0.0	0.0	0.0	0.0	0.0	0.0	0.0	0.0	0.0	0.0	0.0	0.0	0.0	0.0	0.0	0.0	0.0	0.0	0.0	0.0	0.0	0.0	0.0	0.0	0.0
Bacteria;Bacteroidetes;Sphingobacteriia;Sphingobacteriales;Sphingobacteriaceae;Nubsella;Other	0.0	0.0	0.0	0.0	0.0	0.0	0.0	0.0	414.0	0.0	0.0	0.0	0.0	0.0	0.0	0.0	0.0	0.0	0.0	0.0	0.0	0.0	0.0	0.0	0.0	0.0	0.0	0.0	0.0	0.0	0.0	0.0	0.0	0.0	0.0	0.0	0.0	0.0	0.0	0.0	2.0	0.0	0.0	0.0	0.0	0.0	0.0	0.0	0.0	0.0	0.0	0.0	0.0	0.0	0.0	0.0	0.0	0.0	0.0	0.0	0.0	0.0	0.0	0.0	0.0	0.0	0.0	50.0	0.0	0.0	0.0	0.0	0.0	0.0	0.0	0.0	3.0	0.0	0.0	0.0	0.0	0.0	0.0	0.0	0.0	0.0	0.0	0.0
Bacteria;Bacteroidetes;Sphingobacteriia;Sphingobacteriales;Sphingobacteriaceae;Olivibacter;Other	0.0	0.0	0.0	0.0	0.0	0.0	0.0	0.0	0.0	0.0	2.0	0.0	19621.0	0.0	0.0	0.0	1.0	0.0	2.0	0.0	0.0	0.0	0.0	0.0	0.0	0.0	0.0	0.0	0.0	100.0	2.0	0.0	0.0	0.0	65.0	0.0	0.0	0.0	255.0	0.0	1031.0	1.0	0.0	161.0	0.0	0.0	0.0	2.0	0.0	11.0	0.0	0.0	0.0	0.0	82.0	1.0	411.0	147.0	0.0	0.0	0.0	0.0	0.0	88.0	0.0	1.0	0.0	91.0	21.0	0.0	0.0	0.0	0.0	0.0	0.0	0.0	0.0	0.0	0.0	0.0	0.0	0.0	0.0	0.0	0.0	0.0	0.0	0.0
Bacteria;Bacteroidetes;Sphingobacteriia;Sphingobacteriales;Sphingobacteriaceae;Olivibacter;Sphingobacterium_sp._21	54.0	198.0	0.0	13.0	0.0	0.0	1.0	24.0	0.0	0.0	0.0	2.0	1936.0	0.0	129.0	0.0	8.0	3.0	1.0	0.0	0.0	11.0	104.0	20.0	0.0	255.0	0.0	0.0	94.0	33.0	0.0	0.0	0.0	277.0	117.0	0.0	0.0	45.0	6.0	0.0	4227.0	0.0	0.0	137.0	0.0	0.0	0.0	0.0	73.0	0.0	0.0	0.0	0.0	212.0	680.0	3.0	23.0	183.0	0.0	0.0	0.0	0.0	1.0	0.0	0.0	429.0	0.0	8.0	31.0	0.0	0.0	1.0	13.0	32.0	5.0	0.0	0.0	0.0	0.0	0.0	0.0	0.0	39.0	179.0	0.0	282.0	0.0	0.0
Bacteria;Bacteroidetes;Sphingobacteriia;Sphingobacteriales;Sphingobacteriaceae;Other;Other	0.0	0.0	0.0	0.0	0.0	0.0	0.0	0.0	0.0	0.0	0.0	0.0	239.0	0.0	0.0	0.0	0.0	0.0	0.0	0.0	0.0	0.0	0.0	0.0	0.0	0.0	0.0	0.0	0.0	0.0	0.0	0.0	0.0	0.0	0.0	0.0	0.0	0.0	0.0	0.0	79.0	0.0	0.0	0.0	0.0	0.0	0.0	0.0	0.0	0.0	0.0	0.0	0.0	0.0	0.0	0.0	0.0	0.0	0.0	0.0	0.0	0.0	0.0	0.0	0.0	0.0	0.0	1.0	0.0	0.0	0.0	0.0	0.0	0.0	0.0	0.0	0.0	0.0	0.0	0.0	0.0	0.0	0.0	0.0	0.0	0.0	0.0	0.0
Bacteria;Bacteroidetes;Sphingobacteriia;Sphingobacteriales;Sphingobacteriaceae;Parapedobacter;Other	104.0	0.0	0.0	0.0	0.0	0.0	0.0	230.0	1.0	196.0	0.0	0.0	3349.0	2.0	0.0	0.0	3.0	0.0	1.0	0.0	0.0	46.0	0.0	0.0	0.0	0.0	460.0	0.0	0.0	0.0	0.0	0.0	0.0	27.0	0.0	0.0	0.0	10.0	3.0	209.0	1263.0	0.0	3.0	0.0	0.0	0.0	0.0	143.0	0.0	0.0	0.0	0.0	0.0	0.0	284.0	32.0	13.0	61.0	0.0	0.0	0.0	0.0	269.0	111.0	0.0	0.0	0.0	23.0	0.0	0.0	332.0	71.0	13.0	0.0	0.0	0.0	0.0	0.0	0.0	0.0	2.0	0.0	0.0	21.0	0.0	0.0	0.0	0.0
Bacteria;Bacteroidetes;Sphingobacteriia;Sphingobacteriales;Sphingobacteriaceae;Pedobacter;Other	0.0	0.0	0.0	0.0	0.0	0.0	0.0	0.0	0.0	0.0	0.0	0.0	0.0	0.0	0.0	0.0	0.0	0.0	0.0	0.0	0.0	0.0	0.0	0.0	0.0	0.0	0.0	0.0	0.0	0.0	0.0	0.0	0.0	0.0	0.0	0.0	0.0	0.0	0.0	0.0	0.0	0.0	0.0	0.0	0.0	0.0	0.0	0.0	0.0	0.0	0.0	0.0	0.0	0.0	0.0	10.0	0.0	0.0	0.0	0.0	0.0	0.0	0.0	0.0	0.0	0.0	0.0	0.0	0.0	0.0	0.0	0.0	0.0	0.0	0.0	0.0	0.0	0.0	0.0	0.0	0.0	0.0	0.0	0.0	0.0	0.0	0.0	0.0
Bacteria;Bacteroidetes;Sphingobacteriia;Sphingobacteriales;Sphingobacteriaceae;Pedobacter;Pedobacter_heparinus_DSM_2366	0.0	0.0	0.0	0.0	0.0	0.0	0.0	0.0	0.0	0.0	0.0	0.0	0.0	0.0	0.0	0.0	0.0	0.0	0.0	0.0	0.0	0.0	0.0	0.0	0.0	0.0	0.0	0.0	0.0	0.0	0.0	0.0	0.0	0.0	0.0	0.0	0.0	0.0	0.0	0.0	0.0	0.0	2.0	0.0	0.0	0.0	0.0	0.0	0.0	0.0	0.0	0.0	0.0	0.0	0.0	0.0	0.0	0.0	0.0	0.0	0.0	0.0	96.0	0.0	0.0	0.0	0.0	0.0	0.0	0.0	0.0	0.0	0.0	0.0	0.0	0.0	0.0	0.0	0.0	0.0	0.0	0.0	0.0	0.0	0.0	0.0	0.0	0.0
Bacteria;Bacteroidetes;Sphingobacteriia;Sphingobacteriales;Sphingobacteriaceae;Sphingobacterium;Other	0.0	0.0	0.0	0.0	0.0	0.0	0.0	0.0	0.0	0.0	0.0	0.0	0.0	0.0	0.0	0.0	0.0	0.0	0.0	0.0	0.0	0.0	0.0	0.0	0.0	0.0	0.0	0.0	0.0	0.0	0.0	0.0	0.0	12.0	0.0	0.0	0.0	0.0	0.0	0.0	0.0	0.0	0.0	0.0	0.0	0.0	0.0	0.0	0.0	0.0	0.0	0.0	0.0	0.0	0.0	0.0	0.0	0.0	0.0	0.0	0.0	0.0	0.0	0.0	0.0	0.0	0.0	81.0	0.0	0.0	0.0	0.0	0.0	0.0	0.0	0.0	0.0	0.0	0.0	0.0	0.0	95.0	0.0	0.0	0.0	0.0	0.0	0.0
Bacteria;Bacteroidetes;Sphingobacteriia;Sphingobacteriales;Sphingobacteriaceae;Sphingobacterium;Sphingobacterium_composti_Yoo_et_al._2007	0.0	0.0	0.0	0.0	0.0	0.0	0.0	185.0	0.0	127.0	0.0	0.0	5513.0	0.0	0.0	0.0	4.0	0.0	8.0	0.0	0.0	0.0	2.0	0.0	0.0	36.0	0.0	0.0	0.0	0.0	0.0	0.0	0.0	0.0	0.0	0.0	0.0	0.0	0.0	0.0	2681.0	0.0	0.0	0.0	0.0	0.0	0.0	0.0	0.0	82.0	0.0	0.0	0.0	1.0	288.0	0.0	9.0	25.0	0.0	0.0	0.0	0.0	0.0	0.0	0.0	0.0	0.0	29.0	1.0	0.0	0.0	0.0	0.0	0.0	0.0	0.0	0.0	0.0	0.0	0.0	0.0	62.0	4.0	0.0	0.0	0.0	0.0	192.0
Bacteria;Bacteroidetes;Sphingobacteriia;Sphingobacteriales;Sphingobacteriaceae;Sphingobacterium;Sphingobacterium_faecium	0.0	0.0	0.0	0.0	0.0	0.0	0.0	0.0	0.0	0.0	0.0	0.0	0.0	0.0	0.0	0.0	0.0	0.0	0.0	0.0	0.0	0.0	0.0	57.0	0.0	0.0	0.0	0.0	0.0	0.0	0.0	0.0	0.0	0.0	0.0	0.0	0.0	0.0	0.0	0.0	0.0	0.0	0.0	0.0	0.0	0.0	0.0	0.0	0.0	0.0	0.0	0.0	0.0	0.0	0.0	0.0	0.0	0.0	0.0	0.0	0.0	0.0	0.0	0.0	0.0	0.0	0.0	0.0	0.0	0.0	0.0	0.0	0.0	0.0	0.0	0.0	0.0	0.0	0.0	0.0	0.0	0.0	0.0	0.0	0.0	0.0	0.0	0.0
Bacteria;Bacteroidetes;Sphingobacteriia;Sphingobacteriales;Sphingobacteriaceae;Sphingobacterium;Sphingobacterium_multivorum	0.0	0.0	0.0	0.0	0.0	0.0	0.0	0.0	0.0	0.0	0.0	0.0	0.0	0.0	0.0	0.0	0.0	0.0	0.0	0.0	0.0	0.0	0.0	0.0	0.0	0.0	0.0	0.0	0.0	0.0	0.0	245.0	0.0	0.0	0.0	0.0	0.0	0.0	0.0	0.0	0.0	0.0	0.0	0.0	0.0	0.0	0.0	0.0	0.0	0.0	0.0	0.0	0.0	2.0	0.0	0.0	0.0	0.0	0.0	0.0	0.0	0.0	0.0	0.0	0.0	0.0	0.0	20.0	0.0	0.0	0.0	0.0	0.0	0.0	0.0	0.0	0.0	0.0	0.0	0.0	0.0	0.0	0.0	0.0	0.0	0.0	0.0	0.0
Bacteria;Bacteroidetes;Sphingobacteriia;Sphingobacteriales;Sphingobacteriaceae;Sphingobacterium;Sphingobacterium_thalpophilum	0.0	0.0	0.0	0.0	0.0	0.0	0.0	0.0	0.0	0.0	0.0	0.0	378.0	0.0	0.0	0.0	0.0	0.0	0.0	0.0	0.0	0.0	0.0	0.0	0.0	0.0	0.0	0.0	0.0	0.0	0.0	0.0	0.0	0.0	0.0	0.0	0.0	0.0	0.0	0.0	3.0	0.0	0.0	0.0	0.0	0.0	0.0	0.0	0.0	0.0	0.0	0.0	0.0	0.0	0.0	0.0	0.0	0.0	0.0	0.0	0.0	0.0	0.0	0.0	0.0	0.0	0.0	3.0	0.0	0.0	0.0	0.0	0.0	0.0	0.0	0.0	0.0	0.0	0.0	0.0	0.0	0.0	0.0	0.0	0.0	0.0	0.0	0.0
Bacteria;Bacteroidetes;Sphingobacteriia;Sphingobacteriales;Unclassified;Ferruginibacter;Other	0.0	0.0	0.0	0.0	0.0	0.0	0.0	0.0	0.0	0.0	0.0	0.0	0.0	0.0	0.0	0.0	0.0	0.0	0.0	0.0	0.0	0.0	0.0	89.0	0.0	0.0	0.0	0.0	0.0	52.0	0.0	0.0	0.0	0.0	0.0	0.0	0.0	0.0	0.0	0.0	0.0	0.0	0.0	0.0	0.0	0.0	0.0	0.0	0.0	0.0	0.0	0.0	0.0	0.0	0.0	0.0	0.0	0.0	0.0	0.0	0.0	0.0	0.0	0.0	0.0	0.0	0.0	0.0	0.0	0.0	0.0	0.0	0.0	0.0	0.0	0.0	0.0	0.0	0.0	0.0	0.0	0.0	0.0	0.0	0.0	0.0	0.0	0.0
Bacteria;Bacteroidetes;Sphingobacteriia;Sphingobacteriales;Unclassified;Hydrotalea;Other	104.0	0.0	0.0	77.0	16.0	0.0	101.0	0.0	59.0	30.0	65.0	0.0	2.0	0.0	507.0	330.0	3.0	0.0	1.0	259.0	0.0	0.0	0.0	0.0	59.0	62.0	0.0	0.0	107.0	150.0	474.0	61.0	0.0	0.0	9.0	0.0	0.0	212.0	0.0	141.0	3.0	41.0	0.0	43.0	0.0	0.0	231.0	2.0	61.0	0.0	0.0	37.0	534.0	0.0	0.0	0.0	0.0	128.0	11.0	390.0	0.0	4.0	114.0	2.0	1.0	186.0	2.0	0.0	0.0	198.0	24.0	133.0	0.0	0.0	61.0	0.0	0.0	0.0	319.0	0.0	49.0	0.0	252.0	128.0	0.0	173.0	0.0	0.0
Bacteria;Bacteroidetes;Sphingobacteriia;Sphingobacteriales;Unclassified;Hydrotalea;Sediminibacterium_sp._MIC4028	0.0	0.0	0.0	0.0	0.0	0.0	0.0	0.0	0.0	0.0	0.0	0.0	0.0	0.0	0.0	0.0	1.0	0.0	0.0	0.0	0.0	0.0	0.0	0.0	0.0	0.0	0.0	0.0	0.0	0.0	0.0	0.0	0.0	0.0	0.0	0.0	0.0	0.0	0.0	0.0	0.0	0.0	0.0	0.0	0.0	0.0	0.0	0.0	0.0	0.0	0.0	0.0	0.0	0.0	0.0	0.0	0.0	0.0	0.0	0.0	0.0	0.0	0.0	0.0	0.0	0.0	0.0	0.0	0.0	0.0	0.0	0.0	0.0	0.0	0.0	0.0	0.0	0.0	0.0	0.0	0.0	0.0	12.0	0.0	0.0	0.0	0.0	0.0
Bacteria;Bacteroidetes;Sphingobacteriia;Sphingobacteriales;Unclassified;Lacibacter;Other	0.0	0.0	0.0	0.0	0.0	0.0	0.0	0.0	0.0	0.0	0.0	0.0	0.0	0.0	0.0	0.0	0.0	0.0	0.0	0.0	0.0	0.0	0.0	34.0	0.0	0.0	0.0	0.0	0.0	0.0	0.0	0.0	0.0	0.0	0.0	0.0	0.0	0.0	0.0	0.0	0.0	0.0	0.0	0.0	0.0	0.0	0.0	0.0	0.0	0.0	0.0	0.0	0.0	0.0	0.0	0.0	0.0	0.0	0.0	0.0	0.0	0.0	0.0	0.0	0.0	0.0	0.0	0.0	0.0	0.0	0.0	0.0	0.0	0.0	0.0	0.0	0.0	0.0	0.0	0.0	0.0	0.0	0.0	0.0	0.0	0.0	0.0	0.0
Bacteria;Bacteroidetes;Sphingobacteriia;Sphingobacteriales;Unclassified;Niabella;Other	0.0	0.0	0.0	0.0	0.0	0.0	0.0	0.0	0.0	0.0	0.0	0.0	0.0	0.0	0.0	0.0	0.0	0.0	0.0	0.0	0.0	0.0	0.0	0.0	0.0	0.0	0.0	0.0	0.0	0.0	0.0	0.0	0.0	0.0	0.0	0.0	0.0	0.0	0.0	0.0	2.0	0.0	0.0	0.0	0.0	0.0	0.0	0.0	0.0	0.0	0.0	0.0	0.0	0.0	0.0	0.0	0.0	0.0	0.0	0.0	0.0	0.0	0.0	0.0	0.0	0.0	0.0	0.0	0.0	0.0	0.0	0.0	0.0	0.0	0.0	0.0	0.0	0.0	495.0	0.0	0.0	0.0	0.0	0.0	0.0	0.0	0.0	0.0
Bacteria;Bacteroidetes;Sphingobacteriia;Sphingobacteriales;Unclassified;Sediminibacterium;Bacteroidetes_bacterium_L2-109	0.0	0.0	0.0	7.0	0.0	0.0	0.0	0.0	0.0	0.0	0.0	0.0	0.0	0.0	0.0	0.0	0.0	0.0	0.0	0.0	0.0	0.0	0.0	0.0	0.0	0.0	0.0	0.0	0.0	0.0	0.0	0.0	0.0	0.0	0.0	0.0	0.0	0.0	0.0	0.0	0.0	0.0	0.0	0.0	0.0	0.0	0.0	0.0	0.0	0.0	0.0	0.0	0.0	0.0	0.0	0.0	0.0	0.0	0.0	0.0	0.0	0.0	0.0	0.0	0.0	0.0	0.0	0.0	0.0	0.0	0.0	0.0	0.0	0.0	0.0	0.0	0.0	0.0	0.0	0.0	0.0	0.0	0.0	0.0	0.0	0.0	0.0	0.0
Bacteria;Bacteroidetes;Sphingobacteriia;Sphingobacteriales;Unclassified;Sediminibacterium;Other	0.0	85.0	1.0	103.0	0.0	5.0	41.0	0.0	5.0	381.0	40.0	2.0	12.0	0.0	0.0	0.0	0.0	296.0	0.0	110.0	0.0	71.0	71.0	18.0	274.0	69.0	202.0	17.0	0.0	1.0	0.0	0.0	0.0	5.0	0.0	266.0	93.0	207.0	32.0	96.0	0.0	0.0	0.0	269.0	241.0	127.0	0.0	35.0	48.0	1.0	0.0	287.0	228.0	161.0	0.0	2.0	1.0	70.0	2.0	685.0	0.0	0.0	0.0	3.0	0.0	0.0	21.0	0.0	0.0	1.0	95.0	101.0	0.0	25.0	45.0	2.0	168.0	179.0	429.0	0.0	52.0	139.0	102.0	148.0	0.0	36.0	198.0	0.0
Bacteria;Bacteroidetes;Sphingobacteriia;Sphingobacteriales;Unclassified;Taibaiella;Other	0.0	0.0	0.0	0.0	0.0	0.0	0.0	0.0	0.0	0.0	0.0	0.0	0.0	0.0	0.0	0.0	0.0	0.0	0.0	0.0	0.0	0.0	0.0	0.0	0.0	0.0	0.0	0.0	0.0	0.0	0.0	0.0	0.0	0.0	0.0	0.0	0.0	0.0	0.0	0.0	0.0	0.0	0.0	0.0	0.0	0.0	0.0	0.0	0.0	0.0	0.0	0.0	0.0	0.0	0.0	0.0	0.0	0.0	0.0	1.0	0.0	0.0	0.0	0.0	0.0	0.0	0.0	0.0	0.0	0.0	0.0	0.0	0.0	0.0	0.0	116.0	0.0	0.0	0.0	0.0	0.0	0.0	0.0	0.0	0.0	0.0	0.0	0.0
Bacteria;Bacteroidetes;Sphingobacteriia;Sphingobacteriales;Unclassified;Unclassified;Niastella_sp._HME8655	0.0	0.0	0.0	0.0	0.0	0.0	0.0	0.0	0.0	0.0	0.0	0.0	0.0	0.0	0.0	0.0	0.0	0.0	0.0	0.0	0.0	0.0	0.0	0.0	0.0	0.0	0.0	0.0	0.0	0.0	0.0	0.0	0.0	0.0	0.0	0.0	0.0	0.0	0.0	0.0	0.0	0.0	0.0	0.0	0.0	0.0	0.0	0.0	0.0	0.0	0.0	0.0	0.0	0.0	18.0	0.0	0.0	0.0	0.0	0.0	0.0	0.0	0.0	0.0	0.0	0.0	0.0	0.0	0.0	0.0	0.0	0.0	25.0	0.0	0.0	0.0	0.0	0.0	0.0	0.0	0.0	0.0	0.0	0.0	0.0	0.0	0.0	0.0
Bacteria;Bacteroidetes;Sphingobacteriia;Sphingobacteriales;Unclassified;Unclassified;Tuber_borchii_symbiont_b-17BO	0.0	0.0	0.0	53.0	0.0	0.0	0.0	0.0	0.0	447.0	0.0	0.0	0.0	0.0	0.0	0.0	0.0	0.0	0.0	0.0	0.0	0.0	0.0	24.0	1.0	0.0	0.0	0.0	0.0	0.0	0.0	0.0	0.0	0.0	19.0	0.0	0.0	0.0	1.0	0.0	0.0	84.0	0.0	0.0	0.0	0.0	0.0	0.0	0.0	0.0	0.0	0.0	0.0	0.0	0.0	0.0	0.0	29.0	0.0	0.0	0.0	0.0	0.0	0.0	0.0	33.0	0.0	0.0	0.0	0.0	0.0	0.0	0.0	0.0	0.0	0.0	0.0	0.0	0.0	0.0	0.0	0.0	0.0	0.0	116.0	0.0	0.0	0.0
Bacteria;Chlamydiae;Unclassified;Chlamydiales;Other;Other;Other	0.0	0.0	0.0	0.0	0.0	0.0	0.0	0.0	0.0	2.0	0.0	0.0	0.0	0.0	0.0	0.0	0.0	0.0	0.0	0.0	0.0	0.0	0.0	67.0	0.0	0.0	0.0	0.0	0.0	0.0	0.0	0.0	0.0	0.0	0.0	0.0	0.0	0.0	0.0	0.0	0.0	0.0	0.0	0.0	0.0	0.0	0.0	0.0	0.0	0.0	19.0	0.0	0.0	0.0	0.0	0.0	0.0	52.0	0.0	0.0	0.0	2.0	0.0	0.0	0.0	0.0	0.0	0.0	0.0	0.0	0.0	0.0	0.0	0.0	0.0	0.0	0.0	0.0	0.0	0.0	0.0	0.0	0.0	0.0	0.0	0.0	35.0	0.0
Bacteria;Chlamydiae;Unclassified;Chlamydiales;Parachlamydiaceae;Candidatus_Protochlamydia;Other	0.0	0.0	0.0	0.0	0.0	0.0	0.0	0.0	0.0	0.0	0.0	0.0	0.0	0.0	0.0	0.0	0.0	0.0	0.0	0.0	0.0	0.0	0.0	0.0	0.0	0.0	0.0	0.0	0.0	0.0	0.0	0.0	0.0	0.0	0.0	0.0	0.0	0.0	1.0	0.0	0.0	0.0	0.0	0.0	0.0	0.0	0.0	0.0	0.0	0.0	0.0	0.0	0.0	0.0	0.0	0.0	0.0	15.0	0.0	0.0	0.0	0.0	0.0	0.0	0.0	0.0	29.0	0.0	0.0	0.0	0.0	0.0	0.0	0.0	0.0	0.0	0.0	0.0	0.0	0.0	0.0	0.0	0.0	0.0	0.0	0.0	0.0	0.0
Bacteria;Chlamydiae;Unclassified;Chlamydiales;Parachlamydiaceae;Candidatus_Protochlamydia;Parachlamydia_sp._C2	0.0	0.0	0.0	0.0	0.0	0.0	0.0	0.0	0.0	0.0	0.0	0.0	0.0	0.0	0.0	0.0	0.0	0.0	0.0	8.0	0.0	0.0	0.0	0.0	0.0	0.0	0.0	0.0	0.0	0.0	0.0	0.0	0.0	0.0	0.0	0.0	0.0	0.0	0.0	0.0	0.0	0.0	0.0	0.0	0.0	0.0	0.0	0.0	0.0	0.0	0.0	0.0	0.0	0.0	0.0	0.0	0.0	0.0	0.0	0.0	0.0	0.0	0.0	0.0	0.0	0.0	0.0	0.0	0.0	0.0	0.0	0.0	0.0	0.0	0.0	0.0	0.0	0.0	0.0	0.0	0.0	0.0	0.0	0.0	0.0	0.0	0.0	0.0
Bacteria;Chlamydiae;Unclassified;Chlamydiales;Parachlamydiaceae;Neochlamydia;Other	0.0	0.0	0.0	0.0	0.0	0.0	0.0	0.0	0.0	0.0	0.0	0.0	0.0	0.0	0.0	0.0	0.0	0.0	0.0	0.0	0.0	0.0	0.0	0.0	0.0	0.0	0.0	0.0	0.0	0.0	0.0	0.0	0.0	0.0	0.0	0.0	0.0	0.0	0.0	0.0	0.0	0.0	0.0	0.0	0.0	0.0	0.0	0.0	0.0	0.0	0.0	0.0	0.0	0.0	0.0	0.0	0.0	0.0	0.0	0.0	0.0	0.0	0.0	0.0	0.0	0.0	0.0	6.0	0.0	0.0	0.0	0.0	0.0	0.0	0.0	0.0	0.0	0.0	0.0	0.0	0.0	0.0	0.0	0.0	0.0	0.0	0.0	0.0
Bacteria;Chlamydiae;Unclassified;Chlamydiales;Simkaniaceae;Candidatus_Rhabdochlamydia;Other	0.0	0.0	0.0	0.0	0.0	0.0	19.0	0.0	0.0	0.0	0.0	0.0	0.0	0.0	0.0	0.0	0.0	0.0	0.0	0.0	0.0	0.0	0.0	0.0	0.0	0.0	0.0	0.0	0.0	10.0	0.0	0.0	0.0	0.0	0.0	0.0	0.0	0.0	0.0	0.0	0.0	0.0	0.0	0.0	0.0	0.0	0.0	0.0	0.0	0.0	0.0	0.0	0.0	0.0	0.0	0.0	0.0	0.0	0.0	0.0	0.0	0.0	0.0	0.0	0.0	0.0	0.0	0.0	0.0	0.0	0.0	0.0	0.0	0.0	0.0	0.0	0.0	0.0	0.0	0.0	0.0	0.0	0.0	0.0	0.0	0.0	34.0	0.0
Bacteria;Chlorobi;Chlorobia;Chlorobiales;Other;Other;Other	0.0	0.0	0.0	0.0	0.0	0.0	0.0	0.0	0.0	0.0	0.0	0.0	0.0	0.0	0.0	0.0	0.0	0.0	0.0	0.0	0.0	0.0	0.0	0.0	0.0	0.0	0.0	0.0	0.0	0.0	0.0	0.0	0.0	0.0	0.0	0.0	0.0	0.0	0.0	0.0	0.0	0.0	0.0	0.0	0.0	0.0	0.0	0.0	0.0	0.0	0.0	0.0	0.0	0.0	0.0	0.0	0.0	0.0	0.0	225.0	0.0	0.0	0.0	2.0	0.0	0.0	0.0	0.0	0.0	0.0	0.0	0.0	0.0	0.0	0.0	0.0	0.0	0.0	0.0	0.0	0.0	0.0	0.0	0.0	0.0	0.0	0.0	0.0
Bacteria;Chlorobi;Other;Other;Other;Other;Other	0.0	0.0	0.0	0.0	0.0	0.0	0.0	0.0	0.0	0.0	0.0	0.0	0.0	200.0	0.0	0.0	0.0	0.0	0.0	0.0	0.0	0.0	0.0	0.0	0.0	0.0	0.0	0.0	0.0	0.0	0.0	0.0	0.0	0.0	0.0	0.0	0.0	0.0	2.0	0.0	0.0	0.0	0.0	0.0	0.0	0.0	0.0	0.0	0.0	0.0	0.0	0.0	0.0	0.0	0.0	0.0	0.0	0.0	0.0	0.0	0.0	0.0	0.0	0.0	0.0	0.0	0.0	0.0	0.0	0.0	0.0	0.0	0.0	0.0	0.0	0.0	0.0	0.0	0.0	0.0	0.0	0.0	0.0	0.0	0.0	0.0	0.0	0.0
Bacteria;Chloroflexi;Anaerolineae;Anaerolineales;Anaerolineaceae;Other;Other	0.0	0.0	0.0	0.0	0.0	0.0	0.0	0.0	0.0	0.0	0.0	0.0	0.0	0.0	468.0	0.0	0.0	1.0	0.0	0.0	0.0	0.0	0.0	0.0	0.0	0.0	11.0	0.0	9.0	0.0	0.0	0.0	0.0	114.0	0.0	0.0	0.0	0.0	0.0	0.0	3.0	0.0	0.0	0.0	0.0	0.0	0.0	0.0	62.0	0.0	0.0	0.0	0.0	0.0	0.0	0.0	0.0	0.0	0.0	0.0	0.0	3.0	2.0	0.0	0.0	0.0	0.0	0.0	0.0	0.0	0.0	0.0	0.0	0.0	0.0	0.0	0.0	0.0	0.0	0.0	0.0	0.0	0.0	0.0	0.0	0.0	0.0	0.0
Bacteria;Chloroflexi;Caldilineae;Caldilineales;Caldilineaceae;Other;Other	0.0	0.0	0.0	0.0	0.0	0.0	0.0	0.0	0.0	0.0	0.0	2.0	0.0	0.0	0.0	0.0	0.0	0.0	0.0	0.0	0.0	0.0	0.0	47.0	0.0	0.0	0.0	0.0	0.0	0.0	0.0	0.0	0.0	0.0	0.0	0.0	0.0	0.0	5.0	0.0	0.0	0.0	0.0	0.0	0.0	0.0	0.0	0.0	0.0	0.0	0.0	0.0	0.0	0.0	0.0	0.0	0.0	0.0	0.0	0.0	0.0	0.0	0.0	0.0	0.0	0.0	0.0	0.0	0.0	90.0	0.0	0.0	0.0	0.0	0.0	0.0	0.0	0.0	0.0	0.0	0.0	0.0	0.0	0.0	0.0	0.0	0.0	0.0
Bacteria;Chloroflexi;Chloroflexia;Chloroflexales;Chloroflexaceae;Chloronema;Other	0.0	0.0	0.0	0.0	0.0	0.0	0.0	0.0	0.0	0.0	0.0	0.0	0.0	0.0	0.0	0.0	0.0	0.0	0.0	0.0	37.0	0.0	0.0	0.0	0.0	0.0	0.0	0.0	0.0	0.0	0.0	0.0	0.0	0.0	0.0	0.0	0.0	0.0	0.0	0.0	0.0	0.0	0.0	0.0	0.0	0.0	0.0	0.0	0.0	0.0	0.0	0.0	0.0	0.0	0.0	0.0	0.0	0.0	0.0	0.0	0.0	0.0	0.0	0.0	0.0	0.0	0.0	0.0	0.0	0.0	0.0	0.0	0.0	0.0	0.0	0.0	0.0	0.0	0.0	0.0	0.0	0.0	0.0	0.0	0.0	0.0	0.0	0.0
Bacteria;Chloroflexi;Chloroflexia;Other;Other;Other;Other	0.0	0.0	0.0	0.0	0.0	0.0	0.0	0.0	0.0	0.0	0.0	0.0	0.0	0.0	0.0	0.0	0.0	0.0	0.0	0.0	0.0	0.0	0.0	0.0	0.0	0.0	0.0	0.0	0.0	0.0	0.0	0.0	0.0	0.0	0.0	0.0	0.0	0.0	0.0	0.0	0.0	0.0	0.0	0.0	0.0	0.0	0.0	0.0	0.0	0.0	0.0	0.0	0.0	0.0	0.0	0.0	0.0	0.0	0.0	0.0	0.0	0.0	0.0	0.0	0.0	0.0	0.0	0.0	0.0	0.0	0.0	0.0	0.0	0.0	0.0	0.0	0.0	0.0	0.0	0.0	0.0	0.0	0.0	0.0	12.0	0.0	0.0	0.0
Bacteria;Chloroflexi;Other;Other;Other;Other;Other	0.0	0.0	0.0	0.0	0.0	0.0	0.0	0.0	0.0	0.0	74.0	0.0	0.0	0.0	0.0	0.0	0.0	0.0	0.0	0.0	0.0	0.0	0.0	0.0	0.0	0.0	0.0	0.0	0.0	0.0	0.0	0.0	0.0	0.0	0.0	0.0	0.0	0.0	0.0	0.0	0.0	0.0	0.0	0.0	0.0	0.0	0.0	1.0	0.0	0.0	0.0	0.0	0.0	0.0	0.0	0.0	0.0	0.0	0.0	0.0	0.0	0.0	0.0	0.0	0.0	1.0	0.0	0.0	0.0	0.0	0.0	65.0	0.0	0.0	0.0	0.0	0.0	0.0	475.0	0.0	0.0	0.0	0.0	43.0	0.0	0.0	0.0	0.0
Bacteria;Chloroflexi;Thermomicrobia;Other;Other;Other;Other	0.0	0.0	556.0	0.0	0.0	0.0	0.0	128.0	0.0	0.0	0.0	2.0	15.0	0.0	0.0	0.0	0.0	0.0	1.0	0.0	0.0	0.0	0.0	0.0	0.0	0.0	0.0	0.0	0.0	178.0	0.0	0.0	0.0	0.0	0.0	0.0	0.0	0.0	1.0	26.0	81.0	0.0	0.0	0.0	0.0	0.0	0.0	0.0	0.0	0.0	0.0	0.0	0.0	0.0	2.0	0.0	0.0	80.0	0.0	0.0	0.0	8.0	56.0	0.0	0.0	0.0	75.0	0.0	0.0	0.0	0.0	0.0	0.0	0.0	0.0	0.0	0.0	0.0	0.0	0.0	1.0	0.0	2.0	0.0	0.0	0.0	298.0	259.0
Bacteria;Chloroflexi;Thermomicrobia;Sphaerobacterales;Sphaerobacteraceae;Sphaerobacter;Other	0.0	0.0	0.0	0.0	0.0	0.0	0.0	0.0	0.0	1008.0	0.0	0.0	0.0	0.0	0.0	0.0	3.0	1.0	0.0	0.0	0.0	0.0	0.0	0.0	0.0	182.0	0.0	0.0	0.0	0.0	0.0	0.0	0.0	0.0	0.0	0.0	0.0	0.0	171.0	0.0	1140.0	0.0	0.0	0.0	0.0	0.0	0.0	0.0	0.0	0.0	0.0	0.0	0.0	178.0	62.0	0.0	0.0	90.0	0.0	0.0	0.0	0.0	0.0	0.0	0.0	1.0	0.0	0.0	0.0	0.0	0.0	1.0	0.0	0.0	62.0	0.0	0.0	0.0	0.0	0.0	0.0	0.0	0.0	0.0	0.0	0.0	8.0	0.0
Bacteria;Chloroflexi;Unclassified;Unclassified;Unclassified;Unclassified;hot_springs_metagenome	0.0	0.0	0.0	0.0	0.0	0.0	0.0	0.0	0.0	0.0	0.0	0.0	0.0	0.0	0.0	0.0	0.0	0.0	0.0	0.0	0.0	0.0	0.0	0.0	0.0	0.0	0.0	0.0	0.0	0.0	0.0	0.0	2.0	0.0	0.0	0.0	0.0	0.0	0.0	0.0	0.0	0.0	0.0	0.0	0.0	0.0	0.0	0.0	0.0	0.0	0.0	0.0	0.0	0.0	0.0	0.0	0.0	0.0	0.0	0.0	0.0	0.0	0.0	0.0	0.0	0.0	0.0	0.0	0.0	0.0	0.0	0.0	0.0	0.0	0.0	0.0	0.0	0.0	0.0	0.0	0.0	0.0	0.0	0.0	0.0	0.0	0.0	0.0
Bacteria;Cyanobacteria;Other;Other;Other;Other;Other	1294.0	511.0	510.0	521.0	835.0	98.0	1406.0	0.0	457.0	132.0	140.0	0.0	43.0	314.0	32.0	1090.0	170.0	1158.0	0.0	601.0	204.0	168.0	11545.0	72.0	33.0	533.0	216.0	7945.0	110.0	329.0	9.0	582.0	1370.0	1109.0	79.0	614.0	970.0	789.0	485.0	328.0	223.0	69.0	23.0	1993.0	216.0	0.0	322.0	201.0	60.0	1058.0	324.0	1.0	1375.0	3.0	236.0	11.0	4.0	51.0	71.0	1595.0	247.0	0.0	229.0	248.0	41.0	964.0	72.0	594.0	99.0	126.0	115.0	611.0	373.0	282.0	0.0	111.0	267.0	542.0	46.0	5.0	0.0	157.0	0.0	607.0	4807.0	0.0	4136.0	83.0
Bacteria;Cyanobacteria;Unclassified;Unclassified;Unclassified;Chroococcidiopsis;Chroococcidiopsis_thermalis_PCC_7203	0.0	0.0	0.0	4.0	0.0	0.0	0.0	0.0	0.0	0.0	0.0	0.0	0.0	0.0	0.0	0.0	0.0	0.0	0.0	0.0	0.0	0.0	0.0	0.0	0.0	0.0	0.0	0.0	0.0	0.0	0.0	0.0	0.0	0.0	0.0	0.0	0.0	0.0	0.0	0.0	0.0	0.0	0.0	0.0	0.0	0.0	0.0	0.0	0.0	0.0	0.0	0.0	0.0	0.0	0.0	0.0	0.0	0.0	0.0	0.0	0.0	0.0	0.0	0.0	0.0	0.0	0.0	0.0	0.0	0.0	0.0	0.0	0.0	0.0	0.0	0.0	0.0	0.0	0.0	0.0	0.0	0.0	0.0	0.0	0.0	0.0	0.0	0.0
Bacteria;Cyanobacteria;Unclassified;Unclassified;Unclassified;Nostoc;Nostoc_commune	0.0	0.0	0.0	0.0	0.0	0.0	0.0	0.0	0.0	0.0	0.0	0.0	0.0	0.0	0.0	0.0	0.0	0.0	0.0	0.0	0.0	0.0	0.0	0.0	0.0	0.0	0.0	0.0	0.0	0.0	0.0	0.0	0.0	0.0	0.0	0.0	0.0	0.0	0.0	0.0	0.0	0.0	0.0	0.0	0.0	0.0	0.0	0.0	0.0	0.0	0.0	0.0	0.0	0.0	0.0	0.0	5.0	0.0	0.0	0.0	0.0	0.0	0.0	0.0	0.0	0.0	0.0	0.0	9.0	0.0	0.0	0.0	0.0	0.0	0.0	0.0	0.0	0.0	0.0	0.0	0.0	0.0	0.0	0.0	0.0	0.0	0.0	0.0
Bacteria;Cyanobacteria;Unclassified;Unclassified;Unclassified;Synechococcus;Other	0.0	0.0	0.0	0.0	0.0	0.0	0.0	0.0	0.0	0.0	0.0	0.0	0.0	0.0	0.0	0.0	0.0	0.0	0.0	1.0	0.0	0.0	0.0	0.0	0.0	0.0	0.0	0.0	0.0	0.0	0.0	0.0	0.0	0.0	0.0	0.0	0.0	0.0	0.0	0.0	0.0	0.0	0.0	0.0	0.0	0.0	0.0	0.0	0.0	0.0	0.0	0.0	0.0	0.0	0.0	0.0	0.0	0.0	0.0	0.0	0.0	0.0	0.0	0.0	0.0	0.0	0.0	0.0	0.0	179.0	0.0	0.0	0.0	0.0	0.0	0.0	0.0	0.0	0.0	0.0	0.0	0.0	0.0	0.0	0.0	0.0	0.0	0.0
Bacteria;Cyanobacteria;Unclassified;Unclassified;Unclassified;Unclassified;Acutodesmus_obliquus	0.0	0.0	0.0	0.0	0.0	0.0	0.0	0.0	0.0	0.0	0.0	0.0	0.0	0.0	0.0	0.0	0.0	0.0	2.0	0.0	0.0	0.0	0.0	0.0	0.0	0.0	0.0	0.0	0.0	0.0	0.0	0.0	0.0	0.0	0.0	0.0	0.0	0.0	0.0	0.0	0.0	0.0	0.0	0.0	0.0	0.0	0.0	0.0	0.0	0.0	0.0	0.0	0.0	0.0	0.0	0.0	0.0	0.0	0.0	0.0	0.0	0.0	0.0	0.0	0.0	0.0	0.0	0.0	0.0	0.0	0.0	0.0	0.0	0.0	0.0	0.0	0.0	0.0	0.0	0.0	0.0	0.0	0.0	0.0	0.0	0.0	0.0	0.0
Bacteria;Cyanobacteria;Unclassified;Unclassified;Unclassified;Unclassified;Clostridium_sp._CAG:306	0.0	0.0	0.0	0.0	0.0	0.0	0.0	0.0	0.0	0.0	0.0	4.0	0.0	0.0	0.0	0.0	0.0	0.0	0.0	0.0	0.0	0.0	0.0	0.0	0.0	0.0	0.0	0.0	0.0	0.0	0.0	0.0	0.0	0.0	0.0	0.0	0.0	0.0	0.0	0.0	0.0	0.0	0.0	0.0	0.0	0.0	0.0	0.0	0.0	0.0	0.0	0.0	0.0	0.0	0.0	0.0	0.0	0.0	0.0	141.0	0.0	0.0	0.0	0.0	0.0	0.0	0.0	0.0	0.0	0.0	0.0	0.0	0.0	0.0	0.0	0.0	0.0	0.0	0.0	0.0	0.0	0.0	0.0	0.0	0.0	0.0	0.0	0.0
Bacteria;Cyanobacteria;Unclassified;Unclassified;Unclassified;Unclassified;Oryza_sativa_Japonica_Group	0.0	0.0	1.0	85.0	0.0	0.0	487.0	0.0	0.0	0.0	0.0	0.0	0.0	4.0	0.0	190.0	4.0	4.0	0.0	0.0	0.0	0.0	0.0	0.0	77.0	8.0	0.0	155.0	7.0	0.0	0.0	3.0	742.0	0.0	114.0	0.0	111.0	47.0	331.0	0.0	2.0	0.0	13.0	1.0	0.0	0.0	2.0	68.0	0.0	1.0	1.0	0.0	120.0	0.0	0.0	0.0	1.0	63.0	7.0	0.0	0.0	0.0	125.0	38.0	13.0	1.0	0.0	1.0	0.0	0.0	0.0	15.0	0.0	500.0	0.0	0.0	0.0	0.0	0.0	0.0	0.0	0.0	0.0	4.0	0.0	0.0	0.0	0.0
Bacteria;Cyanobacteria;Unclassified;Unclassified;Unclassified;Unclassified;Vampirovibrio_chlorellavorus	0.0	0.0	0.0	0.0	0.0	0.0	0.0	0.0	0.0	0.0	0.0	0.0	0.0	0.0	0.0	0.0	8.0	0.0	0.0	0.0	0.0	0.0	0.0	0.0	0.0	0.0	0.0	0.0	0.0	0.0	0.0	0.0	0.0	0.0	0.0	101.0	0.0	0.0	0.0	0.0	0.0	0.0	0.0	0.0	0.0	0.0	30.0	0.0	0.0	0.0	0.0	0.0	0.0	0.0	0.0	0.0	0.0	0.0	0.0	0.0	0.0	0.0	0.0	0.0	0.0	0.0	0.0	0.0	0.0	0.0	0.0	0.0	0.0	0.0	0.0	0.0	0.0	0.0	0.0	0.0	0.0	0.0	0.0	0.0	0.0	0.0	0.0	0.0
Bacteria;Cyanobacteria;Unclassified;Unclassified;Unclassified;Unclassified;bioreactor_metagenome	0.0	0.0	114.0	0.0	0.0	0.0	0.0	0.0	0.0	293.0	0.0	0.0	0.0	0.0	184.0	0.0	0.0	177.0	0.0	34.0	0.0	213.0	0.0	3.0	0.0	0.0	0.0	35.0	0.0	0.0	384.0	171.0	41.0	0.0	25.0	326.0	1.0	0.0	0.0	43.0	1.0	70.0	3.0	0.0	0.0	0.0	0.0	0.0	32.0	0.0	10.0	0.0	0.0	1.0	51.0	0.0	0.0	0.0	27.0	0.0	0.0	0.0	0.0	56.0	0.0	0.0	0.0	0.0	0.0	0.0	0.0	0.0	0.0	0.0	0.0	0.0	0.0	0.0	0.0	0.0	0.0	0.0	0.0	0.0	0.0	291.0	0.0	12.0
Bacteria;Cyanobacteria;Unclassified;Unclassified;Unclassified;Unclassified;unidentified_rhodophyte_PRD01a010B	0.0	0.0	0.0	0.0	0.0	0.0	0.0	0.0	0.0	10.0	0.0	0.0	0.0	0.0	0.0	0.0	0.0	0.0	0.0	0.0	0.0	0.0	0.0	0.0	0.0	0.0	0.0	0.0	0.0	0.0	0.0	0.0	0.0	0.0	0.0	0.0	0.0	0.0	0.0	0.0	0.0	0.0	0.0	0.0	0.0	0.0	0.0	0.0	0.0	0.0	0.0	0.0	0.0	0.0	0.0	0.0	0.0	0.0	0.0	0.0	0.0	0.0	0.0	0.0	0.0	0.0	0.0	0.0	0.0	0.0	0.0	0.0	0.0	0.0	0.0	0.0	0.0	0.0	0.0	0.0	0.0	0.0	0.0	0.0	0.0	31.0	0.0	0.0
Bacteria;Deinococcus-Thermus;Deinococci;Deinococcales;Deinococcaceae;Deinococcus;Deinococcus_geothermalis	0.0	0.0	0.0	6.0	0.0	0.0	0.0	0.0	0.0	0.0	0.0	0.0	0.0	0.0	9.0	0.0	2.0	0.0	0.0	1.0	2.0	0.0	4.0	0.0	1163.0	67.0	0.0	0.0	0.0	0.0	0.0	0.0	0.0	0.0	0.0	0.0	0.0	0.0	0.0	0.0	0.0	0.0	0.0	0.0	0.0	192.0	0.0	3.0	0.0	0.0	0.0	0.0	0.0	0.0	13.0	0.0	0.0	0.0	0.0	0.0	0.0	15.0	0.0	0.0	0.0	0.0	0.0	0.0	0.0	0.0	13.0	1092.0	92.0	0.0	0.0	0.0	0.0	0.0	0.0	0.0	1785.0	0.0	0.0	577.0	0.0	0.0	0.0	317.0
Bacteria;Deinococcus-Thermus;Deinococci;Deinococcales;Deinococcaceae;Deinococcus;Deinococcus_gobiensis_I-0	0.0	0.0	0.0	0.0	0.0	0.0	0.0	0.0	0.0	0.0	0.0	0.0	0.0	0.0	0.0	0.0	0.0	0.0	0.0	0.0	0.0	0.0	0.0	0.0	0.0	0.0	0.0	0.0	0.0	0.0	0.0	0.0	0.0	0.0	0.0	0.0	0.0	0.0	0.0	0.0	0.0	0.0	0.0	0.0	0.0	0.0	0.0	0.0	0.0	0.0	31.0	0.0	0.0	0.0	0.0	0.0	0.0	0.0	0.0	0.0	0.0	0.0	0.0	0.0	0.0	0.0	0.0	0.0	0.0	0.0	0.0	0.0	0.0	0.0	0.0	0.0	0.0	0.0	0.0	0.0	0.0	0.0	0.0	0.0	0.0	0.0	0.0	0.0
Bacteria;Deinococcus-Thermus;Deinococci;Deinococcales;Deinococcaceae;Deinococcus;Deinococcus_grandis	0.0	0.0	0.0	0.0	0.0	0.0	0.0	0.0	0.0	0.0	0.0	0.0	0.0	0.0	0.0	0.0	0.0	0.0	0.0	0.0	0.0	0.0	0.0	0.0	0.0	0.0	0.0	0.0	0.0	0.0	0.0	0.0	0.0	0.0	0.0	0.0	0.0	0.0	120.0	0.0	0.0	0.0	0.0	0.0	0.0	0.0	0.0	0.0	0.0	0.0	0.0	0.0	0.0	0.0	0.0	0.0	0.0	1.0	0.0	0.0	0.0	0.0	0.0	0.0	0.0	0.0	0.0	0.0	0.0	0.0	0.0	0.0	0.0	0.0	0.0	0.0	0.0	0.0	0.0	0.0	0.0	0.0	0.0	0.0	0.0	0.0	0.0	0.0
Bacteria;Deinococcus-Thermus;Deinococci;Deinococcales;Deinococcaceae;Deinococcus;Deinococcus_sp._G3-6-20	0.0	152.0	0.0	93.0	0.0	0.0	95.0	0.0	350.0	0.0	0.0	0.0	0.0	0.0	1.0	0.0	0.0	0.0	0.0	0.0	0.0	0.0	0.0	0.0	0.0	0.0	0.0	0.0	0.0	0.0	0.0	42.0	0.0	0.0	0.0	0.0	0.0	0.0	0.0	0.0	0.0	0.0	0.0	0.0	0.0	0.0	64.0	0.0	0.0	0.0	0.0	0.0	0.0	0.0	0.0	0.0	0.0	0.0	0.0	0.0	0.0	0.0	0.0	0.0	0.0	0.0	0.0	0.0	0.0	0.0	0.0	0.0	0.0	0.0	0.0	0.0	0.0	0.0	134.0	0.0	171.0	0.0	0.0	0.0	0.0	0.0	0.0	0.0
Bacteria;Deinococcus-Thermus;Deinococci;Deinococcales;Deinococcaceae;Deinococcus;Deinococcus_sp._Lab-1	0.0	0.0	0.0	0.0	0.0	0.0	0.0	0.0	0.0	0.0	0.0	0.0	0.0	2.0	0.0	0.0	0.0	0.0	0.0	0.0	0.0	0.0	0.0	0.0	0.0	0.0	0.0	0.0	0.0	0.0	0.0	0.0	0.0	0.0	0.0	0.0	0.0	0.0	0.0	0.0	0.0	0.0	0.0	0.0	0.0	0.0	0.0	0.0	0.0	0.0	0.0	0.0	0.0	0.0	0.0	0.0	0.0	0.0	0.0	0.0	0.0	0.0	0.0	0.0	0.0	0.0	0.0	0.0	0.0	0.0	0.0	0.0	0.0	0.0	0.0	0.0	0.0	0.0	0.0	0.0	0.0	0.0	0.0	0.0	0.0	0.0	0.0	0.0
Bacteria;Deinococcus-Thermus;Deinococci;Deinococcales;Deinococcaceae;Deinococcus;Other	0.0	0.0	0.0	0.0	0.0	0.0	0.0	0.0	0.0	0.0	0.0	0.0	0.0	1.0	0.0	0.0	0.0	55.0	0.0	0.0	0.0	0.0	0.0	0.0	0.0	0.0	0.0	0.0	0.0	0.0	0.0	0.0	0.0	0.0	0.0	0.0	0.0	0.0	0.0	0.0	0.0	0.0	0.0	0.0	0.0	0.0	0.0	272.0	0.0	0.0	0.0	0.0	0.0	0.0	0.0	0.0	0.0	2.0	0.0	0.0	0.0	0.0	0.0	0.0	0.0	0.0	0.0	122.0	13.0	0.0	0.0	0.0	48.0	0.0	0.0	0.0	0.0	0.0	99.0	0.0	0.0	110.0	0.0	0.0	0.0	0.0	0.0	0.0
Bacteria;Deinococcus-Thermus;Deinococci;Deinococcales;Trueperaceae;Truepera;Other	0.0	0.0	0.0	3.0	0.0	0.0	0.0	0.0	0.0	0.0	0.0	0.0	0.0	0.0	0.0	0.0	0.0	4.0	0.0	0.0	0.0	0.0	0.0	67.0	0.0	0.0	0.0	0.0	0.0	0.0	0.0	0.0	0.0	129.0	0.0	0.0	0.0	0.0	0.0	0.0	0.0	0.0	0.0	0.0	0.0	0.0	0.0	0.0	0.0	0.0	0.0	0.0	0.0	0.0	0.0	0.0	0.0	0.0	0.0	0.0	0.0	0.0	0.0	0.0	0.0	0.0	0.0	0.0	0.0	0.0	0.0	0.0	0.0	0.0	0.0	0.0	0.0	0.0	0.0	0.0	0.0	0.0	0.0	0.0	0.0	0.0	0.0	0.0
Bacteria;Deinococcus-Thermus;Deinococci;Thermales;Thermaceae;Thermus;Other	0.0	0.0	0.0	0.0	0.0	0.0	0.0	0.0	0.0	0.0	0.0	0.0	0.0	0.0	0.0	0.0	0.0	0.0	0.0	0.0	0.0	0.0	0.0	0.0	0.0	0.0	0.0	0.0	0.0	0.0	0.0	0.0	0.0	0.0	0.0	0.0	0.0	0.0	0.0	0.0	0.0	0.0	0.0	0.0	0.0	0.0	0.0	0.0	0.0	0.0	0.0	0.0	105.0	0.0	0.0	0.0	0.0	0.0	0.0	0.0	0.0	0.0	0.0	0.0	0.0	0.0	0.0	0.0	0.0	0.0	0.0	0.0	0.0	0.0	0.0	0.0	0.0	0.0	0.0	0.0	0.0	0.0	0.0	0.0	0.0	0.0	0.0	0.0
Bacteria;Deinococcus-Thermus;Deinococci;Thermales;Thermaceae;Thermus;Thermus_scotoductus_SA-01	0.0	0.0	0.0	0.0	0.0	0.0	0.0	0.0	0.0	0.0	0.0	0.0	0.0	0.0	0.0	0.0	0.0	0.0	0.0	0.0	0.0	0.0	0.0	0.0	0.0	0.0	0.0	0.0	0.0	0.0	0.0	0.0	0.0	0.0	0.0	0.0	0.0	0.0	0.0	0.0	0.0	0.0	0.0	0.0	0.0	0.0	0.0	0.0	0.0	0.0	0.0	0.0	0.0	0.0	0.0	0.0	0.0	0.0	0.0	0.0	0.0	0.0	0.0	0.0	0.0	0.0	0.0	0.0	0.0	0.0	0.0	0.0	0.0	0.0	0.0	0.0	0.0	0.0	0.0	0.0	0.0	0.0	0.0	14.0	0.0	0.0	0.0	0.0
Bacteria;Elusimicrobia;Elusimicrobia;Other;Other;Other;Other	0.0	0.0	0.0	0.0	4.0	0.0	0.0	0.0	0.0	0.0	0.0	0.0	0.0	0.0	0.0	0.0	0.0	0.0	0.0	0.0	0.0	0.0	0.0	0.0	0.0	1.0	0.0	0.0	0.0	0.0	0.0	0.0	0.0	0.0	0.0	0.0	5.0	0.0	0.0	0.0	0.0	0.0	0.0	0.0	0.0	0.0	0.0	0.0	0.0	0.0	0.0	0.0	0.0	0.0	4.0	0.0	0.0	0.0	0.0	0.0	0.0	0.0	0.0	0.0	0.0	0.0	0.0	0.0	0.0	0.0	0.0	20.0	0.0	252.0	0.0	0.0	0.0	0.0	0.0	0.0	0.0	0.0	0.0	5.0	0.0	0.0	0.0	0.0
Bacteria;Firmicutes;Bacilli;Bacillales;Bacillaceae;Aeribacillus;Aeribacillus_pallidus	0.0	0.0	0.0	0.0	0.0	0.0	0.0	0.0	0.0	0.0	0.0	0.0	0.0	81.0	0.0	0.0	0.0	0.0	0.0	0.0	0.0	0.0	0.0	0.0	0.0	0.0	0.0	0.0	0.0	0.0	0.0	0.0	0.0	0.0	0.0	0.0	0.0	0.0	0.0	0.0	0.0	0.0	0.0	0.0	0.0	0.0	0.0	0.0	0.0	0.0	0.0	0.0	0.0	0.0	0.0	0.0	0.0	0.0	0.0	0.0	0.0	0.0	0.0	0.0	0.0	0.0	0.0	0.0	0.0	0.0	0.0	0.0	0.0	0.0	0.0	0.0	0.0	0.0	0.0	0.0	0.0	0.0	0.0	0.0	0.0	0.0	0.0	0.0
Bacteria;Firmicutes;Bacilli;Bacillales;Bacillaceae;Anoxybacillus;Anoxybacillus_flavithermus	0.0	0.0	0.0	1.0	0.0	0.0	0.0	0.0	0.0	258.0	0.0	0.0	0.0	0.0	0.0	0.0	0.0	0.0	0.0	0.0	0.0	0.0	0.0	0.0	193.0	0.0	0.0	0.0	0.0	0.0	0.0	0.0	0.0	33.0	0.0	0.0	95.0	0.0	0.0	0.0	0.0	8.0	29.0	35.0	0.0	0.0	0.0	0.0	0.0	0.0	0.0	0.0	0.0	0.0	0.0	0.0	0.0	0.0	0.0	0.0	0.0	0.0	0.0	0.0	0.0	0.0	0.0	0.0	0.0	0.0	0.0	0.0	0.0	0.0	0.0	0.0	0.0	0.0	0.0	0.0	0.0	0.0	0.0	0.0	0.0	0.0	0.0	0.0
Bacteria;Firmicutes;Bacilli;Bacillales;Bacillaceae;Bacillus;Bacillus_beringensis	0.0	0.0	0.0	0.0	0.0	0.0	0.0	0.0	0.0	0.0	0.0	0.0	46.0	15.0	0.0	0.0	0.0	0.0	0.0	0.0	0.0	0.0	0.0	0.0	0.0	0.0	0.0	0.0	0.0	0.0	0.0	0.0	0.0	0.0	0.0	0.0	0.0	0.0	0.0	0.0	0.0	0.0	0.0	0.0	0.0	0.0	0.0	0.0	0.0	0.0	0.0	0.0	0.0	0.0	69.0	0.0	0.0	0.0	0.0	0.0	7.0	0.0	0.0	0.0	0.0	0.0	0.0	1.0	0.0	0.0	0.0	0.0	0.0	0.0	0.0	0.0	0.0	0.0	0.0	0.0	0.0	0.0	0.0	0.0	0.0	0.0	0.0	0.0
Bacteria;Firmicutes;Bacilli;Bacillales;Bacillaceae;Bacillus;Bacillus_cereus	0.0	0.0	0.0	0.0	0.0	0.0	0.0	0.0	0.0	0.0	0.0	0.0	0.0	0.0	0.0	0.0	0.0	0.0	0.0	0.0	5.0	0.0	0.0	0.0	0.0	0.0	0.0	0.0	0.0	0.0	0.0	205.0	0.0	0.0	0.0	438.0	0.0	0.0	0.0	0.0	0.0	0.0	0.0	0.0	0.0	212.0	0.0	0.0	0.0	176.0	0.0	0.0	119.0	1.0	0.0	0.0	0.0	57.0	0.0	0.0	0.0	22.0	0.0	0.0	0.0	0.0	0.0	0.0	0.0	0.0	0.0	0.0	0.0	0.0	48.0	0.0	0.0	0.0	0.0	0.0	0.0	0.0	0.0	0.0	0.0	0.0	0.0	0.0
Bacteria;Firmicutes;Bacilli;Bacillales;Bacillaceae;Bacillus;Bacillus_flexus	0.0	0.0	0.0	0.0	0.0	0.0	0.0	0.0	0.0	0.0	0.0	0.0	0.0	0.0	0.0	0.0	0.0	0.0	0.0	0.0	0.0	0.0	0.0	11.0	0.0	0.0	0.0	0.0	0.0	0.0	0.0	0.0	0.0	75.0	0.0	0.0	0.0	0.0	0.0	0.0	0.0	0.0	0.0	0.0	0.0	0.0	0.0	0.0	0.0	0.0	0.0	0.0	0.0	0.0	0.0	0.0	8.0	0.0	0.0	0.0	0.0	0.0	0.0	0.0	0.0	0.0	0.0	0.0	1.0	0.0	0.0	0.0	0.0	0.0	0.0	0.0	0.0	0.0	0.0	0.0	0.0	0.0	0.0	0.0	0.0	0.0	0.0	0.0
Bacteria;Firmicutes;Bacilli;Bacillales;Bacillaceae;Bacillus;Bacillus_nealsonii	0.0	0.0	0.0	0.0	0.0	0.0	0.0	0.0	0.0	289.0	0.0	0.0	5.0	0.0	0.0	0.0	0.0	0.0	0.0	0.0	0.0	0.0	0.0	0.0	0.0	15.0	0.0	0.0	0.0	0.0	0.0	0.0	0.0	8.0	0.0	0.0	0.0	0.0	0.0	0.0	6.0	0.0	0.0	0.0	526.0	0.0	0.0	0.0	0.0	0.0	0.0	0.0	0.0	0.0	0.0	0.0	0.0	0.0	0.0	0.0	0.0	0.0	0.0	0.0	0.0	0.0	1.0	0.0	0.0	0.0	0.0	0.0	0.0	0.0	0.0	0.0	0.0	0.0	0.0	0.0	0.0	0.0	0.0	0.0	0.0	0.0	0.0	0.0
Bacteria;Firmicutes;Bacilli;Bacillales;Bacillaceae;Bacillus;Bacillus_oshimensis	0.0	0.0	0.0	0.0	0.0	0.0	0.0	0.0	0.0	0.0	0.0	0.0	0.0	0.0	0.0	0.0	0.0	0.0	0.0	0.0	0.0	0.0	0.0	0.0	0.0	0.0	0.0	0.0	0.0	0.0	0.0	0.0	0.0	0.0	0.0	0.0	0.0	0.0	0.0	0.0	0.0	0.0	0.0	0.0	0.0	0.0	0.0	0.0	0.0	0.0	0.0	0.0	0.0	146.0	0.0	0.0	0.0	0.0	0.0	0.0	0.0	0.0	0.0	0.0	0.0	0.0	0.0	0.0	0.0	0.0	0.0	0.0	0.0	0.0	0.0	0.0	0.0	0.0	0.0	0.0	0.0	0.0	0.0	0.0	0.0	0.0	0.0	0.0
Bacteria;Firmicutes;Bacilli;Bacillales;Bacillaceae;Bacillus;Bacillus_sp._R-7413	0.0	0.0	0.0	0.0	0.0	0.0	0.0	0.0	0.0	0.0	0.0	0.0	0.0	0.0	0.0	0.0	0.0	0.0	0.0	0.0	0.0	0.0	0.0	0.0	0.0	0.0	0.0	0.0	0.0	0.0	0.0	0.0	0.0	0.0	0.0	0.0	0.0	0.0	0.0	0.0	50.0	0.0	0.0	0.0	0.0	0.0	0.0	0.0	74.0	0.0	0.0	0.0	0.0	0.0	0.0	0.0	0.0	0.0	0.0	0.0	0.0	0.0	0.0	0.0	0.0	0.0	0.0	0.0	0.0	0.0	0.0	0.0	0.0	0.0	0.0	0.0	0.0	0.0	0.0	0.0	0.0	0.0	0.0	0.0	0.0	0.0	0.0	0.0
Bacteria;Firmicutes;Bacilli;Bacillales;Bacillaceae;Bacillus;Bacillus_thioparans	0.0	0.0	0.0	0.0	0.0	0.0	0.0	0.0	0.0	0.0	0.0	0.0	0.0	0.0	0.0	0.0	0.0	0.0	0.0	0.0	0.0	0.0	0.0	0.0	0.0	177.0	0.0	0.0	0.0	0.0	144.0	0.0	0.0	0.0	0.0	0.0	0.0	0.0	0.0	0.0	0.0	0.0	0.0	0.0	0.0	0.0	0.0	0.0	0.0	0.0	0.0	0.0	0.0	0.0	0.0	0.0	0.0	0.0	0.0	0.0	0.0	0.0	0.0	0.0	0.0	0.0	0.0	0.0	0.0	0.0	0.0	0.0	208.0	0.0	0.0	0.0	0.0	0.0	0.0	0.0	0.0	0.0	0.0	0.0	0.0	0.0	0.0	0.0
Bacteria;Firmicutes;Bacilli;Bacillales;Bacillaceae;Bacillus;Other	15.0	97.0	0.0	53.0	0.0	0.0	39.0	14.0	1625.0	0.0	0.0	13.0	1.0	168.0	0.0	311.0	4.0	29.0	0.0	96.0	0.0	55.0	0.0	121.0	0.0	0.0	0.0	0.0	0.0	0.0	239.0	3.0	431.0	57.0	0.0	0.0	55.0	1.0	0.0	0.0	0.0	0.0	22.0	1.0	0.0	0.0	2.0	67.0	2.0	0.0	121.0	0.0	138.0	0.0	0.0	315.0	2.0	0.0	0.0	4.0	253.0	0.0	0.0	0.0	140.0	1.0	502.0	0.0	3.0	0.0	188.0	0.0	1290.0	2.0	49.0	377.0	5.0	0.0	0.0	0.0	1.0	0.0	0.0	35.0	0.0	0.0	2260.0	0.0
Bacteria;Firmicutes;Bacilli;Bacillales;Bacillaceae;Caldalkalibacillus;Other	0.0	0.0	0.0	0.0	0.0	0.0	0.0	0.0	2.0	0.0	0.0	0.0	0.0	0.0	0.0	0.0	0.0	0.0	0.0	0.0	0.0	0.0	0.0	0.0	0.0	0.0	124.0	0.0	0.0	0.0	0.0	0.0	0.0	0.0	0.0	0.0	0.0	0.0	0.0	0.0	15.0	0.0	0.0	0.0	0.0	0.0	0.0	0.0	0.0	0.0	0.0	0.0	0.0	0.0	0.0	0.0	0.0	0.0	0.0	0.0	0.0	0.0	0.0	0.0	0.0	0.0	0.0	0.0	0.0	0.0	0.0	0.0	0.0	0.0	0.0	0.0	0.0	0.0	0.0	0.0	0.0	0.0	0.0	0.0	0.0	0.0	0.0	0.0
Bacteria;Firmicutes;Bacilli;Bacillales;Bacillaceae;Caldibacillus;Other	0.0	0.0	0.0	0.0	0.0	0.0	0.0	0.0	0.0	0.0	0.0	0.0	0.0	0.0	0.0	0.0	0.0	0.0	0.0	0.0	0.0	0.0	0.0	37.0	0.0	0.0	0.0	0.0	0.0	0.0	0.0	0.0	0.0	0.0	0.0	0.0	0.0	0.0	0.0	0.0	0.0	0.0	0.0	0.0	0.0	0.0	0.0	0.0	0.0	0.0	0.0	0.0	0.0	0.0	0.0	0.0	0.0	0.0	0.0	0.0	0.0	0.0	0.0	0.0	0.0	0.0	0.0	0.0	0.0	0.0	0.0	0.0	0.0	0.0	0.0	0.0	0.0	0.0	0.0	0.0	0.0	0.0	0.0	0.0	0.0	0.0	0.0	0.0
Bacteria;Firmicutes;Bacilli;Bacillales;Bacillaceae;Calditerricola;Calditerricola_yamamurae	0.0	0.0	0.0	0.0	0.0	0.0	0.0	0.0	0.0	0.0	0.0	0.0	5.0	0.0	0.0	0.0	0.0	0.0	0.0	0.0	0.0	0.0	0.0	0.0	0.0	57.0	0.0	0.0	0.0	0.0	0.0	0.0	0.0	63.0	0.0	0.0	0.0	0.0	0.0	0.0	31.0	0.0	0.0	0.0	0.0	0.0	0.0	0.0	0.0	0.0	0.0	0.0	0.0	0.0	0.0	0.0	0.0	0.0	0.0	0.0	0.0	0.0	0.0	0.0	0.0	0.0	0.0	1.0	0.0	0.0	0.0	0.0	0.0	0.0	0.0	0.0	0.0	0.0	0.0	0.0	0.0	0.0	0.0	0.0	0.0	0.0	0.0	0.0
Bacteria;Firmicutes;Bacilli;Bacillales;Bacillaceae;Geobacillus;Geobacillus_thermodenitrificans	0.0	0.0	0.0	0.0	0.0	0.0	0.0	0.0	0.0	44.0	7.0	0.0	343.0	5.0	0.0	0.0	4.0	0.0	0.0	0.0	0.0	0.0	0.0	0.0	0.0	299.0	0.0	0.0	0.0	1.0	0.0	0.0	0.0	0.0	0.0	0.0	0.0	0.0	0.0	0.0	669.0	0.0	0.0	0.0	0.0	0.0	66.0	0.0	0.0	0.0	0.0	165.0	0.0	0.0	0.0	0.0	0.0	0.0	0.0	411.0	0.0	7.0	0.0	1.0	0.0	0.0	0.0	6.0	0.0	0.0	0.0	2.0	44.0	0.0	5.0	0.0	0.0	0.0	0.0	0.0	0.0	0.0	0.0	0.0	0.0	0.0	0.0	0.0
Bacteria;Firmicutes;Bacilli;Bacillales;Bacillaceae;Geobacillus;Other	0.0	0.0	0.0	0.0	0.0	0.0	0.0	0.0	0.0	0.0	0.0	0.0	0.0	0.0	0.0	0.0	0.0	0.0	0.0	0.0	0.0	0.0	0.0	0.0	0.0	0.0	0.0	0.0	0.0	0.0	0.0	0.0	0.0	0.0	0.0	0.0	0.0	0.0	0.0	0.0	0.0	0.0	0.0	0.0	0.0	0.0	0.0	0.0	0.0	0.0	0.0	0.0	0.0	0.0	0.0	0.0	0.0	0.0	0.0	0.0	0.0	0.0	0.0	0.0	0.0	0.0	0.0	0.0	0.0	0.0	0.0	0.0	0.0	0.0	0.0	0.0	0.0	0.0	0.0	0.0	0.0	0.0	15.0	0.0	0.0	0.0	0.0	0.0
Bacteria;Firmicutes;Bacilli;Bacillales;Bacillaceae;Lentibacillus;Other	0.0	0.0	0.0	0.0	0.0	0.0	0.0	0.0	0.0	0.0	0.0	0.0	0.0	0.0	0.0	0.0	0.0	0.0	0.0	0.0	0.0	0.0	0.0	0.0	0.0	0.0	0.0	0.0	0.0	0.0	0.0	0.0	0.0	0.0	0.0	0.0	0.0	0.0	0.0	0.0	1.0	0.0	0.0	0.0	0.0	0.0	0.0	0.0	0.0	0.0	0.0	0.0	0.0	0.0	0.0	0.0	0.0	0.0	0.0	0.0	0.0	0.0	0.0	0.0	0.0	0.0	0.0	205.0	0.0	0.0	0.0	0.0	0.0	0.0	0.0	0.0	0.0	0.0	0.0	0.0	0.0	0.0	0.0	0.0	0.0	0.0	0.0	0.0
Bacteria;Firmicutes;Bacilli;Bacillales;Listeriaceae;Brochothrix;Brochothrix_thermosphacta	0.0	0.0	0.0	0.0	0.0	0.0	0.0	0.0	0.0	0.0	0.0	0.0	0.0	0.0	0.0	0.0	0.0	0.0	0.0	0.0	0.0	0.0	0.0	0.0	0.0	0.0	0.0	0.0	0.0	0.0	0.0	0.0	0.0	0.0	0.0	0.0	0.0	0.0	0.0	0.0	0.0	0.0	0.0	0.0	0.0	0.0	0.0	0.0	0.0	0.0	0.0	0.0	0.0	0.0	0.0	0.0	0.0	0.0	0.0	0.0	0.0	0.0	0.0	0.0	0.0	0.0	0.0	0.0	0.0	0.0	0.0	0.0	15.0	0.0	0.0	0.0	0.0	0.0	0.0	0.0	0.0	0.0	0.0	0.0	0.0	0.0	0.0	0.0
Bacteria;Firmicutes;Bacilli;Bacillales;Other;Other;Other	0.0	120.0	0.0	0.0	0.0	0.0	0.0	0.0	0.0	0.0	0.0	0.0	0.0	0.0	0.0	0.0	0.0	0.0	0.0	0.0	0.0	0.0	0.0	0.0	0.0	0.0	0.0	0.0	0.0	0.0	120.0	0.0	1.0	0.0	0.0	0.0	0.0	0.0	0.0	0.0	17.0	0.0	0.0	0.0	0.0	0.0	0.0	0.0	0.0	0.0	0.0	0.0	0.0	0.0	0.0	0.0	0.0	0.0	0.0	0.0	0.0	0.0	0.0	0.0	0.0	0.0	0.0	0.0	0.0	0.0	0.0	0.0	0.0	0.0	0.0	0.0	0.0	0.0	0.0	0.0	0.0	0.0	0.0	0.0	0.0	0.0	0.0	0.0
Bacteria;Firmicutes;Bacilli;Bacillales;Paenibacillaceae;Brevibacillus;Brevibacillus_aydinogluensis	0.0	0.0	0.0	0.0	0.0	0.0	0.0	0.0	0.0	0.0	0.0	0.0	0.0	0.0	0.0	0.0	0.0	0.0	0.0	0.0	0.0	0.0	0.0	0.0	0.0	0.0	0.0	0.0	0.0	0.0	0.0	0.0	0.0	0.0	0.0	0.0	0.0	0.0	0.0	0.0	0.0	0.0	0.0	0.0	0.0	0.0	0.0	0.0	0.0	0.0	0.0	0.0	0.0	0.0	0.0	0.0	0.0	0.0	0.0	0.0	0.0	0.0	0.0	0.0	0.0	0.0	0.0	0.0	0.0	0.0	0.0	0.0	0.0	0.0	0.0	0.0	0.0	0.0	0.0	0.0	0.0	177.0	0.0	0.0	0.0	0.0	0.0	0.0
Bacteria;Firmicutes;Bacilli;Bacillales;Paenibacillaceae;Brevibacillus;Brevibacillus_limnophilus	0.0	0.0	0.0	0.0	0.0	0.0	0.0	0.0	0.0	0.0	0.0	0.0	6.0	0.0	0.0	0.0	0.0	0.0	0.0	0.0	0.0	0.0	0.0	0.0	0.0	0.0	0.0	0.0	0.0	0.0	0.0	0.0	0.0	0.0	0.0	0.0	0.0	0.0	239.0	0.0	0.0	0.0	0.0	0.0	0.0	0.0	0.0	0.0	0.0	0.0	0.0	0.0	0.0	0.0	0.0	0.0	0.0	0.0	0.0	0.0	0.0	0.0	0.0	0.0	0.0	1.0	0.0	0.0	0.0	0.0	0.0	0.0	0.0	0.0	0.0	0.0	0.0	0.0	0.0	0.0	0.0	0.0	0.0	0.0	0.0	0.0	0.0	0.0
Bacteria;Firmicutes;Bacilli;Bacillales;Paenibacillaceae;Brevibacillus;Other	0.0	50.0	0.0	0.0	0.0	0.0	0.0	0.0	0.0	0.0	0.0	0.0	0.0	0.0	0.0	0.0	0.0	0.0	0.0	0.0	0.0	0.0	54.0	0.0	0.0	0.0	0.0	0.0	0.0	0.0	0.0	0.0	0.0	0.0	0.0	0.0	0.0	0.0	0.0	0.0	0.0	0.0	0.0	0.0	0.0	0.0	0.0	0.0	0.0	0.0	0.0	0.0	0.0	0.0	0.0	0.0	0.0	0.0	0.0	0.0	0.0	0.0	0.0	0.0	0.0	0.0	0.0	0.0	0.0	0.0	0.0	0.0	9.0	0.0	0.0	0.0	0.0	0.0	0.0	0.0	0.0	0.0	0.0	0.0	0.0	0.0	0.0	0.0
Bacteria;Firmicutes;Bacilli;Bacillales;Paenibacillaceae;Cohnella;Other	0.0	0.0	0.0	0.0	0.0	0.0	0.0	0.0	0.0	0.0	0.0	0.0	0.0	0.0	0.0	0.0	0.0	0.0	0.0	0.0	0.0	0.0	0.0	0.0	0.0	0.0	0.0	0.0	0.0	0.0	0.0	0.0	0.0	0.0	0.0	0.0	0.0	0.0	0.0	0.0	0.0	0.0	0.0	0.0	0.0	0.0	0.0	0.0	0.0	0.0	0.0	0.0	0.0	0.0	0.0	0.0	0.0	0.0	0.0	0.0	0.0	0.0	0.0	0.0	0.0	0.0	0.0	0.0	0.0	51.0	0.0	0.0	0.0	0.0	0.0	0.0	0.0	0.0	0.0	0.0	0.0	0.0	0.0	0.0	0.0	0.0	0.0	0.0
Bacteria;Firmicutes;Bacilli;Bacillales;Paenibacillaceae;Other;Other	0.0	0.0	0.0	0.0	0.0	0.0	0.0	0.0	0.0	0.0	0.0	0.0	12.0	0.0	0.0	0.0	0.0	0.0	181.0	0.0	0.0	69.0	0.0	2.0	9.0	248.0	0.0	0.0	0.0	0.0	0.0	0.0	0.0	0.0	0.0	0.0	0.0	0.0	0.0	0.0	546.0	0.0	0.0	0.0	0.0	0.0	0.0	0.0	0.0	0.0	0.0	0.0	0.0	0.0	20.0	0.0	9.0	0.0	0.0	0.0	0.0	0.0	0.0	0.0	0.0	1.0	0.0	0.0	4.0	0.0	0.0	1.0	0.0	0.0	0.0	0.0	0.0	0.0	0.0	0.0	0.0	0.0	0.0	0.0	1236.0	0.0	0.0	0.0
Bacteria;Firmicutes;Bacilli;Bacillales;Paenibacillaceae;Oxalophagus;Other	0.0	0.0	0.0	0.0	0.0	0.0	0.0	0.0	0.0	0.0	0.0	0.0	0.0	0.0	0.0	0.0	0.0	0.0	0.0	0.0	0.0	0.0	0.0	0.0	0.0	0.0	0.0	0.0	0.0	0.0	0.0	0.0	0.0	0.0	0.0	0.0	0.0	0.0	0.0	0.0	0.0	0.0	0.0	0.0	0.0	0.0	0.0	0.0	0.0	0.0	0.0	0.0	0.0	0.0	0.0	0.0	0.0	0.0	0.0	0.0	0.0	0.0	51.0	0.0	0.0	0.0	0.0	0.0	0.0	0.0	0.0	0.0	0.0	0.0	0.0	0.0	0.0	0.0	0.0	0.0	0.0	0.0	0.0	0.0	0.0	0.0	0.0	0.0
Bacteria;Firmicutes;Bacilli;Bacillales;Paenibacillaceae;Paenibacillus;Other	0.0	0.0	0.0	0.0	0.0	0.0	0.0	0.0	0.0	220.0	0.0	0.0	0.0	0.0	0.0	0.0	0.0	0.0	0.0	0.0	0.0	0.0	0.0	0.0	0.0	0.0	0.0	0.0	0.0	1.0	0.0	0.0	0.0	0.0	0.0	0.0	0.0	0.0	0.0	0.0	0.0	0.0	0.0	0.0	0.0	0.0	0.0	40.0	0.0	0.0	0.0	219.0	0.0	0.0	0.0	0.0	0.0	0.0	0.0	0.0	0.0	0.0	181.0	0.0	0.0	0.0	0.0	0.0	0.0	0.0	0.0	0.0	0.0	0.0	0.0	0.0	0.0	0.0	0.0	0.0	0.0	0.0	0.0	0.0	0.0	0.0	0.0	0.0
Bacteria;Firmicutes;Bacilli;Bacillales;Paenibacillaceae;Paenibacillus;Paenibacillus_agaridevorans	0.0	0.0	0.0	0.0	0.0	0.0	0.0	0.0	0.0	0.0	0.0	0.0	9.0	0.0	0.0	0.0	0.0	21.0	0.0	0.0	0.0	0.0	0.0	0.0	0.0	23.0	0.0	0.0	0.0	0.0	0.0	0.0	0.0	0.0	0.0	0.0	0.0	0.0	0.0	0.0	0.0	0.0	0.0	0.0	0.0	0.0	0.0	0.0	0.0	0.0	0.0	0.0	0.0	0.0	0.0	0.0	0.0	0.0	0.0	0.0	0.0	0.0	0.0	0.0	0.0	0.0	0.0	0.0	0.0	0.0	0.0	0.0	0.0	0.0	0.0	0.0	0.0	0.0	0.0	0.0	0.0	0.0	0.0	0.0	0.0	0.0	0.0	0.0
Bacteria;Firmicutes;Bacilli;Bacillales;Paenibacillaceae;Paenibacillus;Paenibacillus_illinoisensis	0.0	0.0	0.0	0.0	0.0	0.0	0.0	0.0	0.0	0.0	0.0	0.0	0.0	0.0	0.0	0.0	0.0	0.0	0.0	0.0	0.0	0.0	0.0	0.0	0.0	0.0	0.0	0.0	0.0	0.0	0.0	0.0	0.0	0.0	0.0	0.0	0.0	0.0	0.0	0.0	3.0	0.0	0.0	0.0	0.0	0.0	0.0	0.0	0.0	0.0	0.0	0.0	0.0	0.0	0.0	0.0	0.0	0.0	0.0	0.0	0.0	4.0	0.0	0.0	0.0	0.0	0.0	0.0	0.0	0.0	0.0	0.0	0.0	0.0	0.0	0.0	0.0	0.0	9.0	0.0	0.0	0.0	0.0	0.0	0.0	0.0	0.0	0.0
Bacteria;Firmicutes;Bacilli;Bacillales;Paenibacillaceae;Paenibacillus;Paenibacillus_senegalensis_JC66	0.0	0.0	0.0	0.0	0.0	0.0	0.0	0.0	0.0	0.0	0.0	0.0	0.0	0.0	0.0	0.0	0.0	0.0	0.0	0.0	0.0	0.0	0.0	0.0	0.0	0.0	0.0	0.0	0.0	0.0	0.0	0.0	0.0	0.0	0.0	0.0	0.0	0.0	0.0	0.0	18.0	0.0	0.0	0.0	0.0	0.0	0.0	0.0	0.0	0.0	0.0	0.0	0.0	0.0	0.0	0.0	0.0	0.0	0.0	0.0	0.0	0.0	0.0	0.0	0.0	0.0	0.0	0.0	0.0	0.0	0.0	0.0	0.0	0.0	0.0	0.0	0.0	0.0	0.0	0.0	0.0	0.0	0.0	0.0	0.0	0.0	0.0	0.0
Bacteria;Firmicutes;Bacilli;Bacillales;Paenibacillaceae;Paenibacillus;Paenibacillus_sp._DLE-12	0.0	0.0	0.0	0.0	0.0	0.0	0.0	0.0	0.0	0.0	0.0	0.0	0.0	0.0	0.0	0.0	0.0	0.0	0.0	0.0	0.0	0.0	0.0	0.0	0.0	0.0	0.0	0.0	0.0	0.0	0.0	0.0	0.0	0.0	0.0	0.0	0.0	0.0	0.0	0.0	0.0	0.0	0.0	0.0	0.0	0.0	0.0	0.0	0.0	0.0	0.0	0.0	0.0	0.0	0.0	0.0	0.0	0.0	0.0	0.0	0.0	0.0	0.0	35.0	0.0	0.0	0.0	0.0	0.0	0.0	0.0	0.0	0.0	0.0	0.0	0.0	0.0	0.0	0.0	0.0	0.0	0.0	0.0	0.0	0.0	0.0	0.0	0.0
Bacteria;Firmicutes;Bacilli;Bacillales;Paenibacillaceae;Paenibacillus;Paenibacillus_timonensis	0.0	0.0	0.0	0.0	0.0	0.0	0.0	0.0	0.0	0.0	0.0	0.0	0.0	0.0	0.0	0.0	0.0	0.0	0.0	0.0	0.0	0.0	0.0	0.0	0.0	198.0	0.0	0.0	0.0	0.0	0.0	0.0	0.0	0.0	0.0	0.0	0.0	0.0	0.0	0.0	0.0	0.0	0.0	0.0	0.0	0.0	0.0	0.0	0.0	0.0	0.0	0.0	0.0	0.0	0.0	0.0	0.0	0.0	0.0	0.0	0.0	0.0	0.0	0.0	0.0	0.0	0.0	0.0	0.0	0.0	0.0	1.0	0.0	0.0	0.0	0.0	0.0	0.0	0.0	0.0	0.0	0.0	0.0	0.0	0.0	0.0	0.0	0.0
Bacteria;Firmicutes;Bacilli;Bacillales;Paenibacillaceae;Thermobacillus;Firmicutes_bacterium_FAB2	0.0	0.0	0.0	0.0	0.0	0.0	0.0	0.0	0.0	0.0	0.0	0.0	0.0	0.0	0.0	0.0	0.0	0.0	0.0	0.0	0.0	0.0	0.0	0.0	0.0	0.0	0.0	0.0	0.0	0.0	0.0	0.0	0.0	0.0	0.0	0.0	0.0	0.0	0.0	0.0	46.0	0.0	0.0	0.0	0.0	0.0	0.0	0.0	0.0	0.0	0.0	0.0	0.0	0.0	0.0	0.0	0.0	0.0	0.0	0.0	0.0	0.0	0.0	0.0	0.0	0.0	0.0	0.0	0.0	0.0	0.0	0.0	0.0	0.0	0.0	0.0	0.0	0.0	0.0	0.0	0.0	0.0	0.0	0.0	0.0	0.0	0.0	0.0
Bacteria;Firmicutes;Bacilli;Bacillales;Paenibacillaceae;Thermobacillus;Other	0.0	0.0	0.0	0.0	0.0	0.0	0.0	319.0	0.0	0.0	0.0	0.0	57.0	0.0	0.0	0.0	1.0	0.0	0.0	0.0	0.0	0.0	0.0	0.0	0.0	39.0	0.0	0.0	0.0	0.0	66.0	0.0	0.0	0.0	0.0	0.0	0.0	0.0	0.0	0.0	462.0	0.0	0.0	0.0	0.0	0.0	0.0	0.0	0.0	0.0	15.0	132.0	0.0	81.0	236.0	0.0	5.0	0.0	0.0	0.0	0.0	0.0	0.0	0.0	0.0	0.0	0.0	0.0	24.0	0.0	0.0	2.0	0.0	0.0	0.0	0.0	0.0	0.0	0.0	0.0	1.0	0.0	0.0	0.0	0.0	0.0	0.0	0.0
Bacteria;Firmicutes;Bacilli;Bacillales;Paenibacillaceae;Thermobacillus;Thermobacillus_composti_KWC4	0.0	0.0	0.0	0.0	0.0	0.0	0.0	0.0	0.0	0.0	0.0	0.0	19.0	0.0	0.0	0.0	0.0	0.0	0.0	0.0	0.0	0.0	0.0	0.0	0.0	0.0	0.0	0.0	0.0	0.0	0.0	0.0	0.0	0.0	0.0	0.0	0.0	0.0	0.0	0.0	10.0	0.0	0.0	0.0	0.0	0.0	0.0	0.0	0.0	0.0	0.0	0.0	0.0	0.0	0.0	0.0	0.0	0.0	0.0	0.0	0.0	0.0	0.0	0.0	0.0	0.0	0.0	0.0	0.0	0.0	0.0	0.0	0.0	0.0	0.0	0.0	0.0	0.0	0.0	0.0	0.0	0.0	0.0	0.0	0.0	0.0	0.0	0.0
Bacteria;Firmicutes;Bacilli;Bacillales;Planococcaceae;Lysinibacillus;Lysinibacillus_massiliensis	0.0	0.0	0.0	0.0	0.0	0.0	0.0	0.0	0.0	0.0	0.0	0.0	10.0	0.0	0.0	0.0	0.0	0.0	0.0	0.0	0.0	0.0	0.0	0.0	0.0	3.0	0.0	0.0	0.0	0.0	0.0	0.0	0.0	0.0	0.0	0.0	0.0	0.0	0.0	0.0	781.0	0.0	0.0	0.0	0.0	0.0	0.0	0.0	0.0	0.0	0.0	0.0	0.0	0.0	0.0	0.0	0.0	0.0	0.0	0.0	0.0	7.0	0.0	0.0	0.0	0.0	0.0	0.0	0.0	0.0	0.0	0.0	0.0	283.0	0.0	0.0	0.0	0.0	0.0	0.0	0.0	0.0	0.0	2.0	0.0	0.0	96.0	0.0
Bacteria;Firmicutes;Bacilli;Bacillales;Planococcaceae;Other;Other	0.0	159.0	0.0	0.0	0.0	0.0	0.0	0.0	0.0	0.0	0.0	0.0	0.0	0.0	0.0	0.0	0.0	0.0	0.0	0.0	0.0	0.0	0.0	0.0	0.0	0.0	0.0	0.0	0.0	0.0	0.0	0.0	0.0	0.0	0.0	0.0	0.0	0.0	0.0	0.0	0.0	0.0	0.0	0.0	0.0	0.0	211.0	0.0	0.0	0.0	0.0	0.0	0.0	0.0	0.0	0.0	0.0	0.0	0.0	0.0	0.0	0.0	0.0	0.0	0.0	0.0	0.0	0.0	0.0	16.0	0.0	0.0	0.0	0.0	0.0	0.0	0.0	0.0	0.0	0.0	0.0	0.0	0.0	0.0	0.0	0.0	0.0	0.0
Bacteria;Firmicutes;Bacilli;Bacillales;Planococcaceae;Sporosarcina;Other	0.0	0.0	0.0	0.0	0.0	0.0	0.0	0.0	0.0	0.0	0.0	0.0	0.0	0.0	0.0	0.0	0.0	0.0	0.0	0.0	0.0	0.0	0.0	0.0	0.0	0.0	0.0	0.0	0.0	0.0	0.0	0.0	0.0	0.0	0.0	0.0	0.0	0.0	0.0	0.0	0.0	0.0	0.0	0.0	1.0	0.0	317.0	0.0	0.0	0.0	0.0	0.0	0.0	0.0	0.0	0.0	0.0	0.0	0.0	0.0	0.0	0.0	0.0	0.0	0.0	0.0	0.0	0.0	0.0	0.0	0.0	0.0	0.0	0.0	0.0	0.0	0.0	0.0	0.0	0.0	0.0	0.0	0.0	0.0	0.0	0.0	0.0	0.0
Bacteria;Firmicutes;Bacilli;Bacillales;Planococcaceae;Unclassified;Bacillus_sp._1-1(2012)	0.0	0.0	0.0	0.0	0.0	0.0	0.0	0.0	0.0	0.0	36.0	0.0	0.0	0.0	0.0	0.0	0.0	0.0	0.0	0.0	0.0	0.0	0.0	0.0	0.0	0.0	0.0	0.0	0.0	0.0	0.0	0.0	0.0	0.0	0.0	0.0	0.0	0.0	0.0	0.0	0.0	0.0	0.0	0.0	0.0	0.0	0.0	0.0	0.0	0.0	0.0	0.0	0.0	0.0	0.0	0.0	0.0	0.0	0.0	0.0	0.0	0.0	0.0	0.0	0.0	0.0	0.0	0.0	0.0	0.0	0.0	0.0	0.0	0.0	0.0	0.0	0.0	0.0	0.0	0.0	0.0	0.0	0.0	0.0	0.0	0.0	0.0	0.0
Bacteria;Firmicutes;Bacilli;Bacillales;Sporolactobacillaceae;Sporolactobacillus;Other	0.0	0.0	0.0	0.0	0.0	0.0	0.0	0.0	0.0	0.0	0.0	0.0	0.0	0.0	0.0	0.0	0.0	68.0	0.0	67.0	0.0	0.0	2.0	0.0	0.0	0.0	0.0	0.0	0.0	0.0	0.0	0.0	0.0	0.0	0.0	0.0	0.0	0.0	0.0	0.0	0.0	0.0	0.0	0.0	0.0	0.0	0.0	0.0	1.0	0.0	0.0	0.0	0.0	0.0	0.0	0.0	0.0	0.0	0.0	0.0	0.0	0.0	0.0	0.0	0.0	0.0	0.0	0.0	0.0	0.0	0.0	18.0	0.0	0.0	0.0	0.0	0.0	0.0	0.0	0.0	0.0	0.0	1.0	0.0	0.0	0.0	0.0	70.0
Bacteria;Firmicutes;Bacilli;Bacillales;Staphylococcaceae;Jeotgalicoccus;Jeotgalicoccus_sp._M3T9B12	0.0	0.0	0.0	0.0	0.0	0.0	0.0	0.0	0.0	0.0	0.0	0.0	0.0	0.0	0.0	0.0	0.0	0.0	0.0	33.0	0.0	0.0	0.0	0.0	0.0	0.0	0.0	0.0	0.0	0.0	0.0	0.0	0.0	0.0	0.0	0.0	0.0	0.0	0.0	0.0	0.0	0.0	0.0	0.0	0.0	0.0	0.0	0.0	0.0	0.0	0.0	0.0	0.0	0.0	0.0	0.0	0.0	0.0	0.0	0.0	0.0	0.0	0.0	0.0	0.0	0.0	0.0	0.0	0.0	0.0	0.0	0.0	0.0	0.0	0.0	0.0	0.0	0.0	0.0	0.0	0.0	0.0	0.0	0.0	0.0	0.0	0.0	0.0
Bacteria;Firmicutes;Bacilli;Bacillales;Staphylococcaceae;Jeotgalicoccus;Other	0.0	0.0	0.0	0.0	0.0	0.0	0.0	0.0	0.0	0.0	0.0	0.0	0.0	0.0	0.0	0.0	0.0	0.0	0.0	0.0	0.0	0.0	0.0	0.0	0.0	0.0	0.0	0.0	0.0	0.0	0.0	130.0	1.0	0.0	0.0	0.0	0.0	0.0	0.0	0.0	5.0	0.0	0.0	0.0	0.0	0.0	0.0	0.0	0.0	0.0	0.0	0.0	0.0	0.0	0.0	0.0	0.0	0.0	0.0	0.0	0.0	0.0	0.0	0.0	0.0	3.0	0.0	0.0	0.0	0.0	4.0	0.0	0.0	0.0	0.0	0.0	0.0	0.0	0.0	0.0	0.0	0.0	0.0	0.0	0.0	30.0	0.0	0.0
Bacteria;Firmicutes;Bacilli;Bacillales;Staphylococcaceae;Macrococcus;Macrococcus_brunensis	0.0	0.0	0.0	0.0	0.0	0.0	0.0	0.0	0.0	0.0	0.0	0.0	0.0	0.0	0.0	0.0	0.0	0.0	0.0	0.0	100.0	0.0	0.0	0.0	0.0	0.0	0.0	0.0	0.0	0.0	0.0	0.0	0.0	0.0	0.0	0.0	0.0	0.0	0.0	0.0	0.0	0.0	0.0	0.0	0.0	0.0	0.0	0.0	0.0	0.0	0.0	0.0	0.0	0.0	0.0	1.0	0.0	0.0	0.0	0.0	0.0	0.0	0.0	0.0	0.0	0.0	0.0	0.0	0.0	0.0	0.0	0.0	0.0	0.0	0.0	0.0	0.0	0.0	0.0	0.0	0.0	0.0	0.0	0.0	0.0	0.0	0.0	0.0
Bacteria;Firmicutes;Bacilli;Bacillales;Staphylococcaceae;Staphylococcus;Staphylococcus_capitis	0.0	0.0	0.0	135.0	32.0	40.0	0.0	20.0	25.0	0.0	0.0	0.0	3.0	20.0	50.0	0.0	50.0	1.0	103.0	99.0	0.0	0.0	0.0	0.0	1.0	37.0	0.0	117.0	29.0	0.0	285.0	158.0	18.0	0.0	1.0	0.0	8.0	0.0	67.0	0.0	31.0	140.0	14.0	0.0	0.0	0.0	154.0	0.0	20.0	1.0	77.0	0.0	25.0	2.0	358.0	54.0	0.0	0.0	1.0	0.0	90.0	3.0	125.0	25.0	0.0	402.0	80.0	0.0	5.0	0.0	1.0	203.0	55.0	9.0	26.0	0.0	0.0	0.0	60.0	0.0	0.0	171.0	0.0	0.0	438.0	0.0	361.0	0.0
Bacteria;Firmicutes;Bacilli;Bacillales;Staphylococcaceae;Staphylococcus;Staphylococcus_sciuri	64.0	19.0	0.0	0.0	0.0	0.0	0.0	257.0	34.0	0.0	0.0	0.0	9.0	0.0	0.0	0.0	0.0	0.0	0.0	0.0	0.0	174.0	0.0	45.0	0.0	0.0	0.0	0.0	0.0	59.0	0.0	0.0	27.0	0.0	0.0	0.0	6.0	0.0	175.0	0.0	0.0	0.0	4.0	0.0	0.0	0.0	0.0	0.0	0.0	0.0	0.0	0.0	413.0	0.0	0.0	0.0	5.0	0.0	0.0	0.0	0.0	43.0	0.0	0.0	0.0	2.0	0.0	0.0	0.0	0.0	0.0	0.0	0.0	0.0	97.0	0.0	0.0	0.0	0.0	0.0	1.0	0.0	0.0	0.0	0.0	0.0	1.0	0.0
Bacteria;Firmicutes;Bacilli;Bacillales;Thermoactinomycetaceae;Other;Other	0.0	0.0	0.0	0.0	0.0	0.0	0.0	0.0	0.0	0.0	0.0	0.0	42.0	1.0	0.0	0.0	10.0	0.0	0.0	0.0	0.0	10.0	0.0	0.0	0.0	754.0	0.0	0.0	0.0	0.0	0.0	0.0	0.0	0.0	0.0	0.0	0.0	0.0	0.0	0.0	72.0	0.0	3.0	0.0	0.0	0.0	0.0	0.0	0.0	0.0	0.0	0.0	0.0	46.0	20.0	0.0	0.0	0.0	0.0	0.0	0.0	0.0	214.0	0.0	0.0	0.0	0.0	0.0	3.0	0.0	40.0	1.0	0.0	0.0	0.0	0.0	0.0	0.0	0.0	0.0	0.0	0.0	0.0	0.0	0.0	0.0	0.0	0.0
Bacteria;Firmicutes;Bacilli;Bacillales;Thermoactinomycetaceae;Planifilum;Other	0.0	63.0	0.0	23.0	0.0	0.0	0.0	106.0	0.0	0.0	0.0	1.0	242.0	246.0	457.0	1.0	10.0	4.0	0.0	39.0	0.0	0.0	0.0	0.0	251.0	3186.0	0.0	0.0	233.0	0.0	289.0	0.0	2.0	277.0	0.0	0.0	0.0	118.0	2.0	0.0	933.0	0.0	1.0	1.0	0.0	0.0	0.0	75.0	0.0	14.0	0.0	0.0	0.0	238.0	245.0	0.0	36.0	73.0	0.0	0.0	0.0	2.0	184.0	0.0	0.0	0.0	33.0	0.0	8.0	0.0	0.0	11.0	77.0	12.0	0.0	0.0	0.0	0.0	0.0	0.0	336.0	0.0	0.0	85.0	1152.0	0.0	0.0	0.0
Bacteria;Firmicutes;Bacilli;Bacillales;Thermoactinomycetaceae;Seinonella;Other	0.0	0.0	0.0	0.0	0.0	0.0	0.0	0.0	0.0	0.0	0.0	0.0	149.0	0.0	0.0	0.0	1.0	0.0	0.0	0.0	0.0	0.0	10.0	0.0	0.0	8.0	0.0	0.0	0.0	0.0	0.0	0.0	0.0	0.0	0.0	0.0	0.0	0.0	0.0	0.0	297.0	0.0	0.0	42.0	0.0	0.0	0.0	0.0	0.0	0.0	0.0	0.0	0.0	0.0	0.0	0.0	0.0	0.0	0.0	0.0	0.0	0.0	0.0	0.0	0.0	0.0	0.0	2.0	17.0	0.0	0.0	0.0	0.0	0.0	0.0	0.0	0.0	0.0	0.0	0.0	0.0	0.0	0.0	0.0	0.0	0.0	0.0	0.0
Bacteria;Firmicutes;Bacilli;Bacillales;Thermoactinomycetaceae;Thermoactinomyces;Other	0.0	0.0	0.0	0.0	0.0	0.0	0.0	0.0	0.0	0.0	0.0	0.0	0.0	0.0	0.0	0.0	0.0	0.0	0.0	0.0	0.0	0.0	0.0	0.0	0.0	0.0	0.0	0.0	0.0	0.0	0.0	0.0	0.0	0.0	0.0	0.0	0.0	0.0	0.0	0.0	0.0	0.0	0.0	0.0	0.0	0.0	0.0	0.0	0.0	0.0	0.0	0.0	0.0	164.0	0.0	0.0	0.0	0.0	0.0	0.0	0.0	0.0	0.0	0.0	0.0	0.0	0.0	0.0	0.0	0.0	0.0	0.0	0.0	0.0	0.0	0.0	0.0	0.0	0.0	0.0	0.0	0.0	0.0	0.0	0.0	0.0	0.0	0.0
Bacteria;Firmicutes;Bacilli;Bacillales;Thermoactinomycetaceae;Thermoactinomyces;Thermoactinomyces_sanguinis	0.0	0.0	0.0	0.0	0.0	0.0	0.0	0.0	0.0	0.0	0.0	0.0	0.0	0.0	0.0	0.0	0.0	0.0	0.0	0.0	0.0	0.0	0.0	0.0	0.0	0.0	0.0	0.0	0.0	0.0	0.0	0.0	0.0	0.0	0.0	0.0	0.0	0.0	0.0	0.0	0.0	0.0	0.0	0.0	0.0	0.0	0.0	0.0	0.0	0.0	0.0	0.0	0.0	0.0	0.0	0.0	0.0	0.0	0.0	0.0	0.0	0.0	0.0	0.0	0.0	97.0	0.0	0.0	0.0	0.0	0.0	0.0	0.0	0.0	0.0	0.0	0.0	0.0	0.0	0.0	0.0	0.0	0.0	0.0	0.0	0.0	0.0	0.0
Bacteria;Firmicutes;Bacilli;Bacillales;Thermoactinomycetaceae;Thermoactinomyces;Thermoactinomyces_vulgaris	0.0	0.0	0.0	0.0	0.0	0.0	0.0	0.0	0.0	0.0	0.0	0.0	0.0	0.0	0.0	0.0	0.0	0.0	0.0	0.0	0.0	0.0	0.0	0.0	0.0	0.0	0.0	0.0	91.0	0.0	0.0	0.0	0.0	0.0	0.0	0.0	0.0	0.0	0.0	0.0	0.0	0.0	0.0	0.0	0.0	0.0	0.0	0.0	0.0	0.0	0.0	0.0	64.0	0.0	0.0	0.0	1.0	0.0	0.0	0.0	0.0	0.0	0.0	0.0	0.0	0.0	0.0	0.0	0.0	0.0	0.0	0.0	0.0	0.0	0.0	0.0	0.0	0.0	0.0	0.0	0.0	0.0	0.0	0.0	0.0	0.0	0.0	0.0
Bacteria;Firmicutes;Bacilli;Bacillales;Thermoactinomycetaceae;Thermoflavimicrobium;low_G+C_Gram-positive_bacterium_HTA1422	0.0	0.0	0.0	0.0	0.0	0.0	0.0	0.0	0.0	0.0	0.0	0.0	0.0	0.0	0.0	0.0	0.0	0.0	0.0	0.0	0.0	0.0	0.0	0.0	0.0	0.0	0.0	0.0	0.0	0.0	0.0	0.0	0.0	0.0	0.0	0.0	0.0	0.0	0.0	0.0	9.0	0.0	0.0	0.0	0.0	0.0	0.0	0.0	0.0	0.0	0.0	0.0	0.0	0.0	0.0	0.0	0.0	0.0	0.0	0.0	0.0	0.0	0.0	0.0	0.0	0.0	0.0	0.0	0.0	0.0	0.0	0.0	0.0	0.0	0.0	0.0	0.0	0.0	0.0	0.0	0.0	0.0	0.0	0.0	0.0	0.0	0.0	0.0
Bacteria;Firmicutes;Bacilli;Bacillales;Unclassified;Exiguobacterium;Exiguobacterium_aurantiacum	0.0	0.0	0.0	0.0	0.0	0.0	0.0	0.0	0.0	0.0	0.0	0.0	0.0	0.0	0.0	0.0	0.0	0.0	0.0	0.0	0.0	0.0	0.0	0.0	0.0	0.0	0.0	0.0	0.0	0.0	0.0	0.0	0.0	0.0	0.0	54.0	0.0	0.0	0.0	0.0	0.0	0.0	0.0	0.0	0.0	0.0	0.0	1.0	0.0	0.0	0.0	0.0	0.0	0.0	56.0	0.0	0.0	0.0	0.0	0.0	0.0	0.0	0.0	0.0	0.0	0.0	0.0	94.0	0.0	0.0	1.0	40.0	0.0	0.0	0.0	0.0	0.0	0.0	0.0	0.0	0.0	0.0	0.0	0.0	0.0	0.0	33.0	0.0
Bacteria;Firmicutes;Bacilli;Bacillales;Unclassified;Exiguobacterium;Exiguobacterium_sibiricum_255-15	0.0	0.0	0.0	293.0	0.0	0.0	0.0	0.0	0.0	0.0	0.0	0.0	0.0	0.0	0.0	0.0	32.0	0.0	0.0	0.0	0.0	0.0	0.0	0.0	0.0	0.0	0.0	0.0	0.0	0.0	0.0	0.0	0.0	0.0	0.0	0.0	12.0	0.0	0.0	0.0	0.0	1.0	0.0	0.0	0.0	0.0	1.0	0.0	0.0	0.0	0.0	0.0	0.0	0.0	0.0	116.0	0.0	0.0	13.0	0.0	0.0	0.0	0.0	0.0	0.0	0.0	1.0	79.0	0.0	0.0	0.0	0.0	0.0	0.0	0.0	0.0	0.0	0.0	0.0	0.0	0.0	0.0	0.0	0.0	0.0	0.0	0.0	0.0
Bacteria;Firmicutes;Bacilli;Bacillales;Unclassified;Gemella;Other	0.0	0.0	0.0	0.0	0.0	0.0	0.0	0.0	0.0	0.0	0.0	1.0	0.0	0.0	0.0	0.0	6.0	0.0	0.0	0.0	0.0	0.0	0.0	0.0	0.0	0.0	0.0	0.0	0.0	0.0	0.0	0.0	0.0	0.0	0.0	0.0	55.0	0.0	0.0	0.0	13.0	0.0	0.0	0.0	0.0	0.0	0.0	0.0	0.0	0.0	0.0	9.0	0.0	0.0	4.0	0.0	23.0	0.0	0.0	0.0	0.0	0.0	0.0	0.0	0.0	0.0	0.0	0.0	2.0	0.0	0.0	0.0	0.0	0.0	0.0	0.0	0.0	0.0	0.0	0.0	0.0	0.0	0.0	0.0	0.0	0.0	0.0	0.0
Bacteria;Firmicutes;Bacilli;Bacillales;Unclassified;Thermicanus;Other	0.0	0.0	0.0	0.0	0.0	0.0	0.0	22.0	0.0	0.0	0.0	0.0	0.0	0.0	0.0	0.0	0.0	0.0	0.0	0.0	0.0	0.0	0.0	0.0	0.0	904.0	0.0	0.0	0.0	0.0	0.0	0.0	0.0	0.0	0.0	0.0	0.0	0.0	0.0	0.0	0.0	0.0	0.0	0.0	0.0	0.0	0.0	0.0	0.0	0.0	0.0	0.0	0.0	0.0	0.0	0.0	0.0	0.0	0.0	0.0	0.0	0.0	0.0	0.0	0.0	0.0	0.0	0.0	0.0	0.0	0.0	1.0	0.0	0.0	0.0	0.0	0.0	0.0	0.0	0.0	0.0	0.0	0.0	0.0	0.0	0.0	0.0	0.0
Bacteria;Firmicutes;Bacilli;Lactobacillales;Aerococcaceae;Abiotrophia;Other	0.0	0.0	0.0	0.0	0.0	0.0	0.0	1.0	0.0	0.0	0.0	0.0	0.0	0.0	0.0	0.0	27.0	0.0	0.0	0.0	0.0	0.0	0.0	0.0	3.0	0.0	0.0	0.0	0.0	0.0	0.0	0.0	0.0	0.0	0.0	0.0	0.0	0.0	0.0	0.0	0.0	0.0	0.0	0.0	0.0	0.0	0.0	0.0	0.0	0.0	0.0	0.0	0.0	0.0	0.0	0.0	5.0	0.0	0.0	0.0	0.0	0.0	0.0	0.0	0.0	0.0	0.0	0.0	0.0	0.0	0.0	0.0	0.0	3.0	0.0	3.0	0.0	0.0	0.0	0.0	0.0	0.0	0.0	0.0	0.0	0.0	0.0	0.0
Bacteria;Firmicutes;Bacilli;Lactobacillales;Aerococcaceae;Aerococcus;Aerococcus_suis	0.0	0.0	0.0	0.0	0.0	0.0	0.0	0.0	0.0	0.0	0.0	0.0	0.0	0.0	0.0	0.0	0.0	0.0	0.0	0.0	0.0	0.0	0.0	0.0	0.0	0.0	0.0	0.0	0.0	0.0	0.0	0.0	0.0	0.0	0.0	0.0	0.0	0.0	0.0	0.0	0.0	0.0	0.0	0.0	0.0	0.0	0.0	1.0	0.0	0.0	0.0	0.0	0.0	0.0	0.0	0.0	0.0	0.0	0.0	0.0	0.0	0.0	0.0	0.0	0.0	0.0	0.0	0.0	0.0	0.0	2.0	323.0	0.0	0.0	0.0	0.0	0.0	0.0	0.0	0.0	0.0	0.0	0.0	0.0	0.0	0.0	0.0	0.0
Bacteria;Firmicutes;Bacilli;Lactobacillales;Aerococcaceae;Aerococcus;Aerococcus_viridans	0.0	0.0	0.0	0.0	0.0	0.0	0.0	0.0	0.0	0.0	0.0	0.0	0.0	0.0	0.0	0.0	0.0	0.0	0.0	0.0	0.0	0.0	0.0	0.0	0.0	0.0	0.0	0.0	0.0	0.0	0.0	0.0	0.0	0.0	0.0	0.0	0.0	0.0	0.0	0.0	0.0	0.0	0.0	0.0	15.0	144.0	0.0	0.0	0.0	0.0	0.0	2.0	0.0	0.0	76.0	0.0	0.0	0.0	0.0	0.0	0.0	0.0	0.0	0.0	0.0	0.0	0.0	0.0	0.0	0.0	0.0	0.0	0.0	0.0	0.0	0.0	0.0	1276.0	0.0	0.0	0.0	0.0	0.0	0.0	0.0	264.0	0.0	0.0
Bacteria;Firmicutes;Bacilli;Lactobacillales;Aerococcaceae;Facklamia;Other	0.0	0.0	0.0	0.0	0.0	0.0	0.0	0.0	0.0	0.0	0.0	0.0	0.0	0.0	0.0	0.0	0.0	0.0	0.0	0.0	0.0	0.0	0.0	0.0	0.0	0.0	0.0	0.0	0.0	0.0	0.0	0.0	0.0	0.0	0.0	0.0	0.0	0.0	0.0	179.0	0.0	0.0	0.0	0.0	0.0	0.0	0.0	0.0	0.0	0.0	0.0	0.0	0.0	0.0	0.0	0.0	0.0	0.0	0.0	0.0	0.0	0.0	0.0	0.0	0.0	0.0	0.0	0.0	0.0	0.0	0.0	0.0	0.0	0.0	0.0	0.0	0.0	0.0	0.0	0.0	0.0	0.0	0.0	0.0	0.0	0.0	0.0	0.0
Bacteria;Firmicutes;Bacilli;Lactobacillales;Carnobacteriaceae;Alloiococcus;Other	0.0	0.0	0.0	0.0	0.0	0.0	0.0	0.0	0.0	0.0	0.0	0.0	0.0	0.0	0.0	0.0	0.0	0.0	0.0	0.0	0.0	0.0	0.0	0.0	0.0	0.0	0.0	0.0	0.0	0.0	0.0	0.0	0.0	0.0	0.0	0.0	0.0	0.0	0.0	0.0	0.0	0.0	0.0	0.0	0.0	0.0	0.0	0.0	0.0	0.0	0.0	0.0	0.0	0.0	86.0	0.0	0.0	0.0	0.0	0.0	0.0	0.0	0.0	0.0	0.0	0.0	0.0	0.0	0.0	0.0	0.0	0.0	110.0	0.0	0.0	0.0	0.0	0.0	0.0	0.0	0.0	0.0	0.0	0.0	0.0	0.0	0.0	0.0
Bacteria;Firmicutes;Bacilli;Lactobacillales;Carnobacteriaceae;Atopostipes;Other	0.0	0.0	0.0	0.0	0.0	0.0	0.0	0.0	0.0	0.0	0.0	0.0	0.0	0.0	0.0	0.0	0.0	0.0	0.0	0.0	0.0	0.0	0.0	0.0	0.0	0.0	0.0	0.0	0.0	0.0	0.0	0.0	0.0	0.0	0.0	0.0	0.0	0.0	0.0	0.0	0.0	0.0	0.0	0.0	0.0	0.0	0.0	0.0	0.0	0.0	0.0	26.0	0.0	0.0	0.0	0.0	0.0	0.0	0.0	0.0	0.0	0.0	0.0	0.0	0.0	0.0	0.0	0.0	0.0	0.0	0.0	0.0	0.0	0.0	0.0	0.0	0.0	0.0	0.0	0.0	0.0	0.0	0.0	0.0	0.0	0.0	0.0	0.0
Bacteria;Firmicutes;Bacilli;Lactobacillales;Carnobacteriaceae;Dolosigranulum;Other	0.0	0.0	0.0	0.0	0.0	0.0	0.0	0.0	0.0	0.0	0.0	0.0	0.0	0.0	0.0	0.0	0.0	0.0	0.0	0.0	0.0	0.0	4.0	0.0	0.0	0.0	0.0	0.0	46.0	0.0	0.0	0.0	0.0	0.0	0.0	0.0	0.0	0.0	0.0	0.0	0.0	0.0	0.0	0.0	0.0	0.0	0.0	0.0	0.0	0.0	0.0	0.0	0.0	0.0	69.0	0.0	0.0	0.0	0.0	0.0	0.0	0.0	0.0	0.0	0.0	0.0	0.0	0.0	0.0	0.0	0.0	0.0	0.0	0.0	0.0	0.0	0.0	0.0	0.0	0.0	0.0	0.0	1.0	0.0	0.0	0.0	0.0	281.0
Bacteria;Firmicutes;Bacilli;Lactobacillales;Carnobacteriaceae;Granulicatella;Other	18.0	0.0	0.0	13.0	0.0	0.0	0.0	0.0	0.0	0.0	0.0	9.0	1.0	0.0	0.0	0.0	45.0	0.0	0.0	0.0	0.0	0.0	80.0	0.0	0.0	0.0	0.0	0.0	0.0	0.0	0.0	0.0	0.0	0.0	6.0	0.0	0.0	0.0	0.0	0.0	0.0	0.0	23.0	0.0	0.0	0.0	0.0	0.0	0.0	0.0	0.0	0.0	0.0	0.0	0.0	27.0	0.0	0.0	13.0	0.0	0.0	0.0	0.0	0.0	0.0	0.0	0.0	0.0	1.0	0.0	0.0	0.0	0.0	0.0	0.0	0.0	0.0	0.0	0.0	0.0	0.0	0.0	0.0	0.0	0.0	0.0	0.0	0.0
Bacteria;Firmicutes;Bacilli;Lactobacillales;Carnobacteriaceae;Trichococcus;Trichococcus_collinsii	0.0	0.0	0.0	0.0	0.0	0.0	0.0	0.0	0.0	0.0	17.0	0.0	0.0	0.0	0.0	0.0	0.0	0.0	0.0	0.0	0.0	0.0	0.0	0.0	0.0	1.0	0.0	0.0	0.0	0.0	0.0	0.0	0.0	0.0	0.0	0.0	0.0	0.0	0.0	0.0	0.0	38.0	0.0	0.0	0.0	0.0	0.0	0.0	0.0	0.0	0.0	0.0	0.0	0.0	0.0	0.0	0.0	0.0	0.0	0.0	77.0	0.0	0.0	0.0	0.0	0.0	0.0	0.0	0.0	0.0	0.0	0.0	0.0	70.0	0.0	0.0	0.0	0.0	0.0	0.0	0.0	0.0	0.0	2.0	0.0	0.0	0.0	0.0
Bacteria;Firmicutes;Bacilli;Lactobacillales;Enterococcaceae;Enterococcus;Enterococcus_durans	0.0	11.0	56.0	250.0	77.0	0.0	0.0	142.0	0.0	362.0	17.0	2.0	34.0	18.0	0.0	0.0	48.0	3.0	2.0	1.0	0.0	160.0	30.0	279.0	0.0	87.0	0.0	0.0	102.0	113.0	226.0	243.0	83.0	267.0	3.0	23.0	24.0	294.0	182.0	0.0	178.0	286.0	55.0	62.0	0.0	0.0	339.0	0.0	0.0	23.0	141.0	105.0	143.0	0.0	180.0	36.0	12.0	262.0	70.0	10.0	0.0	86.0	192.0	291.0	0.0	0.0	80.0	0.0	116.0	158.0	205.0	0.0	245.0	225.0	52.0	0.0	157.0	1.0	0.0	81.0	0.0	207.0	0.0	245.0	0.0	0.0	332.0	172.0
Bacteria;Firmicutes;Bacilli;Lactobacillales;Lactobacillaceae;Lactobacillus;Lactobacillus_agilis	0.0	0.0	0.0	0.0	0.0	0.0	0.0	0.0	0.0	0.0	0.0	0.0	0.0	0.0	0.0	0.0	0.0	0.0	0.0	0.0	0.0	148.0	0.0	3.0	0.0	0.0	0.0	0.0	0.0	0.0	0.0	0.0	0.0	0.0	0.0	0.0	0.0	0.0	0.0	0.0	0.0	0.0	0.0	0.0	0.0	0.0	0.0	0.0	0.0	0.0	0.0	0.0	0.0	0.0	0.0	0.0	0.0	0.0	0.0	0.0	38.0	0.0	0.0	0.0	0.0	0.0	0.0	0.0	0.0	0.0	0.0	0.0	0.0	0.0	0.0	0.0	0.0	0.0	0.0	0.0	0.0	0.0	0.0	0.0	0.0	0.0	0.0	0.0
Bacteria;Firmicutes;Bacilli;Lactobacillales;Lactobacillaceae;Lactobacillus;Lactobacillus_casei	0.0	0.0	0.0	36.0	0.0	0.0	0.0	0.0	0.0	302.0	0.0	7.0	3.0	210.0	0.0	56.0	18.0	20.0	0.0	0.0	0.0	0.0	0.0	0.0	17.0	129.0	0.0	0.0	0.0	32.0	0.0	0.0	5.0	77.0	0.0	0.0	0.0	0.0	64.0	0.0	24.0	2.0	0.0	46.0	0.0	0.0	0.0	1.0	0.0	0.0	0.0	0.0	0.0	0.0	145.0	0.0	33.0	33.0	0.0	0.0	0.0	0.0	0.0	0.0	0.0	0.0	0.0	0.0	110.0	0.0	0.0	1.0	0.0	262.0	0.0	1.0	8.0	0.0	0.0	0.0	0.0	216.0	0.0	22.0	0.0	0.0	73.0	0.0
Bacteria;Firmicutes;Bacilli;Lactobacillales;Lactobacillaceae;Lactobacillus;Lactobacillus_fermentum	65.0	0.0	0.0	47.0	0.0	0.0	0.0	0.0	0.0	0.0	0.0	24.0	2.0	1.0	0.0	0.0	0.0	0.0	0.0	8.0	0.0	0.0	0.0	0.0	0.0	13.0	0.0	0.0	1.0	0.0	49.0	1.0	67.0	104.0	19.0	0.0	48.0	0.0	0.0	0.0	12.0	0.0	37.0	39.0	0.0	0.0	1.0	142.0	0.0	111.0	23.0	0.0	0.0	0.0	65.0	59.0	42.0	1.0	28.0	0.0	0.0	6.0	1.0	261.0	0.0	0.0	19.0	0.0	178.0	0.0	0.0	0.0	0.0	0.0	0.0	0.0	21.0	0.0	0.0	0.0	0.0	0.0	0.0	12.0	0.0	0.0	0.0	0.0
Bacteria;Firmicutes;Bacilli;Lactobacillales;Lactobacillaceae;Lactobacillus;Lactobacillus_gasseri	0.0	0.0	0.0	0.0	0.0	16.0	0.0	0.0	0.0	0.0	0.0	1.0	0.0	0.0	0.0	0.0	0.0	0.0	0.0	0.0	0.0	0.0	0.0	0.0	0.0	0.0	0.0	0.0	0.0	0.0	0.0	0.0	0.0	17.0	0.0	0.0	1.0	1.0	0.0	0.0	0.0	0.0	0.0	0.0	0.0	0.0	0.0	6.0	0.0	0.0	0.0	0.0	0.0	0.0	0.0	0.0	0.0	0.0	0.0	0.0	0.0	0.0	0.0	0.0	0.0	0.0	0.0	0.0	0.0	88.0	0.0	0.0	0.0	0.0	111.0	0.0	0.0	0.0	0.0	0.0	0.0	0.0	0.0	0.0	0.0	0.0	0.0	0.0
Bacteria;Firmicutes;Bacilli;Lactobacillales;Lactobacillaceae;Lactobacillus;Lactobacillus_intestinalis	0.0	451.0	0.0	0.0	0.0	0.0	0.0	0.0	0.0	0.0	0.0	0.0	0.0	0.0	0.0	526.0	0.0	0.0	0.0	0.0	0.0	0.0	0.0	0.0	0.0	0.0	0.0	0.0	0.0	0.0	0.0	0.0	0.0	0.0	0.0	0.0	0.0	0.0	0.0	0.0	0.0	0.0	0.0	0.0	0.0	0.0	0.0	0.0	0.0	0.0	0.0	0.0	0.0	0.0	0.0	0.0	0.0	0.0	0.0	0.0	0.0	0.0	0.0	0.0	0.0	0.0	0.0	0.0	0.0	0.0	0.0	0.0	0.0	0.0	0.0	0.0	0.0	0.0	0.0	0.0	0.0	0.0	0.0	0.0	0.0	0.0	0.0	0.0
Bacteria;Firmicutes;Bacilli;Lactobacillales;Lactobacillaceae;Lactobacillus;Lactobacillus_mucosae	0.0	0.0	0.0	0.0	0.0	0.0	0.0	0.0	0.0	0.0	0.0	0.0	0.0	0.0	0.0	0.0	0.0	0.0	0.0	0.0	0.0	0.0	0.0	0.0	1.0	0.0	0.0	0.0	0.0	0.0	0.0	0.0	0.0	0.0	0.0	0.0	0.0	0.0	0.0	0.0	8.0	0.0	0.0	0.0	0.0	0.0	0.0	0.0	0.0	0.0	0.0	0.0	0.0	0.0	389.0	0.0	13.0	0.0	0.0	0.0	0.0	0.0	0.0	0.0	0.0	0.0	0.0	0.0	0.0	0.0	0.0	0.0	0.0	0.0	0.0	0.0	0.0	0.0	0.0	0.0	0.0	0.0	0.0	0.0	22.0	0.0	0.0	0.0
Bacteria;Firmicutes;Bacilli;Lactobacillales;Lactobacillaceae;Lactobacillus;Lactobacillus_murinus	1.0	0.0	0.0	0.0	0.0	0.0	0.0	0.0	0.0	0.0	0.0	0.0	0.0	0.0	0.0	159.0	0.0	0.0	0.0	0.0	0.0	0.0	0.0	2.0	0.0	0.0	0.0	0.0	0.0	0.0	2.0	0.0	0.0	0.0	0.0	0.0	0.0	57.0	0.0	0.0	0.0	0.0	2.0	82.0	0.0	0.0	0.0	0.0	0.0	0.0	0.0	0.0	0.0	0.0	0.0	0.0	0.0	0.0	0.0	0.0	0.0	0.0	0.0	243.0	0.0	0.0	0.0	0.0	0.0	0.0	0.0	0.0	0.0	0.0	0.0	0.0	0.0	0.0	0.0	0.0	0.0	0.0	0.0	0.0	0.0	0.0	0.0	0.0
Bacteria;Firmicutes;Bacilli;Lactobacillales;Lactobacillaceae;Lactobacillus;Lactobacillus_paralimentarius	0.0	0.0	0.0	0.0	0.0	0.0	0.0	0.0	0.0	0.0	0.0	0.0	0.0	0.0	0.0	0.0	5.0	0.0	0.0	0.0	0.0	0.0	0.0	0.0	0.0	0.0	0.0	0.0	0.0	0.0	0.0	0.0	0.0	0.0	0.0	0.0	0.0	0.0	0.0	0.0	0.0	0.0	0.0	0.0	0.0	0.0	0.0	0.0	0.0	0.0	10.0	0.0	0.0	0.0	0.0	0.0	0.0	0.0	0.0	0.0	0.0	0.0	0.0	0.0	0.0	0.0	0.0	0.0	0.0	0.0	0.0	0.0	0.0	0.0	0.0	0.0	0.0	0.0	0.0	0.0	0.0	0.0	0.0	0.0	0.0	0.0	0.0	0.0
Bacteria;Firmicutes;Bacilli;Lactobacillales;Lactobacillaceae;Lactobacillus;Lactobacillus_salivarius	148.0	141.0	438.0	0.0	83.0	0.0	0.0	0.0	0.0	0.0	22.0	23.0	4.0	0.0	0.0	0.0	0.0	8.0	0.0	145.0	0.0	67.0	83.0	0.0	0.0	0.0	0.0	0.0	0.0	73.0	384.0	108.0	78.0	244.0	118.0	0.0	159.0	150.0	173.0	0.0	4.0	74.0	1.0	293.0	0.0	0.0	1.0	0.0	2.0	0.0	145.0	288.0	0.0	274.0	0.0	30.0	195.0	48.0	26.0	125.0	0.0	0.0	54.0	394.0	0.0	0.0	0.0	41.0	126.0	0.0	68.0	0.0	271.0	45.0	0.0	1.0	155.0	1.0	123.0	0.0	0.0	69.0	1.0	0.0	0.0	0.0	0.0	0.0
Bacteria;Firmicutes;Bacilli;Lactobacillales;Lactobacillaceae;Lactobacillus;Lactobacillus_sp._30A	0.0	5.0	0.0	0.0	0.0	0.0	0.0	0.0	0.0	0.0	0.0	0.0	0.0	0.0	0.0	0.0	0.0	0.0	0.0	0.0	0.0	0.0	0.0	0.0	0.0	0.0	0.0	0.0	0.0	0.0	0.0	0.0	0.0	0.0	0.0	0.0	0.0	0.0	0.0	0.0	0.0	0.0	0.0	0.0	0.0	0.0	0.0	0.0	0.0	0.0	0.0	0.0	0.0	0.0	0.0	0.0	0.0	0.0	0.0	0.0	0.0	0.0	0.0	0.0	0.0	0.0	0.0	0.0	0.0	0.0	0.0	0.0	0.0	0.0	0.0	0.0	0.0	0.0	0.0	0.0	0.0	0.0	0.0	0.0	0.0	0.0	0.0	0.0
Bacteria;Firmicutes;Bacilli;Lactobacillales;Lactobacillaceae;Lactobacillus;Lactobacillus_sp._Mboho2r2	0.0	0.0	0.0	0.0	0.0	0.0	0.0	0.0	0.0	0.0	0.0	0.0	0.0	0.0	0.0	0.0	0.0	0.0	0.0	0.0	0.0	0.0	0.0	0.0	0.0	0.0	0.0	0.0	0.0	0.0	0.0	0.0	0.0	0.0	0.0	0.0	0.0	0.0	0.0	0.0	0.0	0.0	0.0	0.0	0.0	0.0	0.0	0.0	0.0	0.0	0.0	0.0	0.0	0.0	0.0	0.0	0.0	0.0	0.0	0.0	0.0	0.0	0.0	0.0	0.0	0.0	0.0	0.0	14.0	0.0	0.0	0.0	0.0	0.0	0.0	0.0	0.0	0.0	0.0	0.0	0.0	0.0	0.0	0.0	0.0	0.0	0.0	0.0
Bacteria;Firmicutes;Bacilli;Lactobacillales;Lactobacillaceae;Lactobacillus;Other	0.0	36.0	0.0	187.0	46.0	70.0	15.0	0.0	0.0	29.0	1.0	4.0	9.0	60.0	0.0	0.0	70.0	2.0	0.0	0.0	7.0	459.0	0.0	312.0	0.0	36.0	0.0	0.0	183.0	1.0	0.0	3.0	51.0	17.0	0.0	0.0	0.0	1.0	254.0	252.0	68.0	1.0	0.0	0.0	0.0	0.0	0.0	77.0	0.0	0.0	21.0	16.0	0.0	0.0	0.0	31.0	73.0	1.0	7.0	77.0	119.0	0.0	0.0	165.0	1.0	3.0	86.0	54.0	55.0	0.0	0.0	0.0	121.0	177.0	0.0	0.0	0.0	1.0	0.0	0.0	0.0	0.0	0.0	71.0	0.0	0.0	13.0	0.0
Bacteria;Firmicutes;Bacilli;Lactobacillales;Lactobacillaceae;Pediococcus;Pediococcus_acidilactici	0.0	0.0	0.0	0.0	0.0	0.0	0.0	0.0	0.0	0.0	0.0	0.0	0.0	0.0	0.0	0.0	0.0	0.0	0.0	0.0	0.0	0.0	0.0	0.0	0.0	0.0	0.0	0.0	0.0	0.0	0.0	0.0	0.0	0.0	0.0	0.0	0.0	0.0	0.0	0.0	0.0	0.0	0.0	0.0	0.0	0.0	0.0	0.0	0.0	0.0	0.0	0.0	0.0	0.0	0.0	0.0	0.0	0.0	0.0	0.0	0.0	0.0	0.0	0.0	0.0	0.0	0.0	0.0	15.0	0.0	0.0	0.0	0.0	0.0	0.0	0.0	0.0	0.0	0.0	0.0	0.0	0.0	0.0	0.0	0.0	0.0	0.0	0.0
Bacteria;Firmicutes;Bacilli;Lactobacillales;Leuconostocaceae;Leuconostoc;Leuconostoc_lactis	0.0	0.0	0.0	2.0	0.0	0.0	0.0	0.0	0.0	0.0	0.0	3.0	0.0	2.0	0.0	0.0	0.0	0.0	0.0	0.0	0.0	0.0	0.0	0.0	0.0	10.0	0.0	0.0	0.0	0.0	0.0	0.0	0.0	0.0	0.0	0.0	0.0	3.0	0.0	0.0	0.0	0.0	4.0	3.0	0.0	0.0	0.0	76.0	0.0	0.0	0.0	0.0	0.0	0.0	0.0	2.0	0.0	0.0	0.0	0.0	36.0	0.0	0.0	0.0	0.0	0.0	0.0	0.0	0.0	0.0	0.0	0.0	0.0	0.0	0.0	0.0	0.0	0.0	0.0	0.0	0.0	0.0	0.0	0.0	0.0	0.0	0.0	0.0
Bacteria;Firmicutes;Bacilli;Lactobacillales;Leuconostocaceae;Leuconostoc;Other	0.0	0.0	0.0	0.0	0.0	0.0	0.0	0.0	0.0	0.0	0.0	0.0	0.0	0.0	0.0	0.0	0.0	0.0	0.0	0.0	0.0	0.0	0.0	13.0	0.0	0.0	0.0	0.0	0.0	0.0	0.0	0.0	0.0	0.0	0.0	0.0	0.0	0.0	0.0	0.0	0.0	0.0	0.0	0.0	0.0	0.0	0.0	0.0	0.0	0.0	0.0	0.0	0.0	0.0	0.0	0.0	0.0	0.0	0.0	0.0	0.0	0.0	0.0	0.0	0.0	0.0	0.0	0.0	0.0	0.0	0.0	0.0	0.0	0.0	0.0	0.0	0.0	0.0	0.0	0.0	0.0	0.0	0.0	0.0	0.0	0.0	0.0	0.0
Bacteria;Firmicutes;Bacilli;Lactobacillales;Leuconostocaceae;Weissella;Weissella_cibaria	0.0	0.0	0.0	0.0	0.0	0.0	0.0	0.0	0.0	0.0	0.0	7.0	2.0	0.0	0.0	0.0	0.0	0.0	0.0	0.0	0.0	0.0	0.0	0.0	0.0	0.0	0.0	0.0	0.0	0.0	0.0	0.0	0.0	50.0	0.0	69.0	0.0	0.0	0.0	0.0	0.0	0.0	0.0	0.0	0.0	0.0	0.0	0.0	0.0	0.0	0.0	0.0	0.0	0.0	0.0	0.0	6.0	22.0	0.0	0.0	0.0	0.0	0.0	0.0	0.0	0.0	0.0	0.0	1.0	0.0	0.0	0.0	0.0	0.0	0.0	0.0	0.0	0.0	0.0	0.0	0.0	0.0	0.0	0.0	0.0	0.0	0.0	0.0
Bacteria;Firmicutes;Bacilli;Lactobacillales;Streptococcaceae;Lactococcus;Lactococcus_garvieae	0.0	177.0	7.0	0.0	0.0	0.0	0.0	0.0	0.0	0.0	1.0	9.0	0.0	31.0	0.0	0.0	0.0	0.0	145.0	0.0	0.0	0.0	0.0	67.0	0.0	0.0	0.0	0.0	0.0	203.0	0.0	0.0	0.0	0.0	162.0	0.0	0.0	2.0	0.0	449.0	0.0	0.0	0.0	18.0	0.0	83.0	0.0	2.0	0.0	0.0	14.0	0.0	0.0	0.0	204.0	0.0	100.0	0.0	22.0	0.0	0.0	0.0	0.0	0.0	0.0	1.0	0.0	0.0	14.0	0.0	0.0	0.0	0.0	0.0	0.0	200.0	53.0	0.0	6.0	0.0	0.0	0.0	0.0	0.0	0.0	0.0	0.0	0.0
Bacteria;Firmicutes;Bacilli;Lactobacillales;Streptococcaceae;Lactococcus;Lactococcus_lactis_subsp._lactis	0.0	0.0	0.0	22.0	0.0	0.0	0.0	69.0	0.0	0.0	0.0	6.0	0.0	0.0	0.0	0.0	13.0	0.0	18.0	0.0	0.0	0.0	0.0	95.0	0.0	50.0	0.0	0.0	0.0	0.0	3.0	0.0	0.0	123.0	9.0	0.0	0.0	0.0	0.0	0.0	0.0	0.0	0.0	0.0	0.0	0.0	0.0	0.0	0.0	0.0	0.0	0.0	0.0	0.0	0.0	0.0	39.0	0.0	0.0	1.0	0.0	9.0	3.0	88.0	0.0	0.0	16.0	0.0	17.0	0.0	0.0	0.0	42.0	0.0	0.0	330.0	0.0	0.0	0.0	0.0	0.0	0.0	0.0	28.0	0.0	0.0	5.0	0.0
Bacteria;Firmicutes;Bacilli;Lactobacillales;Streptococcaceae;Streptococcus;Other	0.0	0.0	0.0	0.0	0.0	0.0	0.0	5.0	0.0	0.0	0.0	0.0	4.0	0.0	0.0	4.0	0.0	2.0	7.0	0.0	0.0	297.0	0.0	2.0	1.0	1.0	366.0	440.0	361.0	98.0	73.0	0.0	139.0	183.0	0.0	0.0	13.0	0.0	0.0	112.0	7.0	22.0	0.0	0.0	0.0	21.0	0.0	0.0	0.0	0.0	0.0	0.0	0.0	0.0	0.0	0.0	5.0	18.0	1.0	0.0	0.0	14.0	0.0	121.0	0.0	2.0	6.0	0.0	8.0	11.0	0.0	0.0	311.0	0.0	78.0	0.0	0.0	0.0	0.0	229.0	0.0	409.0	0.0	25.0	79.0	0.0	61.0	0.0
Bacteria;Firmicutes;Bacilli;Lactobacillales;Streptococcaceae;Streptococcus;Streptococcus_anginosus	180.0	51.0	0.0	239.0	0.0	0.0	0.0	183.0	69.0	0.0	9.0	96.0	6.0	14.0	565.0	1.0	0.0	0.0	2.0	0.0	0.0	0.0	0.0	266.0	1.0	71.0	0.0	0.0	1.0	1.0	117.0	0.0	52.0	7.0	44.0	0.0	25.0	11.0	3.0	1.0	0.0	1.0	0.0	0.0	0.0	0.0	0.0	127.0	0.0	386.0	21.0	0.0	0.0	0.0	0.0	0.0	83.0	169.0	8.0	0.0	384.0	1.0	0.0	101.0	0.0	0.0	19.0	44.0	106.0	97.0	279.0	236.0	0.0	19.0	0.0	0.0	114.0	30.0	0.0	0.0	0.0	135.0	100.0	237.0	164.0	0.0	35.0	154.0
Bacteria;Firmicutes;Bacilli;Lactobacillales;Streptococcaceae;Streptococcus;Streptococcus_mutans	0.0	0.0	0.0	0.0	0.0	0.0	0.0	0.0	0.0	0.0	0.0	0.0	0.0	0.0	0.0	0.0	0.0	0.0	0.0	0.0	0.0	0.0	0.0	0.0	0.0	0.0	0.0	0.0	0.0	0.0	0.0	0.0	0.0	0.0	0.0	0.0	0.0	0.0	0.0	0.0	0.0	0.0	6.0	0.0	0.0	1.0	0.0	0.0	0.0	0.0	0.0	0.0	0.0	0.0	0.0	0.0	0.0	0.0	0.0	0.0	0.0	0.0	0.0	0.0	0.0	0.0	0.0	0.0	0.0	0.0	0.0	0.0	0.0	0.0	0.0	0.0	0.0	0.0	0.0	0.0	0.0	0.0	0.0	0.0	0.0	0.0	0.0	0.0
Bacteria;Firmicutes;Bacilli;Lactobacillales;Streptococcaceae;Streptococcus;Streptococcus_parasanguinis	0.0	0.0	603.0	7.0	0.0	0.0	0.0	34.0	0.0	0.0	72.0	235.0	31.0	318.0	0.0	291.0	87.0	5.0	161.0	257.0	0.0	8.0	4.0	189.0	0.0	27.0	6.0	46.0	118.0	72.0	286.0	0.0	153.0	342.0	39.0	161.0	72.0	51.0	309.0	1.0	37.0	0.0	152.0	195.0	0.0	0.0	40.0	440.0	82.0	1.0	439.0	146.0	562.0	0.0	183.0	65.0	268.0	234.0	144.0	353.0	58.0	0.0	3.0	254.0	1.0	5.0	53.0	96.0	133.0	20.0	101.0	0.0	46.0	84.0	19.0	0.0	162.0	0.0	0.0	36.0	0.0	187.0	211.0	82.0	0.0	0.0	252.0	166.0
Bacteria;Firmicutes;Bacilli;Lactobacillales;Streptococcaceae;Streptococcus;Streptococcus_pyogenes	58.0	11.0	0.0	149.0	84.0	0.0	0.0	31.0	394.0	0.0	8.0	0.0	1.0	2.0	4.0	775.0	51.0	17.0	1.0	41.0	0.0	144.0	0.0	1.0	0.0	0.0	0.0	206.0	0.0	57.0	444.0	166.0	656.0	1455.0	52.0	0.0	7.0	7.0	138.0	180.0	50.0	1.0	0.0	62.0	0.0	51.0	32.0	404.0	0.0	0.0	167.0	0.0	145.0	182.0	44.0	0.0	1.0	229.0	32.0	169.0	2.0	4.0	96.0	57.0	91.0	0.0	93.0	23.0	0.0	22.0	0.0	74.0	3.0	65.0	51.0	0.0	1.0	2.0	40.0	0.0	0.0	0.0	0.0	54.0	4.0	123.0	3284.0	30.0
Bacteria;Firmicutes;Bacilli;Lactobacillales;Streptococcaceae;Streptococcus;Streptococcus_salivarius	163.0	219.0	144.0	479.0	358.0	628.0	35.0	494.0	125.0	214.0	146.0	833.0	37.0	750.0	4.0	433.0	275.0	154.0	381.0	476.0	274.0	0.0	422.0	381.0	0.0	280.0	247.0	472.0	253.0	101.0	509.0	316.0	639.0	230.0	646.0	404.0	538.0	118.0	581.0	123.0	179.0	80.0	323.0	179.0	0.0	0.0	25.0	461.0	208.0	245.0	976.0	882.0	223.0	112.0	506.0	337.0	618.0	614.0	373.0	3.0	6.0	1.0	545.0	516.0	0.0	10.0	265.0	86.0	496.0	503.0	371.0	211.0	82.0	318.0	68.0	198.0	76.0	3.0	66.0	0.0	1.0	864.0	77.0	571.0	8.0	0.0	231.0	0.0
Bacteria;Firmicutes;Bacilli;Other;Other;Other;Other	0.0	0.0	0.0	0.0	0.0	0.0	0.0	0.0	0.0	0.0	0.0	0.0	24.0	0.0	0.0	0.0	0.0	0.0	0.0	0.0	0.0	0.0	0.0	0.0	0.0	0.0	0.0	0.0	0.0	0.0	0.0	0.0	0.0	0.0	0.0	0.0	0.0	0.0	0.0	0.0	46.0	1.0	0.0	0.0	0.0	0.0	0.0	0.0	0.0	0.0	0.0	0.0	0.0	0.0	32.0	0.0	10.0	0.0	0.0	0.0	0.0	0.0	0.0	0.0	0.0	0.0	0.0	0.0	6.0	0.0	0.0	0.0	0.0	0.0	0.0	0.0	21.0	0.0	0.0	0.0	0.0	0.0	0.0	0.0	0.0	0.0	0.0	0.0
Bacteria;Firmicutes;Clostridia;Clostridiales;Christensenellaceae;Christensenella;Christensenella_minuta	0.0	0.0	0.0	0.0	0.0	0.0	0.0	0.0	0.0	0.0	0.0	2.0	0.0	0.0	0.0	0.0	0.0	0.0	0.0	0.0	0.0	0.0	0.0	0.0	0.0	0.0	0.0	0.0	0.0	0.0	0.0	0.0	0.0	0.0	0.0	0.0	0.0	0.0	30.0	0.0	0.0	0.0	0.0	0.0	0.0	0.0	0.0	0.0	0.0	0.0	0.0	0.0	0.0	0.0	0.0	0.0	8.0	0.0	0.0	0.0	0.0	0.0	41.0	1.0	0.0	0.0	0.0	0.0	0.0	0.0	0.0	0.0	0.0	0.0	0.0	0.0	0.0	0.0	0.0	0.0	0.0	0.0	0.0	0.0	0.0	0.0	0.0	0.0
Bacteria;Firmicutes;Clostridia;Clostridiales;Christensenellaceae;Christensenella;Other	0.0	0.0	0.0	0.0	0.0	0.0	104.0	0.0	0.0	0.0	5.0	4.0	0.0	0.0	0.0	0.0	0.0	0.0	0.0	0.0	0.0	0.0	0.0	26.0	0.0	0.0	0.0	0.0	0.0	0.0	0.0	0.0	0.0	0.0	0.0	0.0	0.0	0.0	60.0	0.0	0.0	0.0	0.0	0.0	0.0	0.0	0.0	0.0	0.0	0.0	0.0	0.0	0.0	0.0	0.0	0.0	24.0	0.0	0.0	0.0	0.0	0.0	0.0	0.0	0.0	0.0	0.0	0.0	0.0	0.0	0.0	0.0	0.0	0.0	0.0	0.0	0.0	0.0	0.0	0.0	0.0	0.0	0.0	204.0	0.0	0.0	0.0	0.0
Bacteria;Firmicutes;Clostridia;Clostridiales;Christensenellaceae;Other;Other	0.0	47.0	0.0	34.0	29.0	0.0	0.0	31.0	0.0	0.0	4.0	377.0	12.0	1.0	0.0	55.0	102.0	285.0	354.0	2.0	0.0	0.0	280.0	1.0	0.0	151.0	0.0	43.0	0.0	0.0	0.0	54.0	0.0	155.0	81.0	0.0	218.0	0.0	37.0	0.0	28.0	0.0	16.0	22.0	0.0	0.0	163.0	16.0	0.0	0.0	143.0	0.0	0.0	2.0	0.0	112.0	845.0	76.0	192.0	0.0	256.0	33.0	188.0	568.0	0.0	3.0	60.0	27.0	666.0	204.0	132.0	1.0	19.0	0.0	0.0	2.0	306.0	0.0	350.0	0.0	0.0	138.0	52.0	202.0	0.0	160.0	1.0	0.0
Bacteria;Firmicutes;Clostridia;Clostridiales;Christensenellaceae;Unclassified;bacterium_R2	0.0	0.0	0.0	0.0	0.0	0.0	0.0	0.0	0.0	0.0	0.0	8.0	0.0	0.0	0.0	0.0	0.0	0.0	0.0	0.0	0.0	0.0	0.0	0.0	0.0	0.0	0.0	0.0	0.0	0.0	0.0	0.0	0.0	0.0	0.0	0.0	0.0	0.0	0.0	0.0	0.0	0.0	0.0	0.0	0.0	0.0	0.0	0.0	0.0	0.0	0.0	0.0	0.0	0.0	0.0	0.0	5.0	0.0	0.0	0.0	0.0	0.0	0.0	0.0	0.0	0.0	0.0	0.0	0.0	0.0	0.0	0.0	0.0	0.0	0.0	0.0	0.0	0.0	0.0	0.0	0.0	0.0	0.0	0.0	0.0	0.0	0.0	0.0
Bacteria;Firmicutes;Clostridia;Clostridiales;Defluviitaleaceae;Other;Other	0.0	0.0	0.0	0.0	0.0	223.0	167.0	0.0	0.0	0.0	35.0	61.0	11.0	124.0	0.0	0.0	0.0	0.0	0.0	0.0	1.0	0.0	0.0	83.0	0.0	0.0	0.0	0.0	0.0	0.0	0.0	0.0	0.0	44.0	69.0	0.0	0.0	0.0	1.0	0.0	0.0	0.0	0.0	0.0	0.0	0.0	0.0	0.0	6.0	0.0	32.0	0.0	0.0	0.0	0.0	34.0	68.0	0.0	0.0	0.0	0.0	0.0	0.0	75.0	0.0	0.0	0.0	0.0	43.0	0.0	4.0	0.0	8.0	0.0	0.0	0.0	0.0	0.0	0.0	0.0	0.0	0.0	0.0	0.0	0.0	0.0	0.0	0.0
Bacteria;Firmicutes;Clostridia;Clostridiales;Defluviitaleaceae;Unclassified;unidentified	0.0	0.0	0.0	0.0	0.0	34.0	0.0	0.0	0.0	121.0	0.0	101.0	4.0	106.0	0.0	0.0	21.0	0.0	0.0	0.0	0.0	0.0	48.0	79.0	0.0	0.0	0.0	0.0	0.0	0.0	0.0	1.0	85.0	0.0	0.0	0.0	67.0	0.0	0.0	0.0	19.0	0.0	3.0	0.0	0.0	0.0	0.0	0.0	0.0	0.0	0.0	0.0	0.0	0.0	0.0	0.0	100.0	0.0	30.0	0.0	227.0	2.0	170.0	0.0	0.0	0.0	27.0	90.0	24.0	96.0	1.0	60.0	226.0	99.0	0.0	0.0	0.0	0.0	0.0	0.0	0.0	302.0	0.0	10.0	0.0	0.0	10.0	0.0
Bacteria;Firmicutes;Clostridia;Clostridiales;Eubacteriaceae;Anaerofustis;Anaerofustis_stercorihominis_DSM_17244	0.0	0.0	0.0	0.0	0.0	0.0	0.0	0.0	0.0	0.0	0.0	0.0	0.0	0.0	0.0	0.0	0.0	0.0	0.0	0.0	0.0	0.0	0.0	0.0	0.0	0.0	0.0	0.0	0.0	0.0	0.0	0.0	0.0	0.0	0.0	0.0	0.0	0.0	0.0	0.0	0.0	59.0	0.0	0.0	0.0	0.0	0.0	0.0	0.0	0.0	0.0	0.0	0.0	0.0	0.0	0.0	0.0	0.0	0.0	0.0	0.0	0.0	0.0	0.0	0.0	0.0	0.0	0.0	0.0	0.0	0.0	0.0	0.0	0.0	0.0	0.0	0.0	0.0	0.0	0.0	0.0	0.0	0.0	0.0	0.0	0.0	0.0	0.0
Bacteria;Firmicutes;Clostridia;Clostridiales;Eubacteriaceae;Eubacterium;Eubacterium_limosum_KIST612	0.0	0.0	0.0	1.0	0.0	0.0	0.0	0.0	0.0	0.0	0.0	0.0	0.0	0.0	0.0	2.0	0.0	0.0	0.0	0.0	0.0	0.0	0.0	0.0	219.0	0.0	0.0	0.0	178.0	0.0	0.0	0.0	0.0	0.0	0.0	0.0	0.0	0.0	0.0	0.0	0.0	0.0	0.0	0.0	0.0	0.0	0.0	0.0	0.0	0.0	0.0	0.0	0.0	0.0	0.0	0.0	0.0	0.0	0.0	0.0	0.0	0.0	0.0	0.0	0.0	0.0	0.0	0.0	0.0	0.0	0.0	0.0	0.0	0.0	0.0	0.0	0.0	0.0	0.0	0.0	0.0	0.0	0.0	0.0	0.0	0.0	0.0	0.0
Bacteria;Firmicutes;Clostridia;Clostridiales;Eubacteriaceae;Eubacterium;Other	0.0	0.0	0.0	0.0	0.0	0.0	0.0	0.0	0.0	0.0	0.0	0.0	0.0	0.0	0.0	0.0	0.0	0.0	0.0	0.0	0.0	0.0	0.0	0.0	0.0	0.0	0.0	0.0	0.0	0.0	0.0	0.0	0.0	0.0	0.0	0.0	0.0	0.0	0.0	0.0	0.0	0.0	2.0	0.0	0.0	0.0	0.0	0.0	0.0	0.0	0.0	0.0	0.0	0.0	0.0	0.0	0.0	0.0	0.0	0.0	0.0	0.0	139.0	0.0	0.0	0.0	0.0	0.0	0.0	0.0	0.0	0.0	0.0	0.0	0.0	0.0	0.0	0.0	0.0	0.0	0.0	0.0	0.0	0.0	0.0	0.0	0.0	0.0
Bacteria;Firmicutes;Clostridia;Clostridiales;Lachnospiraceae;Anaerosporobacter;Other	0.0	0.0	0.0	18.0	0.0	0.0	0.0	0.0	0.0	0.0	0.0	493.0	19.0	38.0	0.0	278.0	105.0	3.0	1.0	55.0	0.0	0.0	0.0	80.0	222.0	7.0	0.0	0.0	395.0	2.0	259.0	0.0	3.0	191.0	225.0	0.0	137.0	67.0	10.0	0.0	3.0	0.0	0.0	0.0	0.0	1.0	0.0	0.0	0.0	0.0	185.0	0.0	0.0	0.0	0.0	36.0	193.0	174.0	77.0	21.0	0.0	0.0	138.0	42.0	0.0	0.0	127.0	0.0	223.0	27.0	897.0	2.0	15.0	0.0	0.0	0.0	6.0	0.0	0.0	1.0	0.0	116.0	26.0	126.0	0.0	0.0	0.0	0.0
Bacteria;Firmicutes;Clostridia;Clostridiales;Lachnospiraceae;Anaerostipes;Anaerostipes_caccae_DSM_14662	0.0	0.0	0.0	51.0	0.0	0.0	0.0	0.0	0.0	0.0	0.0	13.0	0.0	0.0	0.0	0.0	2.0	0.0	0.0	0.0	0.0	45.0	0.0	16.0	0.0	0.0	0.0	0.0	0.0	0.0	19.0	0.0	0.0	0.0	0.0	0.0	0.0	11.0	15.0	0.0	0.0	1.0	8.0	0.0	0.0	0.0	0.0	0.0	0.0	0.0	0.0	0.0	0.0	0.0	0.0	0.0	0.0	0.0	0.0	0.0	0.0	0.0	0.0	0.0	0.0	0.0	0.0	0.0	29.0	0.0	0.0	0.0	21.0	0.0	0.0	0.0	0.0	0.0	0.0	0.0	0.0	0.0	0.0	0.0	0.0	0.0	0.0	0.0
Bacteria;Firmicutes;Clostridia;Clostridiales;Lachnospiraceae;Anaerostipes;Other	205.0	634.0	1336.0	522.0	330.0	0.0	347.0	832.0	78.0	0.0	68.0	360.0	155.0	424.0	2.0	223.0	814.0	134.0	735.0	582.0	241.0	0.0	257.0	361.0	60.0	44.0	372.0	660.0	5.0	1200.0	127.0	74.0	275.0	98.0	341.0	643.0	834.0	4.0	661.0	684.0	126.0	172.0	1320.0	314.0	470.0	261.0	239.0	142.0	1516.0	1317.0	456.0	0.0	0.0	250.0	339.0	1101.0	375.0	597.0	808.0	475.0	604.0	9.0	997.0	601.0	0.0	13.0	938.0	94.0	689.0	825.0	44.0	159.0	364.0	438.0	0.0	50.0	247.0	73.0	211.0	113.0	174.0	821.0	1424.0	259.0	0.0	94.0	765.0	148.0
Bacteria;Firmicutes;Clostridia;Clostridiales;Lachnospiraceae;Blautia;Blautia_producta	0.0	0.0	0.0	282.0	13.0	0.0	0.0	18.0	0.0	103.0	0.0	161.0	22.0	131.0	0.0	0.0	1.0	2.0	144.0	111.0	0.0	133.0	119.0	90.0	0.0	41.0	1.0	66.0	175.0	27.0	258.0	112.0	3.0	27.0	65.0	102.0	0.0	486.0	44.0	0.0	99.0	15.0	42.0	366.0	0.0	0.0	65.0	147.0	6.0	63.0	582.0	0.0	0.0	0.0	174.0	146.0	511.0	161.0	64.0	0.0	89.0	127.0	263.0	82.0	106.0	3.0	119.0	201.0	281.0	7.0	2.0	134.0	294.0	151.0	107.0	0.0	35.0	1.0	72.0	52.0	0.0	266.0	130.0	182.0	0.0	0.0	31.0	0.0
Bacteria;Firmicutes;Clostridia;Clostridiales;Lachnospiraceae;Blautia;Other	99.0	778.0	1105.0	1435.0	1931.0	0.0	14.0	196.0	314.0	338.0	118.0	425.0	270.0	783.0	596.0	454.0	1366.0	728.0	1387.0	612.0	1246.0	465.0	308.0	298.0	363.0	64.0	255.0	1093.0	19.0	1084.0	957.0	4.0	1047.0	412.0	190.0	122.0	696.0	543.0	181.0	1634.0	169.0	799.0	2150.0	162.0	141.0	195.0	236.0	504.0	1444.0	1210.0	1388.0	87.0	3.0	308.0	526.0	1696.0	644.0	461.0	1192.0	97.0	204.0	43.0	178.0	853.0	134.0	22.0	1714.0	153.0	852.0	120.0	491.0	47.0	539.0	234.0	55.0	1398.0	31.0	370.0	1079.0	179.0	565.0	433.0	1155.0	582.0	7.0	191.0	954.0	34.0
Bacteria;Firmicutes;Clostridia;Clostridiales;Lachnospiraceae;Blautia;Ruminococcus_sp._5_1_39BFAA	1241.0	1713.0	3247.0	2110.0	2486.0	191.0	568.0	1857.0	506.0	1557.0	216.0	1068.0	414.0	1728.0	1334.0	840.0	2035.0	1289.0	2288.0	1486.0	1498.0	458.0	977.0	807.0	1001.0	312.0	172.0	1463.0	664.0	1725.0	970.0	1033.0	2106.0	1581.0	578.0	440.0	2116.0	1572.0	1115.0	805.0	520.0	872.0	2107.0	687.0	297.0	733.0	436.0	1131.0	2591.0	1806.0	2869.0	1372.0	364.0	655.0	192.0	2537.0	1645.0	1613.0	2279.0	1344.0	1464.0	315.0	262.0	1313.0	166.0	201.0	2682.0	328.0	2401.0	2556.0	704.0	354.0	1053.0	1420.0	496.0	1936.0	860.0	861.0	2133.0	448.0	1440.0	1733.0	2262.0	2102.0	297.0	344.0	1402.0	1283.0
Bacteria;Firmicutes;Clostridia;Clostridiales;Lachnospiraceae;Blautia;[Ruminococcus]_obeum	108.0	64.0	83.0	817.0	2.0	0.0	70.0	278.0	135.0	812.0	293.0	1134.0	46.0	414.0	0.0	4.0	188.0	369.0	606.0	372.0	50.0	233.0	511.0	1116.0	479.0	360.0	288.0	641.0	427.0	56.0	1818.0	1065.0	835.0	1133.0	681.0	22.0	68.0	853.0	1102.0	1.0	241.0	29.0	142.0	548.0	2.0	0.0	1258.0	592.0	63.0	305.0	590.0	1039.0	0.0	578.0	231.0	359.0	948.0	1783.0	347.0	2571.0	247.0	33.0	6.0	591.0	3.0	131.0	493.0	484.0	815.0	758.0	655.0	9.0	1086.0	840.0	5.0	82.0	281.0	97.0	322.0	195.0	2.0	552.0	40.0	1467.0	592.0	619.0	494.0	191.0
Bacteria;Firmicutes;Clostridia;Clostridiales;Lachnospiraceae;Blautia;unidentified	0.0	1.0	2.0	20.0	0.0	1.0	128.0	212.0	0.0	0.0	1.0	320.0	16.0	2.0	1.0	0.0	183.0	57.0	61.0	0.0	29.0	0.0	1.0	0.0	0.0	53.0	0.0	1.0	0.0	1.0	141.0	0.0	31.0	156.0	218.0	0.0	5.0	0.0	7.0	1.0	5.0	2.0	0.0	0.0	3.0	0.0	497.0	52.0	0.0	0.0	205.0	44.0	0.0	0.0	0.0	54.0	59.0	73.0	26.0	0.0	0.0	0.0	0.0	215.0	1.0	0.0	265.0	0.0	204.0	126.0	224.0	0.0	134.0	39.0	1.0	0.0	0.0	1.0	74.0	0.0	3.0	1.0	1.0	1.0	0.0	1.0	82.0	0.0
Bacteria;Firmicutes;Clostridia;Clostridiales;Lachnospiraceae;Catonella;Catonella_sp._canine_oral_taxon_158	0.0	0.0	0.0	0.0	0.0	0.0	0.0	0.0	0.0	0.0	0.0	0.0	0.0	0.0	0.0	0.0	0.0	0.0	0.0	0.0	0.0	0.0	0.0	0.0	0.0	0.0	0.0	0.0	0.0	0.0	0.0	0.0	0.0	0.0	0.0	0.0	0.0	0.0	0.0	0.0	0.0	0.0	0.0	0.0	0.0	0.0	0.0	0.0	0.0	0.0	0.0	0.0	0.0	0.0	0.0	0.0	0.0	0.0	0.0	0.0	0.0	0.0	0.0	0.0	0.0	0.0	214.0	0.0	0.0	0.0	0.0	0.0	0.0	0.0	0.0	0.0	0.0	0.0	0.0	0.0	0.0	0.0	0.0	0.0	0.0	0.0	0.0	0.0
Bacteria;Firmicutes;Clostridia;Clostridiales;Lachnospiraceae;Cellulosilyticum;Other	0.0	0.0	0.0	0.0	0.0	0.0	0.0	0.0	0.0	0.0	0.0	7.0	0.0	0.0	0.0	0.0	0.0	0.0	0.0	0.0	0.0	0.0	0.0	0.0	0.0	0.0	0.0	0.0	0.0	0.0	0.0	0.0	28.0	0.0	0.0	0.0	0.0	0.0	0.0	0.0	0.0	0.0	0.0	0.0	0.0	0.0	0.0	0.0	0.0	0.0	0.0	0.0	0.0	0.0	0.0	0.0	0.0	0.0	0.0	0.0	0.0	0.0	0.0	0.0	0.0	0.0	0.0	0.0	0.0	0.0	0.0	0.0	0.0	0.0	0.0	0.0	0.0	0.0	0.0	0.0	0.0	0.0	0.0	0.0	0.0	0.0	0.0	0.0
Bacteria;Firmicutes;Clostridia;Clostridiales;Lachnospiraceae;Coprococcus;Clostridium_nexile	93.0	560.0	1706.0	462.0	2248.0	0.0	0.0	1.0	66.0	557.0	0.0	157.0	202.0	218.0	171.0	21.0	1581.0	148.0	669.0	391.0	1099.0	38.0	56.0	342.0	42.0	0.0	0.0	1056.0	1.0	1262.0	103.0	1.0	577.0	37.0	30.0	179.0	620.0	187.0	5.0	1.0	18.0	609.0	1311.0	6.0	249.0	1.0	25.0	132.0	1933.0	687.0	591.0	0.0	0.0	76.0	0.0	635.0	37.0	65.0	850.0	0.0	0.0	24.0	46.0	0.0	0.0	9.0	912.0	7.0	157.0	50.0	47.0	16.0	312.0	1.0	0.0	38.0	24.0	22.0	501.0	3.0	71.0	411.0	1724.0	239.0	0.0	0.0	781.0	91.0
Bacteria;Firmicutes;Clostridia;Clostridiales;Lachnospiraceae;Coprococcus;Coprococcus_catus	52.0	153.0	199.0	92.0	952.0	0.0	0.0	448.0	641.0	171.0	0.0	310.0	17.0	298.0	0.0	0.0	106.0	3.0	97.0	0.0	0.0	0.0	169.0	68.0	127.0	36.0	4.0	125.0	0.0	88.0	3.0	3.0	177.0	204.0	150.0	0.0	255.0	0.0	231.0	0.0	6.0	116.0	327.0	31.0	35.0	0.0	0.0	76.0	249.0	328.0	231.0	0.0	0.0	195.0	170.0	118.0	192.0	313.0	75.0	222.0	0.0	0.0	211.0	140.0	0.0	615.0	41.0	75.0	60.0	0.0	124.0	96.0	45.0	139.0	0.0	175.0	178.0	168.0	0.0	0.0	13.0	0.0	154.0	107.0	0.0	0.0	0.0	0.0
Bacteria;Firmicutes;Clostridia;Clostridiales;Lachnospiraceae;Coprococcus;Other	0.0	0.0	0.0	0.0	0.0	0.0	0.0	0.0	0.0	0.0	0.0	10.0	0.0	0.0	0.0	0.0	0.0	0.0	0.0	0.0	0.0	0.0	0.0	0.0	0.0	0.0	0.0	0.0	0.0	0.0	0.0	0.0	0.0	0.0	0.0	0.0	0.0	0.0	0.0	0.0	5.0	0.0	0.0	0.0	0.0	0.0	0.0	0.0	0.0	0.0	0.0	0.0	0.0	0.0	0.0	0.0	17.0	0.0	0.0	0.0	0.0	0.0	0.0	0.0	0.0	0.0	5.0	0.0	0.0	0.0	0.0	0.0	0.0	0.0	0.0	0.0	0.0	0.0	0.0	0.0	0.0	0.0	0.0	0.0	0.0	0.0	0.0	0.0
Bacteria;Firmicutes;Clostridia;Clostridiales;Lachnospiraceae;Coprococcus;butyrate-producing_bacterium_L2-50	0.0	0.0	2.0	0.0	44.0	0.0	421.0	0.0	0.0	0.0	23.0	51.0	3.0	8.0	0.0	0.0	0.0	0.0	1.0	0.0	0.0	0.0	0.0	0.0	0.0	7.0	0.0	166.0	0.0	0.0	1.0	0.0	0.0	0.0	1.0	0.0	0.0	0.0	1.0	0.0	24.0	33.0	0.0	0.0	0.0	0.0	0.0	188.0	26.0	0.0	0.0	0.0	0.0	0.0	0.0	0.0	68.0	22.0	0.0	0.0	0.0	0.0	0.0	452.0	0.0	0.0	0.0	15.0	49.0	0.0	8.0	1.0	0.0	0.0	0.0	0.0	0.0	0.0	0.0	0.0	0.0	0.0	0.0	0.0	0.0	0.0	0.0	0.0
Bacteria;Firmicutes;Clostridia;Clostridiales;Lachnospiraceae;Dorea;Dorea_formicigenerans_ATCC_27755	0.0	1475.0	51.0	300.0	277.0	1.0	1.0	0.0	0.0	1.0	0.0	207.0	39.0	17.0	0.0	0.0	317.0	119.0	204.0	217.0	353.0	0.0	128.0	120.0	0.0	0.0	0.0	462.0	0.0	175.0	217.0	254.0	279.0	14.0	22.0	134.0	65.0	0.0	101.0	0.0	18.0	1.0	435.0	0.0	495.0	0.0	243.0	189.0	425.0	119.0	165.0	0.0	0.0	158.0	62.0	195.0	113.0	31.0	339.0	48.0	0.0	7.0	0.0	248.0	0.0	2.0	278.0	2.0	117.0	294.0	22.0	393.0	65.0	0.0	3.0	314.0	0.0	3.0	273.0	0.0	0.0	0.0	246.0	68.0	303.0	0.0	277.0	0.0
Bacteria;Firmicutes;Clostridia;Clostridiales;Lachnospiraceae;Dorea;Other	39.0	52.0	1023.0	239.0	0.0	0.0	185.0	353.0	137.0	1.0	45.0	221.0	32.0	244.0	54.0	395.0	79.0	188.0	2.0	310.0	1.0	163.0	62.0	148.0	1.0	20.0	0.0	119.0	331.0	47.0	2.0	85.0	107.0	284.0	220.0	0.0	59.0	374.0	2.0	309.0	123.0	287.0	89.0	605.0	1.0	0.0	315.0	636.0	91.0	288.0	37.0	57.0	0.0	1.0	183.0	66.0	356.0	381.0	201.0	248.0	338.0	194.0	475.0	622.0	0.0	0.0	248.0	41.0	219.0	142.0	90.0	67.0	400.0	248.0	90.0	283.0	103.0	12.0	79.0	360.0	417.0	0.0	359.0	57.0	0.0	0.0	33.0	0.0
Bacteria;Firmicutes;Clostridia;Clostridiales;Lachnospiraceae;Lachnoanaerobaculum;Other	0.0	0.0	0.0	0.0	0.0	0.0	0.0	0.0	0.0	0.0	0.0	2.0	0.0	0.0	0.0	0.0	0.0	0.0	14.0	0.0	0.0	0.0	0.0	0.0	0.0	0.0	0.0	0.0	0.0	0.0	0.0	0.0	0.0	0.0	0.0	0.0	0.0	0.0	0.0	0.0	0.0	0.0	0.0	0.0	0.0	0.0	0.0	0.0	0.0	0.0	0.0	0.0	0.0	0.0	0.0	0.0	3.0	0.0	0.0	0.0	0.0	0.0	0.0	0.0	0.0	0.0	0.0	0.0	0.0	0.0	0.0	0.0	0.0	0.0	0.0	0.0	0.0	0.0	0.0	0.0	0.0	0.0	0.0	0.0	0.0	0.0	0.0	0.0
Bacteria;Firmicutes;Clostridia;Clostridiales;Lachnospiraceae;Lachnospira;Other	221.0	279.0	432.0	910.0	65.0	292.0	32.0	371.0	10.0	496.0	128.0	2174.0	152.0	560.0	379.0	452.0	1064.0	427.0	405.0	516.0	228.0	204.0	244.0	535.0	278.0	138.0	919.0	152.0	168.0	913.0	415.0	61.0	685.0	578.0	1104.0	0.0	1054.0	890.0	213.0	253.0	113.0	72.0	687.0	505.0	261.0	0.0	126.0	298.0	269.0	510.0	1059.0	49.0	0.0	7.0	140.0	1839.0	1031.0	807.0	1280.0	174.0	345.0	26.0	160.0	116.0	1.0	12.0	1196.0	93.0	1265.0	593.0	1116.0	188.0	181.0	2013.0	0.0	4.0	394.0	0.0	58.0	23.0	357.0	213.0	1003.0	862.0	0.0	0.0	858.0	8.0
Bacteria;Firmicutes;Clostridia;Clostridiales;Lachnospiraceae;Marvinbryantia;Other	0.0	0.0	0.0	85.0	0.0	0.0	0.0	191.0	0.0	0.0	0.0	195.0	0.0	0.0	0.0	0.0	39.0	0.0	56.0	109.0	0.0	15.0	0.0	285.0	494.0	3.0	36.0	47.0	0.0	0.0	269.0	0.0	35.0	0.0	15.0	0.0	0.0	190.0	1.0	0.0	3.0	0.0	0.0	0.0	0.0	0.0	66.0	149.0	0.0	0.0	139.0	0.0	0.0	7.0	1.0	126.0	60.0	209.0	88.0	28.0	0.0	9.0	0.0	3.0	0.0	1.0	75.0	66.0	155.0	248.0	99.0	1.0	170.0	105.0	0.0	0.0	0.0	9.0	0.0	0.0	1.0	918.0	0.0	486.0	0.0	77.0	96.0	0.0
Bacteria;Firmicutes;Clostridia;Clostridiales;Lachnospiraceae;Other;Other	889.0	316.0	125.0	1277.0	153.0	390.0	453.0	1572.0	1089.0	956.0	131.0	2136.0	185.0	1332.0	57.0	2074.0	612.0	703.0	595.0	845.0	328.0	701.0	1360.0	2256.0	1571.0	257.0	821.0	121.0	773.0	805.0	918.0	61.0	915.0	1332.0	1299.0	1.0	1065.0	796.0	1426.0	832.0	793.0	255.0	676.0	758.0	894.0	123.0	1002.0	1112.0	719.0	257.0	1619.0	245.0	297.0	395.0	3611.0	725.0	1577.0	2357.0	1149.0	1814.0	273.0	1064.0	94.0	1132.0	327.0	567.0	1130.0	519.0	2260.0	1598.0	989.0	667.0	1018.0	1858.0	967.0	302.0	699.0	343.0	717.0	995.0	143.0	996.0	671.0	2011.0	356.0	248.0	729.0	63.0
Bacteria;Firmicutes;Clostridia;Clostridiales;Lachnospiraceae;Pseudobutyrivibrio;Eubacterium_rectale_ATCC_33656	867.0	5505.0	6453.0	2891.0	5946.0	297.0	332.0	1105.0	374.0	2182.0	73.0	4846.0	1646.0	2893.0	742.0	574.0	8140.0	2128.0	7957.0	2593.0	3516.0	411.0	719.0	2355.0	992.0	267.0	591.0	5769.0	538.0	6474.0	1769.0	428.0	5998.0	1344.0	4744.0	3664.0	4235.0	880.0	1153.0	2234.0	599.0	2035.0	8437.0	967.0	1140.0	500.0	1044.0	1581.0	10494.0	4330.0	4784.0	1223.0	862.0	897.0	1335.0	4423.0	4035.0	2438.0	6249.0	1870.0	1507.0	84.0	2237.0	1806.0	475.0	390.0	6424.0	687.0	4349.0	2009.0	4255.0	2436.0	1473.0	1902.0	82.0	3474.0	928.0	1050.0	4655.0	41.0	4904.0	1405.0	9373.0	2734.0	140.0	272.0	2791.0	1185.0
Bacteria;Firmicutes;Clostridia;Clostridiales;Lachnospiraceae;Roseburia;Other	44.0	225.0	511.0	665.0	538.0	0.0	210.0	396.0	283.0	81.0	3.0	1704.0	128.0	820.0	282.0	271.0	476.0	449.0	373.0	400.0	49.0	32.0	553.0	475.0	417.0	362.0	131.0	78.0	245.0	277.0	700.0	849.0	495.0	597.0	804.0	343.0	860.0	231.0	1054.0	129.0	189.0	180.0	486.0	498.0	0.0	0.0	3.0	264.0	491.0	1043.0	338.0	783.0	265.0	107.0	509.0	372.0	1460.0	675.0	672.0	251.0	223.0	591.0	232.0	1073.0	183.0	1.0	698.0	114.0	1495.0	867.0	586.0	296.0	513.0	879.0	247.0	152.0	356.0	361.0	538.0	521.0	692.0	87.0	246.0	799.0	515.0	0.0	537.0	289.0
Bacteria;Firmicutes;Clostridia;Clostridiales;Lachnospiraceae;Unclassified;Clostridiales_bacterium_VE202-14	0.0	0.0	0.0	74.0	0.0	0.0	0.0	70.0	0.0	0.0	0.0	15.0	0.0	208.0	2.0	0.0	26.0	33.0	0.0	2.0	0.0	0.0	0.0	0.0	0.0	16.0	0.0	0.0	74.0	0.0	354.0	0.0	1.0	0.0	0.0	0.0	0.0	0.0	3.0	0.0	21.0	0.0	5.0	0.0	0.0	0.0	0.0	0.0	0.0	0.0	0.0	0.0	0.0	55.0	0.0	0.0	26.0	0.0	0.0	0.0	348.0	0.0	0.0	0.0	0.0	0.0	25.0	0.0	17.0	180.0	0.0	1.0	0.0	0.0	0.0	0.0	0.0	0.0	0.0	0.0	147.0	0.0	210.0	0.0	0.0	0.0	0.0	0.0
Bacteria;Firmicutes;Clostridia;Clostridiales;Lachnospiraceae;Unclassified;Clostridiales_bacterium_VE202-16	0.0	35.0	0.0	13.0	0.0	0.0	0.0	0.0	0.0	1.0	0.0	139.0	23.0	3.0	14.0	0.0	162.0	127.0	110.0	0.0	0.0	0.0	0.0	0.0	0.0	0.0	0.0	118.0	2.0	37.0	79.0	317.0	39.0	288.0	0.0	0.0	62.0	0.0	167.0	0.0	0.0	26.0	170.0	74.0	0.0	0.0	6.0	67.0	93.0	191.0	78.0	0.0	0.0	152.0	0.0	51.0	114.0	17.0	76.0	0.0	27.0	1.0	2.0	131.0	0.0	2.0	146.0	0.0	100.0	0.0	0.0	0.0	58.0	0.0	0.0	0.0	0.0	0.0	0.0	0.0	58.0	1.0	144.0	103.0	0.0	0.0	0.0	64.0
Bacteria;Firmicutes;Clostridia;Clostridiales;Lachnospiraceae;Unclassified;Clostridiales_bacterium_enrichment_culture_clone_LDC-10	0.0	0.0	0.0	0.0	0.0	0.0	0.0	0.0	0.0	0.0	0.0	0.0	0.0	0.0	0.0	0.0	0.0	0.0	0.0	0.0	0.0	0.0	0.0	0.0	0.0	0.0	0.0	0.0	0.0	0.0	0.0	0.0	0.0	0.0	0.0	0.0	0.0	0.0	0.0	0.0	0.0	0.0	0.0	0.0	0.0	0.0	0.0	0.0	0.0	0.0	0.0	0.0	0.0	0.0	0.0	0.0	0.0	0.0	0.0	0.0	0.0	0.0	0.0	196.0	0.0	0.0	0.0	0.0	0.0	0.0	0.0	0.0	0.0	0.0	0.0	0.0	0.0	0.0	0.0	0.0	0.0	0.0	0.0	0.0	0.0	0.0	0.0	0.0
Bacteria;Firmicutes;Clostridia;Clostridiales;Lachnospiraceae;Unclassified;Clostridium_scindens	0.0	0.0	80.0	0.0	0.0	0.0	139.0	317.0	0.0	67.0	0.0	6.0	4.0	1.0	0.0	0.0	27.0	1.0	0.0	0.0	0.0	0.0	0.0	55.0	0.0	52.0	0.0	0.0	0.0	91.0	1.0	73.0	15.0	0.0	1.0	0.0	0.0	0.0	0.0	0.0	0.0	0.0	58.0	1.0	0.0	0.0	4.0	2.0	75.0	0.0	14.0	0.0	0.0	0.0	2.0	65.0	26.0	0.0	60.0	0.0	0.0	28.0	0.0	1.0	0.0	0.0	125.0	0.0	27.0	0.0	1.0	0.0	16.0	0.0	7.0	1.0	0.0	83.0	0.0	0.0	1.0	0.0	0.0	36.0	0.0	0.0	196.0	0.0
Bacteria;Firmicutes;Clostridia;Clostridiales;Lachnospiraceae;Unclassified;Eubacterium_eligens_ATCC_27750	31.0	119.0	29.0	105.0	0.0	0.0	693.0	0.0	328.0	0.0	37.0	341.0	47.0	85.0	0.0	615.0	312.0	2.0	183.0	52.0	375.0	7.0	126.0	0.0	0.0	5.0	0.0	2.0	0.0	552.0	140.0	1.0	104.0	3.0	377.0	0.0	449.0	8.0	70.0	349.0	155.0	273.0	251.0	142.0	0.0	0.0	1.0	75.0	393.0	245.0	88.0	0.0	0.0	20.0	1282.0	434.0	285.0	77.0	135.0	0.0	3.0	0.0	0.0	197.0	0.0	4.0	135.0	79.0	393.0	0.0	430.0	216.0	100.0	0.0	13.0	0.0	311.0	0.0	0.0	0.0	0.0	0.0	123.0	63.0	0.0	8.0	7.0	13.0
Bacteria;Firmicutes;Clostridia;Clostridiales;Lachnospiraceae;Unclassified;Eubacterium_hallii	0.0	31.0	0.0	46.0	0.0	29.0	0.0	6.0	5.0	0.0	0.0	448.0	9.0	1120.0	0.0	1.0	65.0	271.0	157.0	0.0	0.0	0.0	104.0	348.0	155.0	155.0	0.0	24.0	33.0	35.0	449.0	169.0	73.0	63.0	332.0	0.0	309.0	321.0	23.0	0.0	44.0	0.0	53.0	18.0	4.0	0.0	590.0	299.0	57.0	172.0	160.0	367.0	0.0	102.0	9.0	439.0	342.0	460.0	148.0	782.0	0.0	8.0	0.0	329.0	0.0	12.0	151.0	13.0	471.0	155.0	548.0	0.0	549.0	207.0	0.0	316.0	163.0	0.0	483.0	80.0	0.0	0.0	2.0	607.0	191.0	0.0	338.0	0.0
Bacteria;Firmicutes;Clostridia;Clostridiales;Lachnospiraceae;Unclassified;Eubacterium_ventriosum	0.0	426.0	39.0	274.0	0.0	0.0	0.0	32.0	0.0	53.0	11.0	358.0	22.0	171.0	0.0	150.0	144.0	22.0	125.0	87.0	329.0	0.0	126.0	667.0	229.0	38.0	0.0	318.0	0.0	275.0	322.0	0.0	228.0	222.0	180.0	0.0	422.0	289.0	114.0	0.0	28.0	78.0	235.0	349.0	2.0	152.0	117.0	412.0	162.0	0.0	87.0	359.0	4.0	194.0	19.0	361.0	155.0	219.0	89.0	0.0	4.0	4.0	1.0	323.0	322.0	0.0	315.0	28.0	256.0	161.0	80.0	79.0	14.0	20.0	25.0	0.0	24.0	0.0	89.0	0.0	66.0	120.0	481.0	386.0	167.0	0.0	260.0	150.0
Bacteria;Firmicutes;Clostridia;Clostridiales;Lachnospiraceae;Unclassified;Fusicatenibacter_saccharivorans	54.0	1088.0	2171.0	2763.0	2800.0	157.0	199.0	768.0	1248.0	519.0	137.0	1970.0	414.0	1685.0	903.0	857.0	3066.0	787.0	1704.0	559.0	1566.0	195.0	936.0	1100.0	1193.0	239.0	0.0	2013.0	216.0	1554.0	1783.0	988.0	2127.0	774.0	974.0	541.0	1103.0	577.0	1163.0	647.0	159.0	1442.0	2810.0	393.0	1200.0	263.0	485.0	1040.0	3725.0	710.0	1816.0	337.0	155.0	477.0	673.0	1783.0	981.0	1212.0	2448.0	1328.0	558.0	24.0	201.0	1116.0	787.0	21.0	2900.0	59.0	1604.0	1477.0	243.0	833.0	979.0	1254.0	6.0	632.0	201.0	443.0	1085.0	118.0	1213.0	550.0	1529.0	925.0	639.0	532.0	2023.0	637.0
Bacteria;Firmicutes;Clostridia;Clostridiales;Lachnospiraceae;Unclassified;Ruminococcus_gnavus_CC55_001C	77.0	888.0	1052.0	1071.0	752.0	0.0	2.0	116.0	126.0	145.0	0.0	74.0	206.0	730.0	5.0	20.0	1701.0	865.0	1706.0	693.0	594.0	0.0	3.0	0.0	0.0	3.0	196.0	811.0	3.0	675.0	10.0	1.0	1046.0	169.0	21.0	227.0	330.0	64.0	33.0	1355.0	0.0	964.0	2027.0	151.0	459.0	205.0	550.0	3.0	2485.0	638.0	704.0	78.0	257.0	5.0	265.0	1368.0	156.0	156.0	1823.0	1.0	278.0	0.0	1.0	101.0	1.0	22.0	1645.0	90.0	338.0	169.0	153.0	914.0	11.0	220.0	0.0	307.0	85.0	116.0	1438.0	8.0	1593.0	0.0	3061.0	232.0	0.0	0.0	2011.0	504.0
Bacteria;Firmicutes;Clostridia;Clostridiales;Lachnospiraceae;Unclassified;butyrate-producing_bacterium_SS3/4	25.0	497.0	0.0	53.0	0.0	0.0	1.0	0.0	0.0	145.0	0.0	286.0	55.0	44.0	0.0	0.0	149.0	6.0	4.0	297.0	45.0	0.0	9.0	55.0	0.0	58.0	0.0	61.0	0.0	209.0	1.0	169.0	210.0	45.0	192.0	110.0	112.0	0.0	119.0	0.0	21.0	5.0	356.0	1.0	1.0	0.0	116.0	109.0	109.0	80.0	122.0	21.0	0.0	0.0	21.0	51.0	171.0	21.0	149.0	2.0	3.0	0.0	0.0	213.0	492.0	0.0	163.0	0.0	118.0	2.0	0.0	0.0	139.0	200.0	30.0	189.0	246.0	0.0	0.0	0.0	0.0	0.0	146.0	1.0	0.0	0.0	0.0	0.0
Bacteria;Firmicutes;Clostridia;Clostridiales;Lachnospiraceae;Unclassified;human_gut_metagenome	0.0	533.0	133.0	470.0	513.0	0.0	0.0	13.0	11.0	2.0	0.0	158.0	62.0	293.0	1.0	1.0	666.0	6.0	253.0	508.0	126.0	17.0	310.0	0.0	0.0	0.0	208.0	187.0	23.0	716.0	20.0	75.0	122.0	2.0	14.0	5.0	375.0	0.0	82.0	5.0	56.0	258.0	1172.0	20.0	0.0	0.0	4.0	9.0	548.0	550.0	219.0	13.0	3.0	1.0	17.0	615.0	195.0	25.0	588.0	7.0	178.0	13.0	3.0	69.0	0.0	1.0	529.0	3.0	221.0	2.0	37.0	243.0	0.0	65.0	9.0	35.0	293.0	2.0	71.0	8.0	31.0	19.0	510.0	143.0	3.0	0.0	544.0	0.0
Bacteria;Firmicutes;Clostridia;Clostridiales;Lachnospiraceae;Unclassified;unidentified	0.0	0.0	0.0	0.0	0.0	0.0	0.0	1.0	0.0	0.0	0.0	0.0	0.0	0.0	0.0	0.0	0.0	0.0	0.0	0.0	0.0	1.0	0.0	0.0	0.0	0.0	0.0	0.0	0.0	0.0	0.0	0.0	0.0	0.0	0.0	0.0	0.0	0.0	0.0	0.0	0.0	0.0	1.0	0.0	0.0	0.0	0.0	0.0	0.0	0.0	0.0	0.0	0.0	0.0	0.0	0.0	0.0	0.0	0.0	0.0	0.0	0.0	0.0	0.0	0.0	0.0	0.0	0.0	0.0	0.0	0.0	0.0	2.0	0.0	0.0	0.0	0.0	0.0	0.0	0.0	0.0	0.0	0.0	1.0	0.0	0.0	0.0	0.0
Bacteria;Firmicutes;Clostridia;Clostridiales;Other;Other;Other	152.0	235.0	118.0	501.0	50.0	1.0	0.0	52.0	0.0	0.0	0.0	718.0	57.0	561.0	0.0	291.0	198.0	0.0	129.0	71.0	0.0	0.0	351.0	71.0	0.0	115.0	0.0	25.0	129.0	282.0	138.0	0.0	275.0	1.0	107.0	0.0	24.0	140.0	197.0	38.0	106.0	8.0	47.0	0.0	0.0	0.0	37.0	216.0	164.0	141.0	145.0	0.0	0.0	190.0	206.0	162.0	261.0	69.0	200.0	809.0	10.0	7.0	116.0	285.0	1480.0	0.0	40.0	49.0	237.0	11.0	77.0	680.0	40.0	429.0	0.0	1.0	221.0	14.0	494.0	16.0	0.0	782.0	63.0	124.0	0.0	0.0	484.0	38.0
Bacteria;Firmicutes;Clostridia;Clostridiales;Peptococcaceae;Desulfotomaculum;Desulfotomaculum_intricatum	0.0	0.0	0.0	0.0	0.0	0.0	0.0	0.0	0.0	0.0	0.0	0.0	0.0	0.0	0.0	0.0	0.0	0.0	0.0	0.0	0.0	0.0	0.0	0.0	0.0	0.0	0.0	0.0	0.0	0.0	0.0	0.0	0.0	0.0	0.0	0.0	0.0	0.0	0.0	0.0	0.0	0.0	0.0	0.0	0.0	0.0	0.0	0.0	0.0	0.0	0.0	0.0	0.0	0.0	0.0	0.0	0.0	0.0	0.0	0.0	0.0	0.0	0.0	0.0	0.0	0.0	0.0	0.0	0.0	0.0	63.0	0.0	0.0	0.0	0.0	0.0	0.0	0.0	0.0	0.0	0.0	0.0	0.0	0.0	0.0	0.0	0.0	0.0
Bacteria;Firmicutes;Clostridia;Clostridiales;Peptococcaceae;Other;Other	0.0	0.0	0.0	0.0	0.0	0.0	0.0	0.0	0.0	0.0	0.0	0.0	0.0	0.0	0.0	0.0	0.0	0.0	0.0	0.0	0.0	0.0	0.0	0.0	0.0	0.0	0.0	0.0	0.0	0.0	0.0	0.0	0.0	0.0	0.0	0.0	0.0	0.0	0.0	0.0	0.0	0.0	0.0	0.0	0.0	0.0	0.0	0.0	0.0	0.0	0.0	0.0	0.0	0.0	0.0	0.0	13.0	0.0	0.0	0.0	0.0	0.0	0.0	0.0	0.0	0.0	0.0	0.0	1.0	0.0	0.0	0.0	0.0	0.0	0.0	0.0	0.0	0.0	0.0	0.0	0.0	0.0	0.0	0.0	0.0	0.0	0.0	0.0
Bacteria;Firmicutes;Clostridia;Clostridiales;Peptostreptococcaceae;Other;Other	183.0	1117.0	1773.0	1421.0	635.0	0.0	0.0	587.0	295.0	79.0	0.0	402.0	113.0	804.0	142.0	267.0	1414.0	464.0	741.0	240.0	182.0	0.0	231.0	116.0	6.0	334.0	0.0	862.0	4.0	977.0	29.0	73.0	451.0	178.0	261.0	538.0	806.0	242.0	434.0	562.0	70.0	263.0	1068.0	568.0	0.0	0.0	288.0	289.0	1622.0	1786.0	677.0	1153.0	394.0	193.0	543.0	810.0	405.0	3.0	956.0	32.0	725.0	14.0	0.0	15.0	351.0	781.0	475.0	3.0	565.0	257.0	615.0	663.0	15.0	294.0	0.0	247.0	1.0	5.0	130.0	148.0	779.0	192.0	1623.0	460.0	10.0	0.0	196.0	834.0
Bacteria;Firmicutes;Clostridia;Clostridiales;Peptostreptococcaceae;Peptostreptococcus;Other	0.0	0.0	0.0	0.0	0.0	0.0	0.0	0.0	0.0	0.0	0.0	4.0	0.0	0.0	0.0	0.0	0.0	0.0	0.0	0.0	0.0	0.0	0.0	0.0	0.0	0.0	0.0	0.0	0.0	1.0	0.0	0.0	0.0	0.0	0.0	0.0	0.0	0.0	0.0	0.0	0.0	0.0	0.0	0.0	0.0	0.0	0.0	0.0	0.0	0.0	0.0	0.0	1.0	0.0	0.0	0.0	0.0	0.0	0.0	0.0	0.0	0.0	0.0	0.0	0.0	0.0	0.0	0.0	0.0	0.0	0.0	0.0	0.0	0.0	0.0	0.0	0.0	0.0	0.0	0.0	0.0	0.0	0.0	0.0	0.0	0.0	0.0	0.0
Bacteria;Firmicutes;Clostridia;Clostridiales;Peptostreptococcaceae;Unclassified;Clostridium_bartlettii_DSM_16795	7.0	208.0	0.0	45.0	3.0	145.0	0.0	517.0	2.0	0.0	15.0	973.0	22.0	376.0	2.0	297.0	141.0	71.0	128.0	333.0	0.0	0.0	32.0	468.0	0.0	10.0	0.0	180.0	86.0	19.0	0.0	0.0	373.0	20.0	289.0	155.0	74.0	46.0	255.0	37.0	30.0	266.0	79.0	11.0	0.0	0.0	76.0	406.0	17.0	77.0	114.0	52.0	0.0	204.0	1.0	41.0	382.0	590.0	189.0	766.0	1.0	59.0	221.0	28.0	7.0	1.0	54.0	53.0	477.0	811.0	271.0	0.0	304.0	245.0	0.0	283.0	0.0	0.0	1.0	86.0	295.0	344.0	175.0	410.0	0.0	0.0	2.0	43.0
Bacteria;Firmicutes;Clostridia;Clostridiales;Ruminococcaceae;Anaerofilum;Other	0.0	0.0	0.0	0.0	0.0	0.0	0.0	0.0	0.0	0.0	23.0	0.0	0.0	0.0	0.0	0.0	0.0	0.0	76.0	0.0	0.0	0.0	0.0	0.0	0.0	0.0	0.0	0.0	0.0	0.0	0.0	0.0	0.0	0.0	0.0	0.0	0.0	0.0	0.0	0.0	0.0	0.0	0.0	0.0	0.0	0.0	0.0	0.0	0.0	0.0	0.0	0.0	0.0	0.0	0.0	0.0	0.0	0.0	0.0	0.0	0.0	0.0	0.0	0.0	0.0	1.0	0.0	0.0	0.0	0.0	0.0	0.0	0.0	0.0	0.0	0.0	0.0	0.0	0.0	0.0	0.0	0.0	0.0	0.0	0.0	0.0	0.0	0.0
Bacteria;Firmicutes;Clostridia;Clostridiales;Ruminococcaceae;Anaerotruncus;Anaerotruncus_colihominis_DSM_17241	0.0	0.0	0.0	0.0	0.0	0.0	0.0	0.0	0.0	0.0	0.0	16.0	0.0	0.0	0.0	0.0	0.0	0.0	0.0	0.0	0.0	0.0	0.0	0.0	0.0	0.0	0.0	0.0	0.0	0.0	0.0	0.0	0.0	0.0	0.0	0.0	0.0	0.0	1.0	0.0	3.0	0.0	0.0	0.0	1.0	0.0	56.0	0.0	0.0	0.0	0.0	0.0	0.0	53.0	0.0	0.0	0.0	7.0	0.0	0.0	0.0	0.0	0.0	0.0	0.0	0.0	0.0	0.0	0.0	0.0	0.0	0.0	0.0	0.0	0.0	0.0	0.0	0.0	0.0	0.0	0.0	0.0	0.0	0.0	0.0	47.0	0.0	0.0
Bacteria;Firmicutes;Clostridia;Clostridiales;Ruminococcaceae;Anaerotruncus;Other	0.0	0.0	0.0	0.0	0.0	85.0	0.0	0.0	0.0	0.0	72.0	57.0	2.0	0.0	0.0	0.0	14.0	0.0	0.0	0.0	0.0	0.0	0.0	0.0	0.0	0.0	0.0	0.0	0.0	0.0	0.0	0.0	0.0	1.0	0.0	0.0	0.0	0.0	0.0	0.0	9.0	0.0	0.0	0.0	1.0	0.0	0.0	0.0	0.0	0.0	39.0	0.0	0.0	0.0	3.0	110.0	24.0	0.0	31.0	0.0	0.0	0.0	0.0	0.0	0.0	0.0	0.0	0.0	23.0	0.0	0.0	0.0	0.0	0.0	14.0	0.0	93.0	0.0	0.0	0.0	20.0	0.0	0.0	0.0	0.0	0.0	180.0	0.0
Bacteria;Firmicutes;Clostridia;Clostridiales;Ruminococcaceae;Faecalibacterium;Other	775.0	2092.0	2223.0	2085.0	2765.0	270.0	1665.0	532.0	266.0	875.0	315.0	7844.0	504.0	1803.0	151.0	1102.0	3335.0	1440.0	3348.0	795.0	2674.0	64.0	1907.0	3096.0	1941.0	334.0	1252.0	1976.0	63.0	1817.0	1525.0	112.0	1933.0	1374.0	9327.0	1451.0	1801.0	989.0	1665.0	843.0	1053.0	411.0	3674.0	1305.0	502.0	370.0	723.0	1463.0	3407.0	1332.0	2821.0	418.0	0.0	1395.0	2207.0	3730.0	4193.0	1770.0	2115.0	2672.0	661.0	52.0	945.0	2797.0	520.0	189.0	2766.0	677.0	4173.0	1492.0	5758.0	950.0	1621.0	2203.0	65.0	783.0	3774.0	131.0	1467.0	96.0	652.0	817.0	2798.0	1916.0	64.0	1446.0	1401.0	404.0
Bacteria;Firmicutes;Clostridia;Clostridiales;Ruminococcaceae;Fastidiosipila;Other	0.0	0.0	0.0	168.0	0.0	0.0	0.0	0.0	0.0	0.0	0.0	0.0	0.0	0.0	0.0	0.0	0.0	0.0	0.0	0.0	0.0	0.0	0.0	0.0	0.0	0.0	0.0	0.0	0.0	0.0	0.0	0.0	0.0	0.0	0.0	0.0	0.0	0.0	0.0	0.0	0.0	0.0	0.0	0.0	0.0	0.0	0.0	0.0	0.0	0.0	0.0	0.0	0.0	0.0	0.0	0.0	0.0	0.0	0.0	0.0	0.0	0.0	0.0	0.0	0.0	0.0	0.0	0.0	0.0	0.0	0.0	0.0	0.0	0.0	0.0	0.0	0.0	0.0	0.0	0.0	0.0	0.0	0.0	0.0	0.0	0.0	0.0	0.0
Bacteria;Firmicutes;Clostridia;Clostridiales;Ruminococcaceae;Flavonifractor;Flavonifractor_plautii	0.0	0.0	0.0	15.0	0.0	0.0	0.0	0.0	0.0	0.0	138.0	95.0	0.0	0.0	0.0	0.0	0.0	0.0	47.0	32.0	0.0	0.0	0.0	10.0	0.0	0.0	0.0	0.0	0.0	0.0	1.0	0.0	37.0	0.0	0.0	0.0	0.0	0.0	0.0	0.0	13.0	0.0	60.0	0.0	0.0	0.0	0.0	88.0	18.0	285.0	0.0	0.0	0.0	0.0	0.0	0.0	26.0	0.0	48.0	0.0	1.0	0.0	0.0	0.0	0.0	1.0	162.0	0.0	21.0	0.0	0.0	207.0	0.0	226.0	14.0	0.0	0.0	0.0	0.0	0.0	0.0	0.0	0.0	3.0	0.0	0.0	0.0	0.0
Bacteria;Firmicutes;Clostridia;Clostridiales;Ruminococcaceae;Intestinimonas;Intestinimonas_butyriciproducens	0.0	0.0	0.0	0.0	0.0	0.0	0.0	0.0	0.0	0.0	26.0	16.0	0.0	0.0	0.0	0.0	1.0	0.0	17.0	0.0	0.0	0.0	0.0	0.0	0.0	0.0	0.0	0.0	0.0	0.0	0.0	1.0	70.0	183.0	84.0	0.0	0.0	0.0	18.0	0.0	0.0	0.0	0.0	0.0	0.0	0.0	0.0	0.0	0.0	0.0	1.0	0.0	0.0	0.0	0.0	0.0	2.0	22.0	0.0	1.0	0.0	5.0	0.0	0.0	0.0	0.0	0.0	0.0	4.0	0.0	0.0	0.0	46.0	0.0	2.0	0.0	0.0	0.0	0.0	37.0	0.0	0.0	0.0	0.0	0.0	0.0	0.0	0.0
Bacteria;Firmicutes;Clostridia;Clostridiales;Ruminococcaceae;Intestinimonas;Other	0.0	0.0	0.0	1.0	0.0	0.0	1.0	0.0	0.0	0.0	0.0	35.0	0.0	0.0	0.0	1.0	0.0	413.0	0.0	0.0	0.0	0.0	0.0	0.0	1.0	1.0	0.0	0.0	0.0	0.0	0.0	0.0	0.0	0.0	0.0	0.0	0.0	0.0	0.0	0.0	9.0	0.0	2.0	0.0	1.0	0.0	0.0	0.0	0.0	1.0	0.0	0.0	0.0	0.0	0.0	51.0	38.0	0.0	0.0	0.0	192.0	0.0	0.0	10.0	0.0	0.0	0.0	0.0	54.0	110.0	0.0	0.0	0.0	68.0	0.0	1.0	250.0	1.0	0.0	1.0	0.0	0.0	0.0	0.0	0.0	0.0	0.0	0.0
Bacteria;Firmicutes;Clostridia;Clostridiales;Ruminococcaceae;Oscillibacter;Oscillibacter_ruminantium_GH1	0.0	0.0	0.0	0.0	0.0	0.0	0.0	0.0	0.0	0.0	89.0	4.0	0.0	0.0	0.0	0.0	0.0	0.0	0.0	0.0	0.0	0.0	0.0	0.0	0.0	0.0	0.0	0.0	0.0	0.0	0.0	0.0	0.0	0.0	0.0	0.0	0.0	0.0	0.0	0.0	0.0	0.0	0.0	0.0	1.0	0.0	0.0	0.0	0.0	0.0	0.0	0.0	0.0	0.0	0.0	0.0	0.0	0.0	0.0	0.0	0.0	0.0	0.0	0.0	0.0	0.0	0.0	0.0	0.0	0.0	0.0	0.0	0.0	0.0	0.0	0.0	0.0	0.0	0.0	0.0	0.0	0.0	0.0	0.0	0.0	0.0	0.0	0.0
Bacteria;Firmicutes;Clostridia;Clostridiales;Ruminococcaceae;Oscillibacter;Other	0.0	0.0	0.0	0.0	0.0	0.0	0.0	0.0	0.0	0.0	0.0	2.0	0.0	0.0	0.0	0.0	0.0	0.0	0.0	0.0	0.0	0.0	0.0	0.0	0.0	0.0	0.0	0.0	0.0	0.0	0.0	0.0	0.0	0.0	0.0	0.0	0.0	0.0	0.0	0.0	0.0	0.0	0.0	0.0	0.0	0.0	0.0	0.0	0.0	0.0	0.0	0.0	0.0	0.0	0.0	0.0	0.0	0.0	0.0	0.0	0.0	0.0	0.0	0.0	0.0	0.0	0.0	0.0	0.0	0.0	0.0	0.0	0.0	0.0	0.0	0.0	0.0	0.0	0.0	0.0	0.0	0.0	0.0	0.0	0.0	0.0	0.0	0.0
Bacteria;Firmicutes;Clostridia;Clostridiales;Ruminococcaceae;Other;Other	898.0	25.0	76.0	779.0	492.0	0.0	408.0	485.0	714.0	229.0	99.0	3178.0	116.0	951.0	28.0	0.0	396.0	544.0	177.0	277.0	133.0	77.0	274.0	990.0	132.0	82.0	214.0	440.0	65.0	249.0	717.0	573.0	713.0	590.0	2043.0	0.0	815.0	833.0	741.0	197.0	254.0	127.0	609.0	526.0	3.0	44.0	809.0	589.0	777.0	395.0	1645.0	193.0	0.0	750.0	358.0	1640.0	1535.0	1239.0	604.0	584.0	773.0	116.0	202.0	497.0	0.0	2.0	636.0	356.0	1771.0	549.0	1177.0	1.0	1594.0	1135.0	97.0	237.0	585.0	10.0	250.0	125.0	297.0	325.0	622.0	1411.0	2.0	136.0	948.0	1208.0
Bacteria;Firmicutes;Clostridia;Clostridiales;Ruminococcaceae;Papillibacter;Other	0.0	0.0	0.0	0.0	0.0	0.0	0.0	0.0	0.0	0.0	0.0	0.0	0.0	0.0	0.0	0.0	0.0	0.0	0.0	0.0	0.0	0.0	0.0	0.0	0.0	0.0	0.0	0.0	0.0	0.0	0.0	0.0	0.0	0.0	0.0	0.0	0.0	0.0	0.0	0.0	0.0	0.0	0.0	0.0	0.0	0.0	0.0	0.0	0.0	0.0	0.0	0.0	0.0	0.0	0.0	0.0	9.0	0.0	0.0	0.0	0.0	0.0	0.0	0.0	0.0	0.0	0.0	0.0	12.0	0.0	0.0	0.0	0.0	0.0	0.0	0.0	0.0	0.0	0.0	0.0	0.0	0.0	0.0	0.0	0.0	0.0	0.0	0.0
Bacteria;Firmicutes;Clostridia;Clostridiales;Ruminococcaceae;Ruminococcus;Other	0.0	0.0	59.0	213.0	0.0	0.0	0.0	179.0	0.0	0.0	0.0	16.0	2.0	138.0	2.0	93.0	96.0	2.0	62.0	0.0	0.0	179.0	54.0	59.0	0.0	0.0	0.0	0.0	0.0	1.0	0.0	0.0	87.0	185.0	13.0	0.0	102.0	0.0	3.0	2.0	63.0	2.0	125.0	66.0	0.0	0.0	0.0	79.0	31.0	145.0	282.0	182.0	24.0	1.0	219.0	77.0	54.0	113.0	139.0	16.0	0.0	0.0	1.0	0.0	0.0	0.0	103.0	0.0	481.0	0.0	0.0	0.0	0.0	58.0	0.0	0.0	0.0	0.0	0.0	0.0	317.0	0.0	37.0	93.0	0.0	0.0	9.0	0.0
Bacteria;Firmicutes;Clostridia;Clostridiales;Ruminococcaceae;Ruminococcus;Ruminococcus_bromii	480.0	1847.0	2755.0	1677.0	3444.0	856.0	93.0	3067.0	190.0	618.0	303.0	9892.0	614.0	1706.0	605.0	586.0	3584.0	2090.0	3872.0	753.0	2207.0	170.0	1765.0	2442.0	1982.0	437.0	2128.0	2539.0	391.0	3619.0	2897.0	1219.0	2608.0	2043.0	9483.0	1118.0	1300.0	1784.0	2279.0	2012.0	183.0	1717.0	3526.0	2027.0	1689.0	556.0	3432.0	1260.0	4777.0	1075.0	2524.0	1826.0	99.0	1399.0	542.0	2735.0	6641.0	3466.0	3189.0	1149.0	1312.0	169.0	1506.0	3370.0	418.0	39.0	3195.0	638.0	2331.0	3216.0	7911.0	849.0	2167.0	3705.0	61.0	1046.0	4482.0	1051.0	2138.0	187.0	1741.0	1180.0	5186.0	1748.0	111.0	842.0	2730.0	641.0
Bacteria;Firmicutes;Clostridia;Clostridiales;Ruminococcaceae;Ruminococcus;Ruminococcus_callidus	22.0	0.0	0.0	0.0	1.0	0.0	0.0	110.0	0.0	164.0	27.0	913.0	0.0	3.0	0.0	0.0	68.0	3.0	4.0	1.0	0.0	542.0	129.0	332.0	130.0	21.0	0.0	1.0	0.0	0.0	479.0	0.0	57.0	287.0	334.0	0.0	2.0	716.0	106.0	130.0	21.0	25.0	0.0	194.0	1.0	0.0	67.0	101.0	0.0	0.0	130.0	7.0	0.0	96.0	0.0	214.0	107.0	701.0	9.0	163.0	53.0	2.0	1.0	17.0	0.0	1.0	0.0	9.0	232.0	323.0	1023.0	0.0	102.0	283.0	0.0	17.0	0.0	0.0	0.0	0.0	0.0	332.0	0.0	345.0	0.0	0.0	51.0	0.0
Bacteria;Firmicutes;Clostridia;Clostridiales;Ruminococcaceae;Ruminococcus;Ruminococcus_champanellensis_18P13	0.0	0.0	0.0	0.0	0.0	0.0	6.0	0.0	0.0	0.0	0.0	0.0	0.0	0.0	0.0	0.0	0.0	0.0	0.0	0.0	0.0	0.0	0.0	0.0	0.0	0.0	0.0	0.0	0.0	0.0	0.0	0.0	0.0	0.0	0.0	0.0	0.0	0.0	155.0	0.0	0.0	0.0	0.0	0.0	0.0	0.0	0.0	0.0	0.0	0.0	0.0	0.0	0.0	0.0	0.0	0.0	0.0	0.0	0.0	0.0	0.0	0.0	0.0	0.0	0.0	1.0	0.0	0.0	0.0	0.0	0.0	0.0	0.0	0.0	0.0	0.0	0.0	0.0	0.0	0.0	0.0	0.0	0.0	0.0	0.0	0.0	0.0	0.0
Bacteria;Firmicutes;Clostridia;Clostridiales;Ruminococcaceae;Ruminococcus;Ruminococcus_sp._80/3	0.0	233.0	0.0	284.0	0.0	0.0	5.0	4.0	0.0	0.0	13.0	155.0	19.0	182.0	0.0	66.0	58.0	282.0	358.0	0.0	0.0	70.0	275.0	293.0	62.0	40.0	0.0	0.0	0.0	217.0	263.0	137.0	159.0	94.0	165.0	175.0	0.0	0.0	106.0	2.0	89.0	2.0	54.0	17.0	0.0	0.0	4.0	0.0	2.0	0.0	61.0	0.0	4.0	30.0	1367.0	142.0	387.0	110.0	22.0	122.0	148.0	3.0	373.0	379.0	0.0	4.0	199.0	3.0	695.0	204.0	220.0	0.0	170.0	374.0	0.0	0.0	243.0	0.0	0.0	1.0	90.0	0.0	67.0	341.0	0.0	383.0	32.0	0.0
Bacteria;Firmicutes;Clostridia;Clostridiales;Ruminococcaceae;Ruminococcus;human_gut_metagenome	0.0	5.0	0.0	744.0	0.0	0.0	0.0	35.0	0.0	21.0	44.0	397.0	9.0	312.0	5.0	75.0	97.0	2.0	3.0	37.0	0.0	220.0	98.0	123.0	738.0	210.0	0.0	0.0	50.0	107.0	317.0	0.0	28.0	85.0	181.0	223.0	22.0	16.0	103.0	0.0	72.0	4.0	67.0	188.0	222.0	0.0	143.0	352.0	56.0	0.0	208.0	0.0	0.0	247.0	504.0	24.0	1601.0	20.0	19.0	643.0	1.0	0.0	346.0	342.0	0.0	0.0	297.0	126.0	459.0	2.0	0.0	0.0	384.0	0.0	110.0	1.0	361.0	0.0	343.0	22.0	84.0	2.0	25.0	147.0	401.0	2.0	332.0	288.0
Bacteria;Firmicutes;Clostridia;Clostridiales;Ruminococcaceae;Subdoligranulum;Other	186.0	579.0	441.0	1337.0	1955.0	167.0	301.0	713.0	95.0	653.0	58.0	4339.0	256.0	787.0	1.0	22.0	1621.0	684.0	1141.0	979.0	393.0	138.0	979.0	1563.0	1639.0	19.0	475.0	601.0	463.0	757.0	852.0	83.0	813.0	680.0	3695.0	320.0	1546.0	272.0	1213.0	823.0	192.0	361.0	1682.0	937.0	4.0	366.0	777.0	551.0	1320.0	337.0	1737.0	260.0	2.0	495.0	785.0	2270.0	1327.0	1997.0	1652.0	194.0	56.0	34.0	319.0	1054.0	0.0	18.0	1397.0	441.0	1224.0	1141.0	2564.0	394.0	433.0	628.0	14.0	823.0	993.0	30.0	403.0	386.0	51.0	246.0	2294.0	1092.0	0.0	299.0	1086.0	128.0
Bacteria;Firmicutes;Clostridia;Clostridiales;Ruminococcaceae;Unclassified;Acetivibrio_sp._6-13	0.0	0.0	0.0	0.0	0.0	0.0	0.0	0.0	0.0	0.0	0.0	0.0	0.0	0.0	0.0	0.0	0.0	0.0	0.0	0.0	0.0	0.0	0.0	0.0	0.0	0.0	0.0	0.0	0.0	0.0	0.0	0.0	0.0	0.0	0.0	0.0	0.0	0.0	0.0	0.0	0.0	0.0	0.0	0.0	0.0	0.0	0.0	0.0	0.0	0.0	0.0	0.0	0.0	0.0	0.0	0.0	0.0	0.0	0.0	0.0	0.0	0.0	0.0	0.0	0.0	0.0	0.0	0.0	0.0	0.0	0.0	0.0	0.0	0.0	0.0	0.0	0.0	0.0	0.0	0.0	0.0	0.0	0.0	0.0	0.0	0.0	184.0	0.0
Bacteria;Firmicutes;Clostridia;Clostridiales;Ruminococcaceae;Unclassified;Clostridiaceae_bacterium_DJF_LS40	0.0	0.0	0.0	0.0	0.0	0.0	0.0	0.0	0.0	0.0	23.0	5.0	0.0	0.0	0.0	0.0	1.0	0.0	0.0	0.0	0.0	0.0	0.0	0.0	0.0	0.0	0.0	0.0	0.0	0.0	0.0	0.0	0.0	0.0	0.0	0.0	0.0	0.0	0.0	1.0	0.0	0.0	0.0	0.0	0.0	0.0	0.0	0.0	0.0	0.0	124.0	0.0	0.0	0.0	0.0	0.0	15.0	29.0	15.0	0.0	0.0	0.0	0.0	0.0	0.0	0.0	0.0	0.0	0.0	0.0	0.0	0.0	0.0	0.0	0.0	0.0	0.0	0.0	0.0	0.0	0.0	0.0	0.0	0.0	0.0	0.0	0.0	0.0
Bacteria;Firmicutes;Clostridia;Clostridiales;Ruminococcaceae;Unclassified;Clostridiales_bacterium_24-4c	0.0	0.0	0.0	0.0	0.0	0.0	0.0	0.0	0.0	0.0	0.0	12.0	0.0	0.0	0.0	0.0	0.0	0.0	0.0	0.0	0.0	0.0	0.0	0.0	0.0	0.0	0.0	0.0	1.0	0.0	0.0	0.0	0.0	0.0	0.0	0.0	0.0	0.0	0.0	0.0	0.0	0.0	0.0	0.0	0.0	0.0	0.0	0.0	0.0	0.0	0.0	0.0	0.0	0.0	0.0	0.0	0.0	0.0	0.0	0.0	101.0	0.0	0.0	0.0	0.0	0.0	0.0	49.0	7.0	0.0	0.0	1.0	0.0	0.0	0.0	0.0	0.0	0.0	0.0	0.0	0.0	0.0	0.0	0.0	0.0	0.0	0.0	0.0
Bacteria;Firmicutes;Clostridia;Clostridiales;Ruminococcaceae;Unclassified;Clostridiales_bacterium_DJF_B152	3.0	0.0	0.0	0.0	0.0	0.0	0.0	0.0	0.0	0.0	0.0	8.0	0.0	0.0	0.0	0.0	19.0	0.0	0.0	0.0	14.0	0.0	0.0	0.0	0.0	0.0	0.0	0.0	0.0	0.0	0.0	0.0	0.0	0.0	0.0	0.0	0.0	0.0	0.0	0.0	0.0	0.0	0.0	0.0	0.0	0.0	0.0	0.0	0.0	0.0	0.0	0.0	0.0	0.0	0.0	0.0	1.0	0.0	61.0	0.0	0.0	0.0	0.0	0.0	0.0	0.0	0.0	0.0	6.0	0.0	0.0	0.0	0.0	0.0	0.0	0.0	1.0	0.0	0.0	0.0	0.0	0.0	0.0	0.0	0.0	0.0	5.0	0.0
Bacteria;Firmicutes;Clostridia;Clostridiales;Ruminococcaceae;Unclassified;Clostridiales_bacterium_canine_oral_taxon_085	0.0	0.0	0.0	0.0	0.0	0.0	0.0	0.0	0.0	0.0	0.0	20.0	0.0	0.0	0.0	0.0	62.0	0.0	0.0	0.0	0.0	0.0	0.0	0.0	0.0	1.0	0.0	0.0	0.0	0.0	0.0	0.0	0.0	0.0	0.0	67.0	0.0	0.0	31.0	0.0	4.0	0.0	20.0	0.0	0.0	0.0	0.0	0.0	0.0	0.0	17.0	0.0	0.0	0.0	0.0	0.0	17.0	0.0	57.0	0.0	0.0	0.0	54.0	0.0	0.0	0.0	73.0	0.0	6.0	0.0	0.0	0.0	0.0	91.0	0.0	3.0	116.0	0.0	0.0	0.0	0.0	0.0	0.0	2.0	0.0	0.0	0.0	0.0
Bacteria;Firmicutes;Clostridia;Clostridiales;Ruminococcaceae;Unclassified;Clostridium_methylpentosum_DSM_5476	0.0	0.0	0.0	0.0	0.0	0.0	0.0	0.0	0.0	0.0	0.0	9.0	0.0	0.0	0.0	0.0	0.0	0.0	0.0	0.0	0.0	0.0	0.0	0.0	0.0	0.0	0.0	0.0	0.0	0.0	0.0	0.0	0.0	0.0	0.0	0.0	0.0	0.0	0.0	0.0	0.0	0.0	0.0	0.0	0.0	0.0	0.0	0.0	0.0	0.0	0.0	0.0	0.0	0.0	0.0	0.0	0.0	15.0	0.0	0.0	0.0	0.0	0.0	0.0	0.0	0.0	0.0	0.0	0.0	0.0	0.0	0.0	0.0	0.0	0.0	0.0	0.0	0.0	0.0	0.0	0.0	0.0	0.0	0.0	0.0	0.0	0.0	0.0
Bacteria;Firmicutes;Clostridia;Clostridiales;Ruminococcaceae;Unclassified;Clostridium_papyrosolvens	0.0	0.0	0.0	0.0	0.0	0.0	0.0	0.0	0.0	0.0	0.0	0.0	0.0	0.0	0.0	0.0	0.0	0.0	0.0	0.0	0.0	0.0	0.0	0.0	0.0	0.0	1.0	0.0	0.0	0.0	0.0	0.0	0.0	0.0	0.0	0.0	0.0	0.0	0.0	0.0	5.0	0.0	0.0	0.0	0.0	0.0	0.0	0.0	0.0	0.0	0.0	0.0	0.0	0.0	0.0	0.0	0.0	0.0	0.0	0.0	0.0	0.0	1.0	0.0	0.0	0.0	0.0	0.0	0.0	0.0	0.0	0.0	0.0	0.0	0.0	0.0	0.0	0.0	0.0	0.0	0.0	0.0	0.0	0.0	0.0	0.0	0.0	0.0
Bacteria;Firmicutes;Clostridia;Clostridiales;Ruminococcaceae;Unclassified;Clostridium_sp._ATCC_29733	0.0	0.0	78.0	0.0	0.0	0.0	0.0	0.0	0.0	0.0	0.0	5.0	0.0	0.0	0.0	0.0	0.0	40.0	0.0	0.0	0.0	0.0	0.0	0.0	0.0	0.0	0.0	41.0	0.0	0.0	159.0	0.0	0.0	0.0	0.0	0.0	0.0	0.0	0.0	0.0	0.0	0.0	41.0	26.0	0.0	0.0	0.0	0.0	12.0	0.0	0.0	0.0	0.0	0.0	0.0	0.0	0.0	0.0	0.0	0.0	0.0	0.0	0.0	0.0	0.0	0.0	0.0	2.0	0.0	0.0	0.0	0.0	0.0	0.0	0.0	0.0	141.0	0.0	0.0	0.0	0.0	0.0	0.0	0.0	0.0	0.0	0.0	0.0
Bacteria;Firmicutes;Clostridia;Clostridiales;Ruminococcaceae;Unclassified;Eubacterium_coprostanoligenes	174.0	64.0	40.0	337.0	481.0	343.0	0.0	279.0	299.0	297.0	58.0	690.0	95.0	748.0	1.0	0.0	515.0	398.0	1145.0	134.0	262.0	29.0	0.0	147.0	554.0	329.0	75.0	153.0	20.0	991.0	3.0	24.0	494.0	104.0	272.0	198.0	552.0	373.0	471.0	0.0	32.0	440.0	592.0	227.0	418.0	199.0	2.0	337.0	1047.0	661.0	352.0	108.0	2.0	51.0	244.0	354.0	626.0	546.0	598.0	123.0	79.0	8.0	5.0	171.0	230.0	10.0	544.0	0.0	371.0	456.0	144.0	807.0	127.0	73.0	0.0	621.0	165.0	193.0	545.0	247.0	305.0	296.0	869.0	685.0	0.0	150.0	415.0	97.0
Bacteria;Firmicutes;Clostridia;Clostridiales;Ruminococcaceae;Unclassified;Eubacterium_desmolans	0.0	0.0	0.0	34.0	0.0	0.0	0.0	0.0	0.0	0.0	0.0	41.0	0.0	0.0	0.0	0.0	0.0	0.0	0.0	0.0	0.0	0.0	0.0	0.0	0.0	0.0	0.0	0.0	60.0	0.0	0.0	0.0	13.0	0.0	0.0	0.0	0.0	0.0	0.0	0.0	15.0	0.0	0.0	0.0	0.0	0.0	0.0	0.0	0.0	0.0	0.0	0.0	0.0	0.0	0.0	37.0	28.0	0.0	0.0	0.0	0.0	0.0	0.0	34.0	0.0	0.0	0.0	0.0	36.0	0.0	0.0	0.0	0.0	0.0	0.0	0.0	0.0	0.0	0.0	0.0	0.0	0.0	0.0	0.0	0.0	0.0	0.0	0.0
Bacteria;Firmicutes;Clostridia;Clostridiales;Ruminococcaceae;Unclassified;Eubacterium_siraeum_DSM_15702	0.0	0.0	0.0	0.0	255.0	0.0	0.0	0.0	0.0	0.0	0.0	0.0	0.0	4.0	0.0	0.0	0.0	0.0	0.0	0.0	0.0	0.0	0.0	0.0	0.0	0.0	0.0	0.0	0.0	0.0	0.0	0.0	0.0	0.0	0.0	0.0	0.0	0.0	0.0	0.0	0.0	0.0	0.0	0.0	0.0	0.0	0.0	0.0	0.0	0.0	0.0	0.0	0.0	0.0	0.0	0.0	4.0	0.0	0.0	0.0	0.0	0.0	0.0	0.0	0.0	0.0	0.0	0.0	54.0	0.0	0.0	0.0	0.0	0.0	0.0	0.0	0.0	1.0	0.0	0.0	0.0	0.0	0.0	0.0	0.0	0.0	0.0	0.0
Bacteria;Firmicutes;Clostridia;Clostridiales;Ruminococcaceae;Unclassified;Lachnospiraceae_bacterium_19gly4	0.0	0.0	0.0	0.0	0.0	0.0	0.0	0.0	0.0	0.0	0.0	0.0	9.0	103.0	0.0	0.0	0.0	0.0	0.0	0.0	0.0	0.0	0.0	0.0	0.0	0.0	0.0	0.0	0.0	0.0	0.0	0.0	0.0	0.0	0.0	0.0	0.0	0.0	2.0	0.0	0.0	0.0	0.0	0.0	0.0	0.0	0.0	0.0	0.0	0.0	0.0	0.0	0.0	0.0	0.0	0.0	0.0	0.0	0.0	0.0	0.0	0.0	0.0	0.0	0.0	0.0	0.0	0.0	0.0	0.0	0.0	0.0	0.0	0.0	0.0	1.0	64.0	0.0	0.0	0.0	0.0	0.0	0.0	0.0	0.0	0.0	0.0	0.0
Bacteria;Firmicutes;Clostridia;Clostridiales;Ruminococcaceae;Unclassified;Oscillibacter_sp._G2	0.0	0.0	0.0	58.0	0.0	0.0	0.0	0.0	0.0	0.0	0.0	282.0	5.0	5.0	0.0	0.0	9.0	0.0	3.0	71.0	0.0	0.0	218.0	79.0	101.0	78.0	0.0	0.0	0.0	0.0	174.0	0.0	19.0	9.0	355.0	0.0	219.0	88.0	0.0	65.0	8.0	0.0	71.0	29.0	0.0	0.0	2.0	6.0	1.0	0.0	58.0	0.0	0.0	0.0	0.0	139.0	114.0	0.0	5.0	0.0	0.0	0.0	2.0	0.0	0.0	0.0	3.0	0.0	170.0	228.0	468.0	2.0	1.0	16.0	0.0	0.0	0.0	0.0	0.0	0.0	0.0	378.0	0.0	6.0	0.0	0.0	189.0	0.0
Bacteria;Firmicutes;Clostridia;Clostridiales;Ruminococcaceae;Unclassified;Oscillibacter_sp._KLE_1745	241.0	0.0	0.0	14.0	0.0	0.0	109.0	0.0	0.0	0.0	15.0	22.0	0.0	0.0	0.0	0.0	1.0	0.0	0.0	0.0	0.0	0.0	0.0	0.0	0.0	0.0	0.0	0.0	0.0	0.0	0.0	0.0	96.0	0.0	26.0	0.0	0.0	0.0	0.0	0.0	6.0	0.0	0.0	0.0	1.0	0.0	0.0	0.0	0.0	0.0	85.0	0.0	0.0	0.0	0.0	0.0	29.0	0.0	0.0	0.0	0.0	0.0	0.0	0.0	0.0	0.0	0.0	0.0	28.0	0.0	0.0	0.0	0.0	0.0	0.0	0.0	0.0	0.0	0.0	0.0	0.0	0.0	0.0	0.0	0.0	0.0	0.0	0.0
Bacteria;Firmicutes;Clostridia;Clostridiales;Ruminococcaceae;Unclassified;Ruminococcaceae_bacterium_AP7	0.0	0.0	0.0	0.0	0.0	0.0	0.0	0.0	0.0	0.0	0.0	0.0	0.0	0.0	0.0	0.0	0.0	0.0	0.0	0.0	0.0	0.0	0.0	0.0	0.0	0.0	0.0	0.0	0.0	0.0	0.0	0.0	0.0	0.0	0.0	0.0	0.0	0.0	0.0	0.0	0.0	0.0	0.0	0.0	0.0	0.0	0.0	0.0	0.0	0.0	0.0	0.0	0.0	0.0	0.0	0.0	6.0	0.0	0.0	0.0	0.0	0.0	0.0	0.0	0.0	0.0	0.0	0.0	0.0	0.0	0.0	0.0	0.0	0.0	0.0	0.0	0.0	0.0	0.0	0.0	0.0	0.0	0.0	0.0	0.0	0.0	0.0	0.0
Bacteria;Firmicutes;Clostridia;Clostridiales;Ruminococcaceae;Unclassified;Ruminococcus_sp._16442	0.0	0.0	0.0	0.0	0.0	0.0	0.0	0.0	0.0	0.0	0.0	19.0	0.0	0.0	0.0	0.0	0.0	0.0	0.0	0.0	0.0	0.0	0.0	0.0	0.0	14.0	0.0	0.0	0.0	0.0	0.0	0.0	0.0	0.0	16.0	0.0	0.0	0.0	0.0	0.0	0.0	0.0	0.0	0.0	0.0	0.0	0.0	0.0	0.0	0.0	0.0	0.0	0.0	0.0	0.0	0.0	0.0	0.0	0.0	0.0	0.0	0.0	0.0	0.0	0.0	0.0	0.0	0.0	0.0	0.0	0.0	0.0	0.0	0.0	0.0	0.0	0.0	0.0	0.0	0.0	0.0	0.0	0.0	0.0	0.0	0.0	0.0	0.0
Bacteria;Firmicutes;Clostridia;Clostridiales;Ruminococcaceae;Unclassified;bacterium_NLAE-zl-C228	0.0	0.0	0.0	0.0	0.0	0.0	0.0	2.0	0.0	0.0	0.0	36.0	0.0	1.0	0.0	0.0	0.0	0.0	1.0	0.0	0.0	0.0	0.0	93.0	0.0	0.0	0.0	0.0	0.0	0.0	0.0	1.0	34.0	0.0	10.0	0.0	0.0	0.0	1.0	0.0	0.0	0.0	0.0	0.0	0.0	0.0	0.0	0.0	0.0	0.0	0.0	0.0	0.0	0.0	0.0	0.0	1.0	118.0	0.0	0.0	0.0	0.0	0.0	0.0	0.0	0.0	0.0	0.0	0.0	0.0	38.0	0.0	0.0	0.0	0.0	0.0	0.0	0.0	0.0	0.0	0.0	0.0	0.0	0.0	0.0	0.0	0.0	0.0
Bacteria;Firmicutes;Clostridia;Clostridiales;Ruminococcaceae;Unclassified;bacterium_ic1340	0.0	0.0	0.0	0.0	0.0	0.0	0.0	0.0	0.0	0.0	0.0	0.0	0.0	0.0	0.0	0.0	0.0	0.0	0.0	0.0	0.0	0.0	0.0	0.0	0.0	0.0	0.0	0.0	0.0	0.0	0.0	0.0	0.0	0.0	0.0	0.0	0.0	0.0	0.0	0.0	0.0	0.0	0.0	0.0	0.0	0.0	0.0	0.0	0.0	0.0	0.0	0.0	0.0	0.0	0.0	0.0	4.0	0.0	0.0	0.0	0.0	0.0	0.0	0.0	0.0	0.0	0.0	0.0	0.0	0.0	0.0	0.0	0.0	0.0	0.0	0.0	0.0	0.0	0.0	0.0	0.0	0.0	0.0	0.0	0.0	0.0	0.0	0.0
Bacteria;Firmicutes;Clostridia;Clostridiales;Ruminococcaceae;Unclassified;human_gut_metagenome	0.0	178.0	1.0	384.0	0.0	0.0	82.0	583.0	0.0	385.0	6.0	1724.0	65.0	117.0	0.0	202.0	182.0	38.0	138.0	20.0	0.0	219.0	78.0	186.0	117.0	69.0	219.0	0.0	136.0	46.0	166.0	171.0	0.0	87.0	975.0	0.0	179.0	226.0	237.0	3.0	112.0	3.0	2.0	218.0	0.0	0.0	359.0	421.0	7.0	0.0	556.0	87.0	11.0	205.0	423.0	275.0	291.0	283.0	178.0	43.0	0.0	8.0	38.0	42.0	0.0	2.0	105.0	40.0	698.0	340.0	1585.0	153.0	136.0	21.0	11.0	2.0	531.0	0.0	0.0	167.0	2.0	284.0	48.0	570.0	0.0	486.0	174.0	0.0
Bacteria;Firmicutes;Clostridia;Clostridiales;Ruminococcaceae;Unclassified;unidentified_rumen_bacterium_12-124	0.0	0.0	120.0	161.0	0.0	0.0	0.0	0.0	0.0	0.0	0.0	0.0	34.0	151.0	0.0	0.0	315.0	127.0	82.0	0.0	0.0	0.0	0.0	0.0	0.0	13.0	0.0	0.0	22.0	228.0	0.0	0.0	0.0	0.0	0.0	0.0	0.0	0.0	108.0	1.0	0.0	1.0	0.0	34.0	2.0	0.0	328.0	0.0	0.0	0.0	294.0	0.0	0.0	36.0	0.0	697.0	74.0	59.0	102.0	0.0	0.0	0.0	0.0	0.0	0.0	1.0	177.0	43.0	215.0	0.0	228.0	1.0	0.0	0.0	0.0	0.0	0.0	0.0	0.0	1.0	0.0	0.0	282.0	244.0	0.0	0.0	204.0	0.0
Bacteria;Firmicutes;Clostridia;Clostridiales;Ruminococcaceae;Unclassified;unidentified_rumen_bacterium_RFN71	0.0	0.0	0.0	0.0	0.0	0.0	0.0	0.0	0.0	0.0	0.0	1.0	0.0	0.0	0.0	0.0	0.0	0.0	0.0	0.0	0.0	0.0	0.0	0.0	0.0	0.0	0.0	0.0	0.0	0.0	0.0	0.0	0.0	0.0	0.0	0.0	0.0	0.0	0.0	0.0	0.0	0.0	0.0	0.0	0.0	0.0	0.0	0.0	0.0	0.0	0.0	0.0	0.0	0.0	0.0	0.0	2.0	0.0	0.0	0.0	0.0	0.0	0.0	0.0	0.0	0.0	0.0	0.0	6.0	0.0	0.0	0.0	0.0	0.0	0.0	0.0	0.0	0.0	0.0	0.0	0.0	0.0	0.0	0.0	0.0	0.0	0.0	0.0
Bacteria;Firmicutes;Clostridia;Clostridiales;Ruminococcaceae;Unclassified;wallaby_gut_metagenome	0.0	215.0	0.0	57.0	0.0	0.0	0.0	186.0	2.0	104.0	0.0	1793.0	6.0	24.0	0.0	0.0	122.0	204.0	495.0	1.0	0.0	0.0	116.0	463.0	0.0	3.0	216.0	140.0	0.0	0.0	394.0	0.0	2.0	1.0	1442.0	0.0	149.0	98.0	315.0	2.0	1.0	0.0	8.0	28.0	0.0	0.0	16.0	422.0	56.0	0.0	248.0	0.0	0.0	102.0	0.0	380.0	292.0	423.0	79.0	499.0	1.0	5.0	243.0	53.0	0.0	469.0	257.0	0.0	374.0	559.0	1075.0	0.0	264.0	140.0	0.0	0.0	27.0	0.0	0.0	0.0	0.0	1.0	0.0	556.0	0.0	0.0	67.0	0.0
Bacteria;Firmicutes;Clostridia;Clostridiales;Unclassified;Anaerococcus;Anaerococcus_prevotii	0.0	0.0	0.0	0.0	0.0	0.0	0.0	0.0	0.0	0.0	0.0	0.0	0.0	0.0	0.0	0.0	0.0	0.0	0.0	0.0	0.0	0.0	0.0	0.0	0.0	0.0	0.0	0.0	0.0	0.0	0.0	0.0	0.0	0.0	0.0	0.0	0.0	0.0	0.0	0.0	0.0	0.0	0.0	0.0	0.0	0.0	0.0	0.0	0.0	0.0	0.0	0.0	0.0	0.0	0.0	0.0	0.0	0.0	0.0	0.0	0.0	0.0	0.0	0.0	0.0	0.0	0.0	0.0	0.0	0.0	0.0	0.0	0.0	0.0	0.0	0.0	0.0	0.0	0.0	3.0	0.0	0.0	0.0	0.0	0.0	0.0	0.0	0.0
Bacteria;Firmicutes;Clostridia;Clostridiales;Unclassified;Anaerococcus;Other	0.0	0.0	0.0	0.0	0.0	0.0	0.0	0.0	0.0	0.0	0.0	0.0	0.0	0.0	0.0	0.0	0.0	0.0	0.0	0.0	0.0	0.0	0.0	0.0	0.0	0.0	0.0	0.0	0.0	1.0	0.0	0.0	0.0	0.0	0.0	0.0	0.0	0.0	0.0	0.0	0.0	0.0	2.0	0.0	0.0	0.0	0.0	0.0	0.0	20.0	0.0	370.0	0.0	0.0	53.0	0.0	0.0	0.0	0.0	0.0	0.0	0.0	196.0	0.0	0.0	0.0	0.0	0.0	0.0	0.0	0.0	0.0	0.0	0.0	0.0	0.0	0.0	0.0	0.0	0.0	0.0	0.0	0.0	0.0	0.0	0.0	0.0	0.0
Bacteria;Firmicutes;Clostridia;Clostridiales;Unclassified;Carboxydocella;Carboxydocella_ferrireducens	0.0	0.0	0.0	0.0	0.0	0.0	0.0	0.0	0.0	0.0	0.0	0.0	0.0	0.0	0.0	0.0	0.0	0.0	0.0	0.0	0.0	0.0	0.0	0.0	0.0	0.0	0.0	1.0	0.0	0.0	0.0	0.0	0.0	0.0	0.0	0.0	0.0	0.0	0.0	520.0	0.0	0.0	0.0	0.0	0.0	0.0	0.0	0.0	0.0	0.0	0.0	0.0	0.0	0.0	0.0	0.0	0.0	0.0	0.0	0.0	0.0	0.0	0.0	0.0	0.0	0.0	0.0	0.0	0.0	0.0	0.0	0.0	0.0	0.0	0.0	0.0	0.0	0.0	0.0	0.0	0.0	0.0	0.0	0.0	0.0	0.0	0.0	0.0
Bacteria;Firmicutes;Clostridia;Clostridiales;Unclassified;Finegoldia;Finegoldia_magna_ATCC_29328	0.0	0.0	0.0	0.0	0.0	0.0	0.0	0.0	0.0	0.0	0.0	0.0	0.0	0.0	0.0	0.0	0.0	0.0	0.0	0.0	0.0	0.0	0.0	0.0	0.0	0.0	0.0	0.0	0.0	0.0	0.0	0.0	0.0	0.0	0.0	0.0	0.0	0.0	0.0	0.0	0.0	0.0	7.0	74.0	0.0	0.0	0.0	0.0	0.0	0.0	0.0	0.0	0.0	0.0	0.0	0.0	0.0	0.0	0.0	0.0	0.0	0.0	0.0	0.0	0.0	0.0	0.0	0.0	9.0	0.0	0.0	0.0	0.0	0.0	0.0	0.0	0.0	0.0	0.0	0.0	0.0	0.0	0.0	0.0	0.0	0.0	0.0	0.0
Bacteria;Firmicutes;Clostridia;Clostridiales;Unclassified;Mogibacterium;Other	0.0	0.0	0.0	0.0	0.0	0.0	0.0	0.0	0.0	0.0	0.0	0.0	0.0	0.0	0.0	0.0	0.0	7.0	0.0	0.0	0.0	4.0	8.0	0.0	0.0	0.0	0.0	58.0	0.0	2.0	0.0	0.0	5.0	4.0	0.0	0.0	0.0	20.0	0.0	0.0	14.0	0.0	4.0	0.0	0.0	0.0	0.0	0.0	0.0	0.0	0.0	19.0	0.0	0.0	0.0	0.0	0.0	0.0	2.0	0.0	58.0	5.0	0.0	4.0	6.0	0.0	0.0	0.0	0.0	0.0	0.0	0.0	0.0	96.0	27.0	0.0	0.0	0.0	0.0	0.0	0.0	0.0	0.0	11.0	0.0	0.0	0.0	0.0
Bacteria;Firmicutes;Clostridia;Clostridiales;Unclassified;Murdochiella;Clostridiales_bacterium_9403326	0.0	0.0	0.0	0.0	0.0	0.0	0.0	0.0	0.0	0.0	0.0	0.0	0.0	0.0	0.0	0.0	0.0	0.0	0.0	0.0	0.0	0.0	0.0	0.0	0.0	0.0	0.0	0.0	0.0	0.0	0.0	0.0	0.0	0.0	0.0	0.0	0.0	0.0	0.0	0.0	0.0	0.0	18.0	0.0	0.0	0.0	0.0	0.0	0.0	0.0	0.0	0.0	0.0	0.0	0.0	0.0	0.0	0.0	0.0	0.0	0.0	0.0	0.0	0.0	0.0	0.0	0.0	0.0	0.0	0.0	0.0	0.0	0.0	0.0	0.0	0.0	0.0	0.0	0.0	0.0	0.0	0.0	0.0	0.0	0.0	0.0	0.0	0.0
Bacteria;Firmicutes;Clostridia;Clostridiales;Unclassified;Parvimonas;Other	0.0	0.0	1.0	0.0	0.0	0.0	84.0	0.0	0.0	0.0	0.0	2.0	0.0	0.0	0.0	0.0	0.0	0.0	0.0	0.0	0.0	0.0	0.0	0.0	0.0	0.0	0.0	0.0	0.0	7.0	0.0	0.0	0.0	0.0	0.0	0.0	0.0	0.0	0.0	0.0	0.0	0.0	0.0	0.0	0.0	0.0	0.0	0.0	0.0	0.0	0.0	0.0	0.0	0.0	0.0	0.0	0.0	0.0	0.0	0.0	0.0	0.0	0.0	0.0	0.0	0.0	0.0	0.0	0.0	0.0	0.0	0.0	0.0	0.0	0.0	0.0	0.0	0.0	0.0	0.0	0.0	0.0	0.0	0.0	0.0	0.0	0.0	0.0
Bacteria;Firmicutes;Clostridia;Clostridiales;Unclassified;Peptoniphilus;Other	0.0	0.0	0.0	0.0	0.0	0.0	0.0	0.0	0.0	0.0	0.0	0.0	0.0	0.0	0.0	0.0	0.0	0.0	0.0	0.0	0.0	0.0	0.0	0.0	0.0	0.0	0.0	0.0	0.0	0.0	0.0	0.0	0.0	0.0	0.0	0.0	0.0	0.0	0.0	0.0	0.0	0.0	0.0	0.0	0.0	0.0	0.0	0.0	0.0	0.0	0.0	0.0	0.0	0.0	28.0	0.0	0.0	0.0	0.0	54.0	0.0	0.0	0.0	0.0	0.0	0.0	0.0	0.0	0.0	0.0	0.0	0.0	0.0	0.0	0.0	0.0	0.0	0.0	0.0	0.0	0.0	0.0	0.0	0.0	0.0	0.0	0.0	17.0
Bacteria;Firmicutes;Clostridia;Clostridiales;Unclassified;Proteiniclasticum;Other	0.0	0.0	0.0	0.0	0.0	0.0	0.0	0.0	0.0	0.0	0.0	0.0	0.0	0.0	0.0	0.0	0.0	0.0	0.0	0.0	0.0	0.0	0.0	0.0	0.0	0.0	0.0	0.0	0.0	0.0	0.0	0.0	0.0	0.0	0.0	0.0	0.0	0.0	0.0	0.0	0.0	0.0	0.0	0.0	0.0	0.0	0.0	0.0	0.0	0.0	0.0	0.0	0.0	0.0	0.0	0.0	0.0	0.0	0.0	0.0	0.0	0.0	0.0	0.0	0.0	0.0	0.0	26.0	0.0	0.0	0.0	0.0	0.0	0.0	0.0	0.0	0.0	0.0	0.0	0.0	0.0	0.0	0.0	0.0	0.0	0.0	0.0	0.0
Bacteria;Firmicutes;Clostridia;Clostridiales;Unclassified;Symbiobacterium;Other	0.0	0.0	0.0	0.0	0.0	0.0	0.0	0.0	0.0	0.0	0.0	0.0	0.0	0.0	0.0	0.0	0.0	0.0	0.0	0.0	0.0	0.0	0.0	0.0	0.0	0.0	0.0	0.0	0.0	0.0	0.0	0.0	0.0	0.0	0.0	0.0	0.0	0.0	0.0	0.0	0.0	0.0	0.0	0.0	0.0	0.0	0.0	0.0	0.0	0.0	0.0	0.0	0.0	0.0	2.0	0.0	0.0	0.0	0.0	0.0	0.0	0.0	0.0	0.0	0.0	0.0	0.0	0.0	0.0	0.0	0.0	0.0	0.0	0.0	0.0	0.0	0.0	0.0	0.0	0.0	0.0	0.0	0.0	0.0	0.0	0.0	0.0	0.0
Bacteria;Firmicutes;Clostridia;Clostridiales;Unclassified;Tepidimicrobium;Clostridiales_bacterium_NS5-2	0.0	0.0	0.0	0.0	0.0	0.0	0.0	0.0	0.0	0.0	0.0	0.0	3.0	0.0	0.0	0.0	0.0	0.0	0.0	0.0	0.0	0.0	0.0	0.0	0.0	0.0	0.0	0.0	0.0	0.0	0.0	38.0	0.0	0.0	0.0	0.0	0.0	0.0	0.0	0.0	96.0	0.0	0.0	0.0	0.0	0.0	0.0	0.0	0.0	0.0	0.0	0.0	0.0	0.0	0.0	0.0	0.0	0.0	0.0	0.0	0.0	0.0	0.0	0.0	0.0	0.0	0.0	0.0	0.0	0.0	0.0	0.0	0.0	0.0	0.0	0.0	0.0	0.0	0.0	0.0	0.0	0.0	0.0	0.0	0.0	0.0	0.0	0.0
Bacteria;Firmicutes;Clostridia;Clostridiales;Unclassified;Thermaerobacter;Other	0.0	0.0	0.0	0.0	0.0	0.0	0.0	0.0	0.0	0.0	0.0	0.0	331.0	0.0	0.0	0.0	0.0	0.0	0.0	0.0	0.0	0.0	0.0	0.0	0.0	0.0	0.0	0.0	0.0	0.0	0.0	0.0	0.0	0.0	0.0	0.0	0.0	0.0	0.0	0.0	5.0	0.0	0.0	0.0	0.0	0.0	0.0	0.0	0.0	0.0	0.0	0.0	0.0	0.0	0.0	0.0	0.0	0.0	0.0	0.0	0.0	0.0	0.0	0.0	0.0	0.0	0.0	5.0	0.0	0.0	0.0	0.0	88.0	0.0	0.0	0.0	0.0	0.0	0.0	0.0	0.0	0.0	0.0	0.0	0.0	0.0	0.0	0.0
Bacteria;Firmicutes;Clostridia;Clostridiales;Unclassified;Tissierella;Other	0.0	0.0	0.0	0.0	0.0	0.0	0.0	0.0	0.0	0.0	0.0	0.0	0.0	0.0	0.0	0.0	0.0	0.0	0.0	0.0	0.0	0.0	0.0	0.0	0.0	0.0	0.0	0.0	0.0	0.0	0.0	0.0	0.0	0.0	0.0	0.0	0.0	0.0	0.0	0.0	0.0	0.0	0.0	0.0	0.0	0.0	0.0	0.0	0.0	0.0	0.0	0.0	0.0	0.0	0.0	0.0	0.0	0.0	0.0	0.0	0.0	0.0	0.0	0.0	0.0	0.0	0.0	46.0	0.0	0.0	0.0	0.0	0.0	0.0	0.0	0.0	0.0	0.0	0.0	0.0	0.0	0.0	0.0	0.0	0.0	0.0	0.0	0.0
Bacteria;Firmicutes;Clostridia;Clostridiales;Unclassified;Unclassified;Clostridiales_bacterium_enrichment_culture_clone_06-1235251-76	0.0	0.0	0.0	0.0	0.0	0.0	0.0	0.0	0.0	0.0	0.0	0.0	0.0	0.0	0.0	0.0	0.0	0.0	0.0	0.0	0.0	56.0	0.0	0.0	0.0	0.0	0.0	0.0	0.0	0.0	0.0	0.0	0.0	0.0	0.0	0.0	0.0	0.0	0.0	0.0	0.0	0.0	0.0	0.0	0.0	0.0	0.0	0.0	0.0	0.0	0.0	0.0	0.0	0.0	0.0	0.0	0.0	0.0	0.0	0.0	0.0	0.0	0.0	0.0	0.0	0.0	0.0	0.0	0.0	0.0	0.0	0.0	0.0	0.0	0.0	0.0	0.0	0.0	0.0	0.0	0.0	0.0	0.0	0.0	0.0	0.0	0.0	0.0
Bacteria;Firmicutes;Clostridia;Clostridiales;Unclassified;Unclassified;Clostridium_butyricum	0.0	0.0	0.0	0.0	0.0	0.0	0.0	0.0	0.0	0.0	0.0	4.0	0.0	0.0	0.0	155.0	0.0	0.0	0.0	0.0	167.0	0.0	0.0	0.0	0.0	19.0	0.0	5.0	0.0	0.0	0.0	0.0	0.0	0.0	0.0	0.0	0.0	0.0	0.0	0.0	0.0	0.0	0.0	0.0	144.0	0.0	0.0	0.0	0.0	0.0	0.0	0.0	0.0	0.0	0.0	0.0	0.0	0.0	3.0	0.0	0.0	0.0	0.0	0.0	0.0	0.0	1.0	0.0	0.0	0.0	0.0	0.0	0.0	0.0	0.0	3.0	0.0	348.0	0.0	0.0	0.0	0.0	0.0	0.0	0.0	0.0	0.0	0.0
Bacteria;Firmicutes;Clostridia;Clostridiales;Unclassified;Unclassified;Clostridium_intestinale_URNW	0.0	0.0	0.0	0.0	0.0	0.0	0.0	0.0	0.0	0.0	0.0	0.0	0.0	0.0	0.0	0.0	0.0	0.0	0.0	0.0	0.0	0.0	0.0	0.0	0.0	0.0	0.0	0.0	0.0	0.0	0.0	0.0	0.0	0.0	0.0	0.0	0.0	0.0	0.0	0.0	0.0	0.0	0.0	0.0	0.0	0.0	0.0	0.0	0.0	0.0	0.0	0.0	0.0	0.0	0.0	0.0	0.0	0.0	0.0	0.0	0.0	0.0	0.0	0.0	0.0	0.0	0.0	0.0	0.0	0.0	0.0	0.0	10.0	0.0	0.0	0.0	0.0	0.0	0.0	0.0	0.0	0.0	0.0	0.0	0.0	0.0	0.0	0.0
Bacteria;Firmicutes;Clostridia;Clostridiales;Unclassified;Unclassified;Clostridium_perfringens_NCTC_8239	0.0	0.0	0.0	0.0	0.0	0.0	0.0	0.0	0.0	0.0	0.0	0.0	8.0	0.0	1216.0	0.0	73.0	2.0	0.0	22.0	0.0	0.0	0.0	0.0	0.0	0.0	0.0	0.0	87.0	35.0	0.0	0.0	0.0	101.0	0.0	0.0	0.0	0.0	0.0	0.0	0.0	0.0	0.0	2.0	0.0	0.0	0.0	0.0	1.0	0.0	0.0	0.0	0.0	2.0	0.0	67.0	0.0	0.0	2.0	0.0	0.0	8.0	1.0	0.0	0.0	0.0	173.0	0.0	0.0	0.0	0.0	0.0	0.0	0.0	0.0	0.0	0.0	228.0	0.0	0.0	0.0	0.0	0.0	0.0	0.0	0.0	0.0	0.0
Bacteria;Firmicutes;Clostridia;Clostridiales;Unclassified;Unclassified;Eubacterium_brachy	0.0	0.0	0.0	0.0	0.0	0.0	0.0	0.0	0.0	0.0	0.0	0.0	0.0	0.0	0.0	0.0	0.0	0.0	0.0	0.0	0.0	0.0	0.0	0.0	0.0	0.0	0.0	0.0	0.0	2.0	0.0	0.0	0.0	0.0	0.0	0.0	0.0	0.0	0.0	0.0	0.0	0.0	0.0	0.0	0.0	0.0	0.0	0.0	0.0	0.0	0.0	0.0	0.0	0.0	0.0	0.0	0.0	0.0	0.0	0.0	0.0	0.0	0.0	0.0	0.0	0.0	0.0	0.0	0.0	0.0	0.0	0.0	0.0	0.0	0.0	0.0	0.0	0.0	0.0	0.0	0.0	0.0	0.0	0.0	0.0	0.0	0.0	0.0
Bacteria;Firmicutes;Clostridia;Clostridiales;Unclassified;Unclassified;Peptostreptococcaceae_bacterium_canine_oral_taxon_303	0.0	0.0	0.0	0.0	0.0	0.0	0.0	0.0	0.0	0.0	0.0	3.0	0.0	0.0	0.0	0.0	0.0	0.0	0.0	0.0	0.0	0.0	0.0	0.0	0.0	0.0	0.0	0.0	0.0	0.0	1.0	0.0	0.0	48.0	0.0	0.0	0.0	0.0	0.0	0.0	4.0	0.0	0.0	65.0	0.0	0.0	0.0	0.0	0.0	0.0	0.0	0.0	0.0	0.0	0.0	0.0	14.0	122.0	0.0	0.0	0.0	0.0	0.0	0.0	0.0	0.0	49.0	2.0	19.0	0.0	0.0	0.0	0.0	0.0	0.0	0.0	0.0	0.0	147.0	0.0	0.0	4.0	0.0	0.0	0.0	0.0	0.0	0.0
Bacteria;Firmicutes;Clostridia;Clostridiales;Unclassified;Unclassified;[Eubacterium]_nodatum	0.0	0.0	0.0	0.0	0.0	0.0	0.0	0.0	0.0	0.0	0.0	0.0	0.0	0.0	0.0	0.0	0.0	0.0	0.0	0.0	0.0	0.0	0.0	0.0	0.0	0.0	0.0	0.0	0.0	0.0	0.0	0.0	0.0	0.0	0.0	0.0	0.0	0.0	0.0	0.0	0.0	0.0	0.0	0.0	0.0	0.0	0.0	0.0	0.0	0.0	0.0	0.0	0.0	0.0	0.0	0.0	0.0	0.0	0.0	0.0	0.0	0.0	0.0	0.0	0.0	0.0	0.0	0.0	3.0	0.0	0.0	0.0	0.0	0.0	0.0	0.0	0.0	0.0	0.0	0.0	0.0	0.0	0.0	0.0	0.0	0.0	0.0	0.0
Bacteria;Firmicutes;Clostridia;Clostridiales;Unclassified;Unclassified;unidentified_rumen_bacterium_RFN42	0.0	0.0	0.0	0.0	0.0	0.0	0.0	0.0	0.0	0.0	0.0	0.0	0.0	0.0	0.0	0.0	0.0	0.0	0.0	0.0	0.0	0.0	0.0	0.0	0.0	0.0	0.0	0.0	0.0	0.0	0.0	0.0	0.0	0.0	0.0	0.0	0.0	0.0	0.0	0.0	5.0	0.0	0.0	0.0	0.0	0.0	0.0	0.0	0.0	0.0	0.0	0.0	0.0	0.0	0.0	0.0	0.0	0.0	0.0	0.0	0.0	0.0	0.0	0.0	0.0	0.0	0.0	0.0	0.0	0.0	0.0	0.0	0.0	0.0	0.0	0.0	0.0	0.0	0.0	0.0	0.0	0.0	0.0	0.0	0.0	0.0	0.0	0.0
Bacteria;Firmicutes;Clostridia;Other;Other;Other;Other	0.0	0.0	0.0	0.0	0.0	0.0	0.0	0.0	0.0	0.0	0.0	0.0	0.0	0.0	0.0	0.0	0.0	0.0	0.0	0.0	0.0	0.0	0.0	0.0	0.0	0.0	0.0	0.0	0.0	0.0	0.0	0.0	0.0	0.0	0.0	0.0	0.0	0.0	0.0	0.0	0.0	0.0	0.0	0.0	0.0	0.0	0.0	0.0	0.0	0.0	0.0	0.0	0.0	0.0	0.0	0.0	10.0	0.0	0.0	0.0	0.0	0.0	0.0	0.0	0.0	0.0	0.0	0.0	0.0	0.0	0.0	0.0	0.0	0.0	0.0	0.0	0.0	0.0	0.0	0.0	0.0	0.0	0.0	0.0	0.0	0.0	0.0	0.0
Bacteria;Firmicutes;Clostridia;Thermoanaerobacterales;Thermoanaerobacteraceae;Thermoanaerobacter;Other	0.0	0.0	0.0	0.0	0.0	0.0	0.0	0.0	0.0	0.0	0.0	0.0	0.0	0.0	0.0	0.0	0.0	0.0	0.0	0.0	0.0	0.0	0.0	0.0	0.0	0.0	0.0	0.0	0.0	0.0	0.0	0.0	0.0	0.0	0.0	0.0	0.0	0.0	0.0	0.0	0.0	0.0	0.0	0.0	0.0	0.0	0.0	0.0	0.0	0.0	0.0	0.0	0.0	0.0	0.0	0.0	0.0	0.0	0.0	0.0	0.0	0.0	0.0	0.0	0.0	0.0	0.0	0.0	0.0	0.0	0.0	0.0	0.0	0.0	0.0	0.0	0.0	0.0	0.0	0.0	0.0	0.0	0.0	0.0	0.0	69.0	0.0	0.0
Bacteria;Firmicutes;Erysipelotrichia;Erysipelotrichales;Erysipelotrichaceae;Allobaculum;Other	1.0	1.0	3.0	1.0	3.0	1.0	2.0	1.0	0.0	1.0	1.0	0.0	0.0	0.0	0.0	0.0	0.0	0.0	1.0	0.0	1.0	3.0	0.0	29.0	1.0	93.0	1.0	1.0	2.0	1.0	0.0	0.0	0.0	0.0	0.0	1.0	0.0	0.0	0.0	0.0	1.0	0.0	0.0	107.0	0.0	0.0	0.0	0.0	1.0	1.0	0.0	1.0	0.0	0.0	0.0	0.0	0.0	0.0	0.0	0.0	1.0	4.0	0.0	0.0	0.0	0.0	0.0	0.0	4.0	0.0	1.0	2.0	1.0	2.0	2.0	0.0	0.0	0.0	1.0	4.0	0.0	1.0	1.0	68.0	0.0	423.0	1.0	0.0
Bacteria;Firmicutes;Erysipelotrichia;Erysipelotrichales;Erysipelotrichaceae;Allobaculum;gut_metagenome	0.0	0.0	0.0	0.0	0.0	0.0	0.0	0.0	0.0	0.0	0.0	0.0	0.0	0.0	0.0	0.0	0.0	0.0	0.0	0.0	0.0	0.0	0.0	0.0	0.0	0.0	0.0	0.0	0.0	0.0	0.0	0.0	0.0	0.0	0.0	0.0	0.0	0.0	0.0	0.0	5.0	0.0	0.0	0.0	0.0	0.0	0.0	0.0	0.0	0.0	0.0	0.0	0.0	0.0	0.0	0.0	0.0	0.0	0.0	0.0	0.0	0.0	0.0	0.0	0.0	0.0	0.0	0.0	0.0	0.0	0.0	0.0	0.0	0.0	0.0	0.0	0.0	0.0	0.0	0.0	0.0	0.0	0.0	0.0	0.0	0.0	0.0	0.0
Bacteria;Firmicutes;Erysipelotrichia;Erysipelotrichales;Erysipelotrichaceae;Asteroleplasma;Other	0.0	0.0	0.0	0.0	0.0	0.0	0.0	0.0	0.0	0.0	0.0	0.0	0.0	0.0	0.0	0.0	0.0	0.0	0.0	0.0	0.0	0.0	0.0	0.0	0.0	0.0	0.0	0.0	0.0	0.0	0.0	0.0	0.0	0.0	0.0	0.0	0.0	40.0	0.0	0.0	0.0	0.0	0.0	0.0	0.0	0.0	0.0	0.0	0.0	0.0	0.0	0.0	0.0	0.0	0.0	0.0	0.0	0.0	0.0	0.0	0.0	0.0	0.0	0.0	0.0	0.0	0.0	0.0	0.0	0.0	0.0	0.0	0.0	0.0	0.0	0.0	0.0	0.0	0.0	0.0	0.0	0.0	0.0	0.0	0.0	0.0	0.0	0.0
Bacteria;Firmicutes;Erysipelotrichia;Erysipelotrichales;Erysipelotrichaceae;Catenibacterium;Other	0.0	0.0	0.0	0.0	0.0	0.0	0.0	86.0	0.0	0.0	0.0	0.0	11.0	0.0	0.0	0.0	4.0	21.0	0.0	0.0	0.0	29.0	0.0	45.0	0.0	135.0	0.0	0.0	0.0	16.0	203.0	0.0	2.0	639.0	0.0	0.0	35.0	0.0	0.0	0.0	206.0	0.0	4.0	132.0	0.0	0.0	0.0	0.0	0.0	0.0	5.0	13.0	0.0	5.0	0.0	0.0	1.0	13.0	1.0	0.0	1.0	172.0	56.0	38.0	176.0	0.0	29.0	0.0	34.0	98.0	0.0	0.0	134.0	331.0	189.0	0.0	7.0	0.0	0.0	689.0	84.0	154.0	9.0	265.0	0.0	177.0	378.0	0.0
Bacteria;Firmicutes;Erysipelotrichia;Erysipelotrichales;Erysipelotrichaceae;Coprobacillus;Coprobacillus_cateniformis	0.0	0.0	0.0	0.0	0.0	0.0	0.0	0.0	0.0	0.0	0.0	5.0	5.0	0.0	0.0	0.0	0.0	0.0	0.0	0.0	0.0	0.0	0.0	0.0	0.0	0.0	0.0	0.0	0.0	0.0	25.0	0.0	0.0	0.0	0.0	0.0	0.0	0.0	0.0	0.0	0.0	0.0	13.0	0.0	0.0	0.0	0.0	0.0	0.0	0.0	0.0	0.0	0.0	0.0	0.0	0.0	0.0	0.0	0.0	0.0	0.0	0.0	0.0	0.0	0.0	0.0	0.0	0.0	1.0	0.0	0.0	0.0	0.0	0.0	0.0	0.0	0.0	0.0	0.0	0.0	0.0	0.0	0.0	0.0	0.0	0.0	0.0	0.0
Bacteria;Firmicutes;Erysipelotrichia;Erysipelotrichales;Erysipelotrichaceae;Coprobacillus;Other	0.0	0.0	0.0	0.0	0.0	0.0	0.0	0.0	0.0	0.0	0.0	1.0	0.0	0.0	0.0	0.0	0.0	0.0	0.0	0.0	0.0	0.0	0.0	0.0	0.0	0.0	0.0	0.0	0.0	0.0	0.0	0.0	0.0	0.0	0.0	0.0	0.0	0.0	0.0	0.0	0.0	0.0	0.0	0.0	0.0	0.0	0.0	0.0	0.0	0.0	0.0	0.0	0.0	0.0	0.0	0.0	0.0	0.0	0.0	0.0	0.0	0.0	103.0	0.0	0.0	0.0	0.0	0.0	5.0	0.0	0.0	0.0	0.0	0.0	0.0	0.0	0.0	0.0	0.0	0.0	0.0	0.0	0.0	0.0	0.0	0.0	0.0	0.0
Bacteria;Firmicutes;Erysipelotrichia;Erysipelotrichales;Erysipelotrichaceae;Holdemania;Other	0.0	0.0	0.0	0.0	176.0	0.0	0.0	0.0	0.0	0.0	0.0	25.0	0.0	4.0	0.0	0.0	40.0	0.0	0.0	0.0	0.0	0.0	0.0	0.0	0.0	0.0	0.0	9.0	0.0	0.0	49.0	127.0	0.0	0.0	0.0	0.0	0.0	0.0	0.0	0.0	0.0	0.0	0.0	0.0	0.0	0.0	1.0	0.0	7.0	0.0	0.0	0.0	0.0	0.0	2.0	21.0	25.0	0.0	63.0	0.0	0.0	0.0	0.0	0.0	0.0	0.0	25.0	0.0	15.0	0.0	0.0	0.0	0.0	0.0	0.0	0.0	0.0	0.0	0.0	0.0	0.0	0.0	0.0	0.0	0.0	0.0	0.0	0.0
Bacteria;Firmicutes;Erysipelotrichia;Erysipelotrichales;Erysipelotrichaceae;Other;Other	0.0	0.0	0.0	0.0	0.0	0.0	0.0	0.0	0.0	0.0	0.0	0.0	0.0	0.0	0.0	0.0	0.0	0.0	0.0	0.0	0.0	46.0	0.0	0.0	0.0	0.0	0.0	0.0	0.0	0.0	0.0	0.0	0.0	0.0	0.0	0.0	0.0	0.0	0.0	0.0	0.0	0.0	0.0	0.0	0.0	0.0	0.0	0.0	0.0	0.0	0.0	0.0	0.0	0.0	0.0	0.0	0.0	0.0	0.0	0.0	0.0	0.0	0.0	0.0	82.0	0.0	0.0	0.0	0.0	0.0	0.0	0.0	0.0	0.0	0.0	0.0	0.0	0.0	0.0	0.0	0.0	0.0	0.0	0.0	0.0	0.0	0.0	0.0
Bacteria;Firmicutes;Erysipelotrichia;Erysipelotrichales;Erysipelotrichaceae;Solobacterium;Solobacterium_moorei	0.0	0.0	0.0	0.0	0.0	0.0	0.0	0.0	0.0	0.0	0.0	4.0	0.0	0.0	0.0	0.0	0.0	0.0	0.0	0.0	0.0	0.0	0.0	0.0	0.0	0.0	0.0	0.0	0.0	2.0	0.0	0.0	0.0	0.0	0.0	0.0	0.0	0.0	0.0	0.0	0.0	0.0	3.0	0.0	0.0	0.0	0.0	37.0	0.0	0.0	0.0	0.0	0.0	0.0	0.0	0.0	0.0	0.0	0.0	0.0	0.0	0.0	0.0	0.0	0.0	0.0	0.0	0.0	0.0	0.0	0.0	0.0	0.0	0.0	0.0	0.0	0.0	0.0	0.0	0.0	0.0	0.0	0.0	0.0	0.0	0.0	0.0	0.0
Bacteria;Firmicutes;Erysipelotrichia;Erysipelotrichales;Erysipelotrichaceae;Turicibacter;Other	0.0	0.0	0.0	96.0	0.0	0.0	0.0	0.0	0.0	0.0	0.0	50.0	7.0	9.0	0.0	0.0	0.0	265.0	0.0	0.0	0.0	0.0	0.0	0.0	3.0	0.0	0.0	0.0	0.0	0.0	0.0	0.0	0.0	12.0	0.0	0.0	0.0	0.0	0.0	0.0	12.0	0.0	0.0	0.0	0.0	0.0	120.0	0.0	0.0	0.0	0.0	0.0	0.0	0.0	0.0	0.0	4.0	0.0	0.0	0.0	0.0	0.0	0.0	0.0	9.0	0.0	0.0	32.0	54.0	0.0	0.0	0.0	58.0	0.0	0.0	0.0	0.0	1.0	0.0	40.0	0.0	0.0	0.0	0.0	0.0	0.0	0.0	0.0
Bacteria;Firmicutes;Erysipelotrichia;Erysipelotrichales;Erysipelotrichaceae;Unclassified;Clostridiaceae_bacterium_JC13	0.0	0.0	0.0	0.0	0.0	0.0	0.0	0.0	0.0	0.0	0.0	0.0	0.0	0.0	0.0	0.0	54.0	0.0	0.0	0.0	0.0	0.0	0.0	0.0	0.0	0.0	0.0	0.0	0.0	0.0	0.0	0.0	0.0	0.0	0.0	0.0	0.0	0.0	0.0	0.0	0.0	0.0	3.0	0.0	0.0	0.0	0.0	0.0	0.0	0.0	0.0	0.0	0.0	0.0	0.0	0.0	0.0	0.0	3.0	0.0	0.0	0.0	0.0	0.0	0.0	0.0	0.0	0.0	0.0	0.0	0.0	0.0	0.0	0.0	0.0	0.0	0.0	0.0	0.0	0.0	0.0	0.0	0.0	0.0	0.0	0.0	0.0	0.0
Bacteria;Firmicutes;Erysipelotrichia;Erysipelotrichales;Erysipelotrichaceae;Unclassified;Eubacterium_biforme_DSM_3989	15.0	0.0	0.0	0.0	86.0	0.0	101.0	256.0	0.0	0.0	0.0	0.0	0.0	0.0	0.0	0.0	0.0	0.0	0.0	0.0	0.0	0.0	0.0	9.0	0.0	0.0	0.0	0.0	0.0	0.0	241.0	0.0	0.0	0.0	9.0	0.0	0.0	0.0	4.0	0.0	3.0	103.0	0.0	242.0	0.0	0.0	0.0	0.0	3.0	47.0	0.0	27.0	0.0	0.0	1.0	0.0	1.0	0.0	0.0	0.0	0.0	0.0	0.0	0.0	0.0	0.0	0.0	0.0	5.0	0.0	0.0	5.0	17.0	0.0	0.0	0.0	84.0	0.0	0.0	0.0	1.0	0.0	11.0	139.0	0.0	0.0	2.0	0.0
Bacteria;Firmicutes;Erysipelotrichia;Erysipelotrichales;Erysipelotrichaceae;Unclassified;[Clostridium]_innocuum	0.0	0.0	0.0	57.0	0.0	0.0	0.0	0.0	0.0	81.0	1.0	4.0	1.0	0.0	0.0	0.0	66.0	0.0	1.0	115.0	0.0	0.0	0.0	0.0	0.0	0.0	0.0	0.0	0.0	0.0	0.0	0.0	60.0	1.0	0.0	0.0	0.0	0.0	0.0	0.0	0.0	1.0	41.0	0.0	0.0	0.0	0.0	0.0	21.0	0.0	19.0	0.0	0.0	0.0	0.0	0.0	14.0	25.0	0.0	0.0	0.0	5.0	0.0	57.0	0.0	0.0	0.0	0.0	26.0	52.0	0.0	0.0	0.0	60.0	0.0	0.0	0.0	0.0	0.0	0.0	0.0	0.0	95.0	0.0	0.0	0.0	0.0	0.0
Bacteria;Firmicutes;Erysipelotrichia;Erysipelotrichales;Erysipelotrichaceae;Unclassified;[Clostridium]_ramosum	0.0	0.0	186.0	0.0	0.0	0.0	0.0	0.0	0.0	0.0	2.0	11.0	3.0	1.0	0.0	0.0	19.0	0.0	166.0	16.0	0.0	0.0	2.0	0.0	0.0	0.0	0.0	0.0	0.0	0.0	0.0	1.0	214.0	0.0	0.0	0.0	48.0	0.0	9.0	0.0	0.0	0.0	18.0	0.0	0.0	0.0	0.0	0.0	54.0	0.0	0.0	0.0	0.0	0.0	4.0	90.0	34.0	12.0	1.0	157.0	0.0	0.0	0.0	2.0	0.0	1.0	38.0	0.0	21.0	0.0	57.0	0.0	78.0	0.0	0.0	0.0	0.0	0.0	0.0	0.0	0.0	0.0	124.0	49.0	0.0	0.0	0.0	177.0
Bacteria;Firmicutes;Erysipelotrichia;Erysipelotrichales;Erysipelotrichaceae;Unclassified;[Clostridium]_spiroforme	0.0	0.0	0.0	0.0	0.0	0.0	0.0	0.0	277.0	0.0	0.0	0.0	0.0	0.0	0.0	0.0	0.0	0.0	0.0	0.0	0.0	0.0	0.0	0.0	0.0	0.0	0.0	0.0	0.0	0.0	0.0	0.0	0.0	0.0	0.0	0.0	0.0	0.0	0.0	0.0	0.0	0.0	0.0	0.0	0.0	0.0	0.0	0.0	0.0	0.0	0.0	0.0	0.0	0.0	0.0	0.0	2.0	0.0	0.0	0.0	0.0	0.0	0.0	0.0	0.0	0.0	0.0	0.0	0.0	0.0	0.0	0.0	0.0	0.0	0.0	0.0	3.0	0.0	0.0	0.0	0.0	0.0	0.0	0.0	0.0	0.0	0.0	0.0
Bacteria;Firmicutes;Erysipelotrichia;Erysipelotrichales;Erysipelotrichaceae;Unclassified;[Eubacterium]_cylindroides	0.0	0.0	83.0	0.0	0.0	0.0	0.0	0.0	0.0	0.0	0.0	6.0	0.0	0.0	0.0	0.0	0.0	0.0	0.0	0.0	0.0	0.0	0.0	0.0	0.0	64.0	0.0	0.0	0.0	0.0	0.0	0.0	0.0	0.0	0.0	0.0	0.0	0.0	0.0	0.0	0.0	0.0	0.0	0.0	0.0	0.0	0.0	0.0	0.0	0.0	0.0	0.0	0.0	0.0	0.0	0.0	0.0	0.0	0.0	0.0	0.0	0.0	0.0	76.0	0.0	0.0	0.0	0.0	0.0	0.0	0.0	0.0	0.0	0.0	0.0	0.0	0.0	0.0	0.0	0.0	0.0	0.0	0.0	0.0	0.0	0.0	0.0	0.0
Bacteria;Firmicutes;Erysipelotrichia;Erysipelotrichales;Erysipelotrichaceae;Unclassified;[Eubacterium]_dolichum	0.0	0.0	0.0	18.0	0.0	0.0	0.0	0.0	0.0	0.0	0.0	0.0	6.0	0.0	0.0	0.0	49.0	0.0	112.0	0.0	0.0	0.0	0.0	0.0	0.0	0.0	0.0	36.0	0.0	0.0	0.0	0.0	79.0	0.0	0.0	0.0	109.0	5.0	0.0	39.0	0.0	0.0	58.0	0.0	0.0	0.0	0.0	0.0	14.0	0.0	19.0	0.0	0.0	0.0	0.0	0.0	2.0	0.0	63.0	0.0	0.0	0.0	0.0	0.0	0.0	0.0	2.0	0.0	16.0	0.0	0.0	7.0	0.0	1.0	0.0	0.0	0.0	0.0	0.0	0.0	0.0	0.0	0.0	0.0	0.0	0.0	0.0	0.0
Bacteria;Firmicutes;Erysipelotrichia;Erysipelotrichales;Erysipelotrichaceae;Unclassified;human_gut_metagenome	347.0	1079.0	868.0	481.0	1417.0	397.0	374.0	581.0	0.0	243.0	73.0	1634.0	332.0	412.0	138.0	1.0	1500.0	479.0	1353.0	1119.0	536.0	6.0	616.0	961.0	673.0	327.0	48.0	411.0	448.0	878.0	808.0	39.0	1152.0	931.0	356.0	600.0	941.0	730.0	716.0	341.0	75.0	684.0	1085.0	331.0	1270.0	299.0	301.0	769.0	905.0	690.0	932.0	192.0	202.0	354.0	80.0	1081.0	909.0	686.0	1174.0	422.0	811.0	8.0	307.0	634.0	0.0	169.0	1160.0	170.0	751.0	827.0	299.0	663.0	502.0	369.0	32.0	757.0	624.0	62.0	675.0	107.0	286.0	221.0	2200.0	1202.0	21.0	151.0	700.0	522.0
Bacteria;Firmicutes;Negativicutes;Selenomonadales;Acidaminococcaceae;Acidaminococcus;Other	2225.0	214.0	153.0	113.0	0.0	782.0	419.0	523.0	503.0	699.0	83.0	29.0	110.0	757.0	5.0	0.0	175.0	701.0	582.0	123.0	0.0	2647.0	397.0	862.0	305.0	344.0	0.0	344.0	357.0	131.0	291.0	1662.0	111.0	844.0	1.0	0.0	37.0	214.0	1084.0	1.0	1787.0	636.0	45.0	496.0	0.0	0.0	810.0	61.0	33.0	297.0	447.0	0.0	223.0	485.0	402.0	444.0	247.0	460.0	68.0	189.0	112.0	3038.0	221.0	813.0	1060.0	7.0	15.0	74.0	229.0	114.0	370.0	507.0	1079.0	1272.0	1881.0	102.0	1521.0	446.0	423.0	5980.0	688.0	236.0	2.0	958.0	185.0	789.0	423.0	1218.0
Bacteria;Firmicutes;Negativicutes;Selenomonadales;Acidaminococcaceae;Phascolarctobacterium;Other	0.0	0.0	0.0	0.0	0.0	0.0	173.0	0.0	0.0	0.0	0.0	4.0	2.0	0.0	0.0	0.0	0.0	0.0	0.0	0.0	0.0	0.0	0.0	0.0	0.0	0.0	0.0	0.0	0.0	0.0	0.0	0.0	0.0	0.0	0.0	0.0	0.0	0.0	0.0	0.0	0.0	0.0	0.0	0.0	0.0	0.0	0.0	0.0	0.0	93.0	0.0	0.0	0.0	0.0	0.0	0.0	6.0	0.0	0.0	0.0	0.0	0.0	0.0	0.0	0.0	0.0	0.0	0.0	5.0	0.0	2.0	0.0	0.0	0.0	0.0	0.0	0.0	0.0	0.0	0.0	0.0	0.0	0.0	0.0	0.0	0.0	0.0	0.0
Bacteria;Firmicutes;Negativicutes;Selenomonadales;Acidaminococcaceae;Phascolarctobacterium;Phascolarctobacterium_faecium	1058.0	541.0	1591.0	166.0	384.0	106.0	1.0	562.0	161.0	1146.0	216.0	1541.0	198.0	222.0	2.0	5.0	563.0	448.0	1838.0	439.0	203.0	1494.0	795.0	1470.0	496.0	133.0	41.0	95.0	768.0	409.0	381.0	36.0	928.0	1095.0	583.0	425.0	121.0	984.0	1087.0	4.0	1045.0	735.0	1085.0	190.0	788.0	822.0	933.0	80.0	1139.0	1365.0	624.0	772.0	465.0	350.0	236.0	769.0	1140.0	1100.0	877.0	3.0	607.0	1417.0	695.0	1039.0	0.0	964.0	620.0	52.0	792.0	583.0	288.0	257.0	993.0	1459.0	587.0	347.0	1149.0	5.0	194.0	3463.0	456.0	77.0	853.0	1104.0	912.0	638.0	586.0	369.0
Bacteria;Firmicutes;Negativicutes;Selenomonadales;Veillonellaceae;Allisonella;Other	0.0	0.0	0.0	0.0	0.0	89.0	0.0	0.0	0.0	148.0	0.0	0.0	3.0	0.0	0.0	0.0	17.0	1.0	3.0	0.0	0.0	0.0	298.0	0.0	5.0	8.0	0.0	0.0	0.0	0.0	0.0	0.0	0.0	22.0	35.0	0.0	102.0	44.0	83.0	0.0	98.0	0.0	0.0	0.0	0.0	0.0	0.0	62.0	9.0	34.0	0.0	0.0	380.0	170.0	0.0	0.0	17.0	1.0	0.0	1.0	0.0	161.0	0.0	0.0	0.0	2.0	0.0	0.0	3.0	0.0	2.0	166.0	49.0	0.0	129.0	0.0	38.0	0.0	0.0	128.0	0.0	0.0	0.0	129.0	0.0	0.0	0.0	264.0
Bacteria;Firmicutes;Negativicutes;Selenomonadales;Veillonellaceae;Anaeroglobus;Other	123.0	0.0	0.0	160.0	0.0	0.0	0.0	0.0	0.0	0.0	0.0	9.0	0.0	0.0	0.0	0.0	0.0	0.0	0.0	0.0	0.0	0.0	0.0	0.0	0.0	4.0	0.0	0.0	2.0	0.0	0.0	0.0	0.0	13.0	0.0	0.0	0.0	0.0	0.0	0.0	68.0	0.0	0.0	0.0	0.0	0.0	0.0	28.0	0.0	315.0	0.0	0.0	0.0	0.0	0.0	0.0	0.0	12.0	0.0	0.0	0.0	0.0	0.0	0.0	0.0	0.0	0.0	0.0	38.0	130.0	0.0	0.0	0.0	302.0	0.0	0.0	0.0	0.0	0.0	0.0	0.0	0.0	0.0	3.0	0.0	0.0	0.0	0.0
Bacteria;Firmicutes;Negativicutes;Selenomonadales;Veillonellaceae;Centipeda;Other	0.0	0.0	0.0	0.0	0.0	0.0	0.0	0.0	0.0	0.0	0.0	0.0	0.0	0.0	0.0	0.0	0.0	0.0	0.0	0.0	0.0	0.0	0.0	0.0	0.0	0.0	0.0	0.0	0.0	0.0	0.0	0.0	0.0	0.0	0.0	0.0	0.0	0.0	13.0	0.0	0.0	0.0	0.0	0.0	0.0	0.0	0.0	0.0	0.0	0.0	0.0	1.0	0.0	0.0	0.0	0.0	0.0	0.0	0.0	0.0	0.0	0.0	0.0	0.0	0.0	0.0	0.0	0.0	20.0	0.0	0.0	0.0	0.0	0.0	0.0	0.0	0.0	0.0	0.0	0.0	0.0	0.0	0.0	0.0	0.0	0.0	0.0	0.0
Bacteria;Firmicutes;Negativicutes;Selenomonadales;Veillonellaceae;Dialister;Other	0.0	0.0	4.0	0.0	0.0	0.0	478.0	17.0	0.0	0.0	22.0	205.0	68.0	75.0	804.0	127.0	6.0	118.0	67.0	28.0	0.0	0.0	7.0	0.0	0.0	0.0	0.0	112.0	0.0	8.0	0.0	0.0	62.0	1.0	3.0	0.0	14.0	3.0	110.0	0.0	47.0	285.0	55.0	0.0	1.0	0.0	257.0	1.0	0.0	0.0	30.0	0.0	0.0	74.0	1103.0	0.0	551.0	34.0	31.0	0.0	0.0	25.0	92.0	154.0	0.0	0.0	67.0	83.0	195.0	38.0	117.0	0.0	45.0	0.0	27.0	0.0	257.0	0.0	0.0	0.0	420.0	0.0	0.0	0.0	0.0	0.0	0.0	0.0
Bacteria;Firmicutes;Negativicutes;Selenomonadales;Veillonellaceae;Megamonas;Other	386.0	170.0	1445.0	235.0	199.0	56.0	0.0	184.0	0.0	0.0	86.0	239.0	54.0	115.0	0.0	0.0	355.0	109.0	163.0	209.0	162.0	0.0	355.0	82.0	58.0	132.0	0.0	266.0	0.0	144.0	4.0	48.0	292.0	493.0	180.0	176.0	147.0	118.0	134.0	413.0	94.0	450.0	783.0	294.0	0.0	109.0	3.0	1.0	1029.0	98.0	311.0	415.0	0.0	183.0	181.0	533.0	229.0	59.0	504.0	1.0	0.0	21.0	256.0	1682.0	0.0	3.0	395.0	246.0	733.0	3.0	541.0	117.0	426.0	0.0	0.0	259.0	0.0	3.0	159.0	0.0	0.0	107.0	852.0	30.0	0.0	0.0	446.0	16.0
Bacteria;Firmicutes;Negativicutes;Selenomonadales;Veillonellaceae;Megasphaera;Megasphaera_elsdenii	4854.0	1251.0	3787.0	1202.0	192.0	2194.0	1138.0	2833.0	619.0	4208.0	450.0	87.0	485.0	2337.0	120.0	26.0	318.0	1828.0	919.0	4597.0	345.0	14091.0	2766.0	4575.0	4107.0	788.0	1127.0	1434.0	8864.0	472.0	3545.0	1946.0	852.0	4415.0	1274.0	3189.0	1404.0	1825.0	4073.0	319.0	6358.0	1999.0	340.0	1153.0	5.0	993.0	1768.0	2306.0	429.0	2075.0	1925.0	2707.0	2051.0	2235.0	807.0	528.0	932.0	2464.0	420.0	873.0	3512.0	48384.0	3065.0	1236.0	4846.0	21.0	635.0	451.0	1732.0	1108.0	1824.0	16.0	1562.0	7045.0	35424.0	111.0	2617.0	891.0	1.0	21878.0	3522.0	3137.0	370.0	3000.0	4948.0	1104.0	1370.0	6362.0
Bacteria;Firmicutes;Negativicutes;Selenomonadales;Veillonellaceae;Megasphaera;Megasphaera_micronuciformis	0.0	0.0	0.0	0.0	0.0	0.0	0.0	0.0	0.0	0.0	0.0	25.0	0.0	45.0	0.0	0.0	1.0	27.0	0.0	0.0	0.0	0.0	0.0	0.0	0.0	0.0	0.0	0.0	0.0	0.0	0.0	2.0	140.0	0.0	3.0	0.0	0.0	0.0	0.0	0.0	0.0	312.0	0.0	0.0	0.0	0.0	0.0	0.0	0.0	0.0	0.0	0.0	0.0	0.0	0.0	0.0	33.0	0.0	24.0	0.0	0.0	0.0	0.0	0.0	0.0	0.0	0.0	0.0	7.0	0.0	0.0	0.0	0.0	0.0	0.0	0.0	0.0	0.0	0.0	0.0	0.0	0.0	0.0	0.0	0.0	0.0	0.0	0.0
Bacteria;Firmicutes;Negativicutes;Selenomonadales;Veillonellaceae;Megasphaera;Other	0.0	0.0	0.0	21.0	288.0	119.0	0.0	62.0	0.0	0.0	10.0	13.0	32.0	112.0	0.0	0.0	31.0	2.0	1.0	0.0	0.0	196.0	448.0	180.0	0.0	0.0	0.0	0.0	381.0	55.0	0.0	0.0	0.0	143.0	19.0	0.0	0.0	0.0	193.0	2.0	73.0	0.0	0.0	186.0	1.0	0.0	195.0	5.0	0.0	359.0	324.0	0.0	0.0	354.0	88.0	0.0	19.0	148.0	0.0	0.0	5.0	415.0	0.0	0.0	758.0	1.0	10.0	7.0	72.0	1.0	0.0	0.0	97.0	64.0	602.0	0.0	1.0	137.0	0.0	602.0	0.0	0.0	0.0	377.0	0.0	0.0	0.0	0.0
Bacteria;Firmicutes;Negativicutes;Selenomonadales;Veillonellaceae;Mitsuokella;Other	0.0	0.0	0.0	0.0	0.0	0.0	0.0	0.0	0.0	0.0	0.0	2.0	0.0	0.0	0.0	0.0	0.0	0.0	0.0	0.0	0.0	0.0	0.0	0.0	0.0	0.0	0.0	0.0	0.0	0.0	0.0	0.0	0.0	0.0	0.0	0.0	0.0	0.0	0.0	0.0	0.0	0.0	0.0	0.0	0.0	0.0	0.0	0.0	0.0	0.0	0.0	0.0	0.0	0.0	0.0	0.0	8.0	0.0	0.0	0.0	0.0	0.0	0.0	0.0	0.0	0.0	0.0	0.0	0.0	0.0	0.0	0.0	0.0	0.0	0.0	0.0	0.0	0.0	0.0	0.0	0.0	0.0	0.0	0.0	0.0	0.0	0.0	0.0
Bacteria;Firmicutes;Negativicutes;Selenomonadales;Veillonellaceae;Other;Other	0.0	0.0	0.0	0.0	0.0	0.0	0.0	0.0	0.0	0.0	0.0	8.0	0.0	0.0	0.0	0.0	0.0	0.0	0.0	0.0	0.0	0.0	0.0	0.0	0.0	0.0	0.0	0.0	0.0	0.0	0.0	0.0	0.0	0.0	0.0	0.0	0.0	0.0	0.0	0.0	0.0	0.0	0.0	0.0	0.0	0.0	0.0	0.0	0.0	0.0	0.0	0.0	0.0	0.0	0.0	0.0	0.0	0.0	0.0	0.0	0.0	0.0	0.0	0.0	0.0	0.0	0.0	0.0	0.0	0.0	0.0	0.0	0.0	0.0	0.0	0.0	0.0	0.0	0.0	0.0	0.0	0.0	0.0	0.0	0.0	0.0	0.0	0.0
Bacteria;Firmicutes;Negativicutes;Selenomonadales;Veillonellaceae;Pelosinus;Other	0.0	0.0	0.0	0.0	0.0	0.0	0.0	0.0	0.0	0.0	0.0	0.0	0.0	0.0	0.0	0.0	0.0	0.0	0.0	0.0	0.0	0.0	0.0	0.0	0.0	0.0	0.0	0.0	0.0	0.0	0.0	0.0	0.0	0.0	0.0	0.0	0.0	0.0	0.0	0.0	0.0	0.0	0.0	0.0	0.0	0.0	0.0	0.0	0.0	0.0	0.0	0.0	0.0	0.0	0.0	0.0	0.0	0.0	0.0	0.0	31.0	0.0	0.0	0.0	0.0	1.0	0.0	0.0	0.0	1.0	0.0	0.0	0.0	0.0	0.0	0.0	0.0	1.0	0.0	0.0	0.0	0.0	0.0	0.0	0.0	0.0	0.0	0.0
Bacteria;Firmicutes;Negativicutes;Selenomonadales;Veillonellaceae;Selenomonas;Other	0.0	0.0	0.0	0.0	0.0	0.0	0.0	0.0	0.0	0.0	0.0	3.0	0.0	0.0	0.0	0.0	0.0	0.0	0.0	0.0	0.0	0.0	0.0	0.0	0.0	0.0	0.0	0.0	0.0	0.0	0.0	0.0	0.0	0.0	0.0	0.0	0.0	0.0	0.0	0.0	0.0	0.0	0.0	0.0	0.0	0.0	0.0	8.0	0.0	0.0	0.0	0.0	0.0	0.0	0.0	0.0	0.0	0.0	0.0	0.0	0.0	0.0	0.0	0.0	0.0	0.0	0.0	0.0	0.0	0.0	0.0	0.0	0.0	0.0	0.0	0.0	0.0	0.0	0.0	0.0	0.0	0.0	0.0	0.0	0.0	0.0	0.0	0.0
Bacteria;Firmicutes;Negativicutes;Selenomonadales;Veillonellaceae;Veillonella;Other	0.0	310.0	0.0	89.0	287.0	0.0	0.0	917.0	0.0	0.0	36.0	339.0	26.0	108.0	0.0	357.0	21.0	47.0	233.0	1.0	0.0	0.0	480.0	161.0	10.0	31.0	0.0	0.0	131.0	194.0	0.0	0.0	144.0	43.0	507.0	0.0	70.0	498.0	9.0	354.0	49.0	1.0	98.0	117.0	1.0	0.0	131.0	113.0	135.0	0.0	105.0	1.0	0.0	0.0	0.0	0.0	544.0	276.0	84.0	346.0	494.0	25.0	202.0	750.0	0.0	3.0	68.0	1.0	638.0	383.0	146.0	0.0	113.0	27.0	65.0	1.0	720.0	6.0	0.0	34.0	4.0	0.0	164.0	897.0	0.0	173.0	0.0	120.0
Bacteria;Firmicutes;Other;Other;Other;Other;Other	0.0	0.0	0.0	0.0	0.0	0.0	0.0	116.0	0.0	146.0	0.0	2.0	140.0	3.0	432.0	0.0	0.0	3.0	3.0	151.0	0.0	40.0	0.0	143.0	0.0	1.0	0.0	0.0	0.0	0.0	0.0	0.0	0.0	277.0	80.0	0.0	0.0	696.0	453.0	0.0	194.0	0.0	0.0	242.0	2.0	0.0	83.0	126.0	1.0	0.0	0.0	0.0	0.0	0.0	291.0	0.0	12.0	356.0	0.0	97.0	0.0	2.0	1.0	2.0	0.0	2.0	0.0	1.0	98.0	167.0	186.0	0.0	209.0	298.0	61.0	0.0	71.0	14.0	0.0	0.0	1.0	64.0	0.0	88.0	0.0	0.0	55.0	0.0
Bacteria;Fusobacteria;Fusobacteriia;Fusobacteriales;Fusobacteriaceae;Fusobacterium;Fusobacterium_nucleatum	0.0	0.0	0.0	0.0	0.0	0.0	0.0	0.0	0.0	0.0	0.0	35.0	0.0	0.0	24.0	0.0	0.0	0.0	0.0	0.0	0.0	0.0	0.0	0.0	0.0	0.0	0.0	0.0	1.0	20.0	0.0	0.0	0.0	0.0	0.0	0.0	0.0	0.0	0.0	0.0	0.0	0.0	0.0	0.0	0.0	0.0	0.0	0.0	0.0	0.0	0.0	5.0	0.0	0.0	12.0	0.0	0.0	0.0	0.0	0.0	0.0	0.0	1.0	0.0	0.0	0.0	0.0	0.0	0.0	5.0	0.0	0.0	0.0	0.0	0.0	0.0	0.0	0.0	0.0	0.0	0.0	0.0	0.0	0.0	0.0	0.0	0.0	0.0
Bacteria;Fusobacteria;Fusobacteriia;Fusobacteriales;Fusobacteriaceae;Fusobacterium;Fusobacterium_varium	0.0	0.0	0.0	0.0	0.0	0.0	0.0	0.0	0.0	0.0	197.0	7.0	19.0	2.0	0.0	0.0	19.0	0.0	12.0	0.0	0.0	0.0	0.0	0.0	0.0	0.0	0.0	0.0	1.0	0.0	0.0	0.0	36.0	0.0	0.0	0.0	0.0	0.0	0.0	0.0	2.0	0.0	32.0	0.0	2.0	0.0	0.0	317.0	1.0	0.0	6.0	0.0	0.0	0.0	0.0	0.0	12.0	3.0	3.0	0.0	0.0	0.0	93.0	0.0	0.0	0.0	33.0	0.0	0.0	0.0	0.0	0.0	3.0	0.0	0.0	0.0	0.0	0.0	0.0	0.0	0.0	44.0	14.0	0.0	0.0	0.0	0.0	0.0
Bacteria;Fusobacteria;Fusobacteriia;Fusobacteriales;Fusobacteriaceae;Fusobacterium;Other	0.0	0.0	0.0	0.0	0.0	0.0	0.0	0.0	0.0	0.0	0.0	0.0	0.0	0.0	0.0	0.0	0.0	0.0	0.0	0.0	0.0	0.0	0.0	0.0	0.0	0.0	0.0	0.0	0.0	0.0	0.0	0.0	0.0	0.0	0.0	0.0	0.0	0.0	0.0	0.0	0.0	0.0	0.0	0.0	0.0	0.0	0.0	0.0	0.0	0.0	0.0	2.0	0.0	17.0	0.0	0.0	0.0	0.0	0.0	0.0	0.0	0.0	0.0	0.0	0.0	0.0	0.0	0.0	0.0	0.0	0.0	0.0	0.0	0.0	0.0	0.0	0.0	0.0	0.0	0.0	0.0	0.0	0.0	0.0	0.0	0.0	0.0	0.0
Bacteria;Fusobacteria;Fusobacteriia;Fusobacteriales;Leptotrichiaceae;Leptotrichia;Leptotrichia_hofstadii	0.0	0.0	0.0	0.0	0.0	0.0	0.0	0.0	0.0	0.0	0.0	0.0	0.0	4.0	0.0	0.0	0.0	0.0	0.0	0.0	0.0	0.0	0.0	0.0	0.0	0.0	0.0	0.0	0.0	0.0	0.0	0.0	0.0	0.0	0.0	0.0	0.0	593.0	0.0	0.0	0.0	0.0	0.0	0.0	0.0	0.0	0.0	213.0	0.0	0.0	0.0	5.0	0.0	0.0	2.0	0.0	0.0	1.0	0.0	0.0	0.0	0.0	0.0	0.0	0.0	0.0	0.0	0.0	0.0	0.0	0.0	0.0	0.0	0.0	0.0	0.0	0.0	0.0	0.0	0.0	0.0	0.0	0.0	0.0	0.0	0.0	0.0	0.0
Bacteria;Fusobacteria;Fusobacteriia;Fusobacteriales;Leptotrichiaceae;Leptotrichia;Leptotrichia_sp._oral_clone_IK040	0.0	0.0	0.0	0.0	0.0	0.0	0.0	0.0	0.0	0.0	0.0	0.0	0.0	0.0	0.0	0.0	0.0	0.0	0.0	0.0	0.0	0.0	0.0	0.0	0.0	0.0	0.0	0.0	0.0	0.0	0.0	0.0	0.0	0.0	0.0	0.0	0.0	0.0	0.0	0.0	0.0	0.0	0.0	0.0	0.0	0.0	0.0	0.0	0.0	0.0	0.0	8.0	0.0	0.0	0.0	0.0	0.0	0.0	0.0	0.0	1.0	0.0	0.0	0.0	0.0	0.0	0.0	0.0	0.0	0.0	0.0	0.0	0.0	0.0	0.0	0.0	0.0	0.0	0.0	0.0	0.0	0.0	0.0	0.0	0.0	0.0	0.0	0.0
Bacteria;Fusobacteria;Fusobacteriia;Fusobacteriales;Leptotrichiaceae;Leptotrichia;Other	0.0	0.0	0.0	0.0	0.0	0.0	0.0	0.0	0.0	0.0	0.0	0.0	0.0	0.0	0.0	0.0	0.0	0.0	0.0	0.0	0.0	0.0	0.0	0.0	0.0	0.0	0.0	0.0	0.0	0.0	0.0	0.0	0.0	0.0	0.0	0.0	0.0	0.0	0.0	0.0	0.0	0.0	0.0	0.0	0.0	0.0	0.0	0.0	0.0	0.0	0.0	290.0	0.0	0.0	0.0	0.0	0.0	0.0	0.0	0.0	0.0	0.0	0.0	0.0	0.0	0.0	0.0	0.0	1.0	0.0	0.0	0.0	0.0	0.0	0.0	0.0	0.0	0.0	0.0	0.0	0.0	0.0	0.0	0.0	0.0	0.0	0.0	0.0
Bacteria;Fusobacteria;Fusobacteriia;Fusobacteriales;Leptotrichiaceae;Sneathia;[Leptotrichia]_amnionii	0.0	0.0	0.0	0.0	0.0	0.0	0.0	0.0	0.0	0.0	0.0	0.0	0.0	0.0	0.0	0.0	0.0	0.0	0.0	0.0	0.0	0.0	0.0	0.0	0.0	0.0	0.0	0.0	0.0	0.0	0.0	0.0	0.0	0.0	0.0	0.0	0.0	0.0	0.0	0.0	0.0	0.0	0.0	0.0	0.0	0.0	0.0	0.0	0.0	0.0	0.0	0.0	0.0	0.0	12.0	0.0	0.0	0.0	0.0	0.0	0.0	0.0	0.0	0.0	0.0	0.0	0.0	0.0	0.0	0.0	0.0	0.0	0.0	0.0	0.0	0.0	0.0	0.0	0.0	0.0	0.0	0.0	0.0	0.0	0.0	0.0	0.0	0.0
Bacteria;Gemmatimonadetes;Gemmatimonadetes;Gemmatimonadales;Gemmatimonadaceae;Other;Other	0.0	0.0	0.0	0.0	0.0	0.0	0.0	0.0	0.0	0.0	0.0	0.0	0.0	0.0	0.0	0.0	0.0	0.0	0.0	0.0	0.0	0.0	0.0	0.0	0.0	0.0	0.0	0.0	0.0	0.0	0.0	0.0	0.0	0.0	0.0	0.0	0.0	0.0	0.0	0.0	0.0	0.0	0.0	0.0	0.0	0.0	0.0	0.0	0.0	0.0	0.0	0.0	0.0	0.0	0.0	0.0	0.0	0.0	0.0	0.0	0.0	0.0	0.0	0.0	0.0	0.0	0.0	0.0	0.0	0.0	0.0	0.0	0.0	0.0	0.0	0.0	0.0	0.0	0.0	0.0	0.0	0.0	108.0	0.0	0.0	0.0	0.0	0.0
Bacteria;Gemmatimonadetes;Gemmatimonadetes;Gemmatimonadales;Gemmatimonadaceae;Unclassified;Gemmatimonadetes_bacterium_LX87	0.0	0.0	0.0	0.0	0.0	0.0	0.0	0.0	0.0	0.0	0.0	0.0	0.0	0.0	0.0	0.0	0.0	0.0	0.0	0.0	0.0	0.0	0.0	0.0	0.0	0.0	0.0	0.0	0.0	0.0	0.0	0.0	0.0	0.0	0.0	0.0	0.0	0.0	0.0	0.0	7.0	0.0	0.0	0.0	0.0	0.0	0.0	0.0	0.0	0.0	0.0	0.0	0.0	0.0	0.0	0.0	0.0	0.0	0.0	0.0	0.0	0.0	0.0	0.0	0.0	0.0	0.0	0.0	0.0	0.0	0.0	0.0	0.0	0.0	0.0	0.0	0.0	0.0	0.0	0.0	0.0	0.0	0.0	0.0	0.0	0.0	0.0	0.0
Bacteria;Gemmatimonadetes;Gemmatimonadetes;Other;Other;Other;Other	123.0	0.0	1.0	0.0	0.0	0.0	226.0	158.0	490.0	50.0	0.0	4.0	643.0	0.0	0.0	0.0	22.0	0.0	0.0	0.0	0.0	0.0	17.0	181.0	0.0	6.0	0.0	0.0	96.0	0.0	0.0	0.0	0.0	11.0	0.0	0.0	0.0	0.0	117.0	0.0	704.0	0.0	2.0	0.0	0.0	0.0	0.0	0.0	5.0	0.0	47.0	94.0	0.0	60.0	109.0	0.0	9.0	0.0	0.0	0.0	0.0	4.0	326.0	0.0	0.0	1.0	0.0	16.0	0.0	19.0	0.0	0.0	7.0	19.0	78.0	0.0	2.0	0.0	0.0	0.0	0.0	0.0	0.0	178.0	0.0	0.0	211.0	0.0
Bacteria;Nitrospirae;Nitrospira;Nitrospirales;Nitrospiraceae;Nitrospira;Nitrospira_sp.	0.0	0.0	0.0	0.0	0.0	0.0	0.0	0.0	2.0	0.0	0.0	0.0	0.0	0.0	0.0	0.0	0.0	0.0	0.0	0.0	0.0	0.0	0.0	0.0	0.0	0.0	186.0	0.0	0.0	0.0	0.0	0.0	0.0	0.0	0.0	0.0	0.0	0.0	0.0	0.0	0.0	0.0	0.0	0.0	0.0	0.0	0.0	0.0	0.0	0.0	0.0	0.0	0.0	0.0	0.0	0.0	0.0	0.0	0.0	0.0	0.0	0.0	0.0	0.0	0.0	0.0	0.0	0.0	0.0	0.0	0.0	0.0	0.0	0.0	0.0	0.0	0.0	0.0	0.0	0.0	0.0	0.0	0.0	0.0	0.0	0.0	0.0	0.0
Bacteria;Nitrospirae;Nitrospira;Nitrospirales;Unclassified;Nitrospira;Other	0.0	0.0	0.0	0.0	0.0	0.0	289.0	0.0	0.0	0.0	0.0	0.0	0.0	60.0	0.0	0.0	0.0	0.0	0.0	0.0	0.0	0.0	0.0	0.0	0.0	0.0	0.0	0.0	0.0	0.0	0.0	0.0	0.0	0.0	0.0	0.0	0.0	0.0	1.0	0.0	0.0	0.0	0.0	0.0	0.0	0.0	0.0	0.0	0.0	0.0	0.0	0.0	0.0	0.0	0.0	0.0	0.0	0.0	0.0	0.0	0.0	0.0	0.0	0.0	0.0	0.0	0.0	0.0	0.0	0.0	0.0	0.0	0.0	0.0	0.0	0.0	0.0	0.0	0.0	0.0	0.0	0.0	0.0	0.0	0.0	0.0	0.0	0.0
Bacteria;Other;Other;Other;Other;Other;Other	0.0	173.0	1.0	351.0	548.0	0.0	410.0	428.0	133.0	268.0	24.0	5.0	13.0	5.0	613.0	395.0	59.0	47.0	308.0	24.0	40.0	75.0	305.0	444.0	493.0	0.0	411.0	70.0	0.0	103.0	309.0	0.0	0.0	359.0	5.0	0.0	0.0	1.0	47.0	357.0	9.0	452.0	4.0	100.0	3.0	0.0	775.0	504.0	18.0	82.0	0.0	43.0	303.0	177.0	9.0	103.0	13.0	250.0	134.0	90.0	0.0	4.0	141.0	0.0	7.0	313.0	0.0	127.0	4.0	9.0	111.0	47.0	247.0	0.0	37.0	213.0	1.0	791.0	220.0	0.0	938.0	0.0	197.0	9.0	0.0	0.0	195.0	821.0
Bacteria;Planctomycetes;Other;Other;Other;Other;Other	0.0	0.0	0.0	0.0	0.0	0.0	0.0	0.0	0.0	0.0	0.0	0.0	6.0	0.0	0.0	0.0	0.0	0.0	0.0	0.0	0.0	0.0	0.0	0.0	0.0	0.0	0.0	0.0	0.0	0.0	0.0	0.0	0.0	0.0	0.0	0.0	0.0	0.0	0.0	0.0	0.0	0.0	0.0	0.0	0.0	0.0	0.0	0.0	0.0	0.0	0.0	0.0	0.0	0.0	0.0	0.0	0.0	0.0	0.0	0.0	0.0	0.0	0.0	0.0	0.0	0.0	0.0	0.0	0.0	0.0	0.0	0.0	0.0	0.0	0.0	0.0	0.0	0.0	0.0	0.0	0.0	0.0	0.0	0.0	0.0	0.0	0.0	0.0
Bacteria;Planctomycetes;Phycisphaerae;Phycisphaerales;Phycisphaeraceae;Other;Other	0.0	0.0	0.0	0.0	0.0	0.0	0.0	0.0	0.0	0.0	0.0	0.0	0.0	0.0	0.0	0.0	0.0	173.0	0.0	0.0	0.0	0.0	0.0	0.0	0.0	0.0	0.0	0.0	0.0	0.0	0.0	0.0	0.0	0.0	0.0	0.0	0.0	0.0	0.0	0.0	0.0	0.0	2.0	0.0	0.0	0.0	0.0	0.0	0.0	0.0	0.0	0.0	0.0	0.0	0.0	0.0	0.0	0.0	0.0	0.0	0.0	0.0	0.0	0.0	0.0	0.0	1.0	0.0	0.0	0.0	0.0	0.0	0.0	0.0	0.0	0.0	0.0	0.0	0.0	0.0	0.0	0.0	0.0	0.0	0.0	0.0	0.0	0.0
Bacteria;Planctomycetes;Phycisphaerae;Phycisphaerales;Phycisphaeraceae;Unclassified;iron-reducing_bacterium_enrichment_culture_clone_HN122	0.0	0.0	0.0	0.0	0.0	0.0	0.0	0.0	0.0	0.0	0.0	0.0	0.0	0.0	113.0	0.0	0.0	0.0	0.0	0.0	0.0	0.0	0.0	0.0	0.0	0.0	0.0	0.0	0.0	0.0	0.0	0.0	0.0	0.0	0.0	0.0	0.0	0.0	0.0	0.0	0.0	0.0	0.0	0.0	0.0	0.0	0.0	0.0	0.0	0.0	0.0	0.0	0.0	0.0	0.0	0.0	0.0	0.0	0.0	0.0	0.0	0.0	0.0	0.0	0.0	0.0	21.0	0.0	0.0	0.0	0.0	0.0	0.0	0.0	0.0	0.0	0.0	0.0	0.0	0.0	0.0	0.0	0.0	0.0	0.0	0.0	0.0	0.0
Bacteria;Planctomycetes;Unclassified;Planctomycetales;Planctomycetaceae;Isosphaera;Other	0.0	0.0	0.0	0.0	0.0	0.0	0.0	0.0	0.0	0.0	0.0	0.0	0.0	0.0	0.0	0.0	0.0	0.0	0.0	0.0	0.0	0.0	0.0	0.0	0.0	0.0	0.0	0.0	0.0	0.0	0.0	0.0	0.0	0.0	0.0	0.0	0.0	0.0	0.0	0.0	2.0	0.0	0.0	0.0	0.0	0.0	0.0	0.0	0.0	0.0	0.0	0.0	0.0	0.0	0.0	0.0	0.0	0.0	0.0	0.0	0.0	0.0	0.0	0.0	0.0	0.0	0.0	0.0	0.0	0.0	0.0	0.0	0.0	0.0	0.0	0.0	0.0	0.0	0.0	0.0	0.0	0.0	0.0	0.0	0.0	0.0	0.0	0.0
Bacteria;Planctomycetes;Unclassified;Planctomycetales;Planctomycetaceae;Other;Other	0.0	0.0	0.0	0.0	0.0	0.0	0.0	0.0	0.0	0.0	0.0	0.0	0.0	258.0	0.0	0.0	0.0	0.0	0.0	0.0	0.0	0.0	0.0	0.0	0.0	0.0	0.0	0.0	0.0	0.0	0.0	0.0	0.0	0.0	0.0	0.0	0.0	0.0	1.0	0.0	0.0	0.0	0.0	0.0	0.0	0.0	0.0	0.0	0.0	0.0	0.0	0.0	0.0	0.0	0.0	0.0	0.0	0.0	0.0	0.0	0.0	0.0	0.0	0.0	0.0	0.0	0.0	0.0	0.0	0.0	0.0	0.0	0.0	0.0	0.0	0.0	0.0	0.0	0.0	0.0	0.0	0.0	0.0	0.0	0.0	0.0	0.0	0.0
Bacteria;Proteobacteria;Alphaproteobacteria;Caulobacterales;Caulobacteraceae;Asticcacaulis;Asticcacaulis_excentricus_CB_48	0.0	0.0	0.0	1.0	160.0	0.0	0.0	0.0	0.0	230.0	0.0	0.0	4.0	16.0	0.0	0.0	7.0	0.0	99.0	0.0	0.0	0.0	0.0	0.0	1.0	0.0	0.0	0.0	2.0	0.0	0.0	0.0	0.0	0.0	0.0	0.0	0.0	0.0	5.0	17.0	0.0	0.0	15.0	8.0	0.0	0.0	17.0	0.0	0.0	0.0	0.0	0.0	0.0	125.0	0.0	6.0	4.0	84.0	0.0	0.0	112.0	0.0	17.0	0.0	0.0	174.0	0.0	0.0	0.0	0.0	0.0	29.0	0.0	400.0	0.0	0.0	0.0	0.0	0.0	0.0	0.0	245.0	190.0	3.0	79.0	0.0	1.0	0.0
Bacteria;Proteobacteria;Alphaproteobacteria;Caulobacterales;Caulobacteraceae;Brevundimonas;Brevundimonas_alba	0.0	237.0	22.0	0.0	0.0	0.0	0.0	0.0	54.0	0.0	0.0	0.0	0.0	0.0	0.0	0.0	0.0	0.0	0.0	0.0	0.0	200.0	0.0	2.0	3.0	106.0	0.0	0.0	0.0	0.0	0.0	0.0	0.0	0.0	0.0	0.0	0.0	17.0	0.0	0.0	0.0	0.0	0.0	0.0	0.0	0.0	0.0	0.0	0.0	0.0	0.0	0.0	0.0	0.0	0.0	9.0	2.0	0.0	0.0	0.0	2.0	0.0	0.0	0.0	0.0	0.0	0.0	0.0	0.0	0.0	0.0	0.0	0.0	0.0	0.0	0.0	1.0	0.0	0.0	0.0	0.0	0.0	0.0	0.0	282.0	9.0	0.0	0.0
Bacteria;Proteobacteria;Alphaproteobacteria;Caulobacterales;Caulobacteraceae;Brevundimonas;Brevundimonas_diminuta	0.0	93.0	0.0	10.0	0.0	0.0	246.0	0.0	0.0	0.0	0.0	0.0	0.0	0.0	0.0	0.0	3.0	0.0	0.0	0.0	0.0	0.0	0.0	19.0	0.0	0.0	0.0	0.0	0.0	0.0	0.0	0.0	0.0	0.0	0.0	0.0	54.0	237.0	0.0	0.0	2.0	0.0	0.0	62.0	0.0	0.0	0.0	0.0	0.0	0.0	0.0	0.0	0.0	0.0	114.0	0.0	0.0	0.0	3.0	0.0	0.0	0.0	0.0	0.0	0.0	0.0	0.0	818.0	0.0	0.0	0.0	15.0	0.0	0.0	0.0	0.0	0.0	0.0	0.0	0.0	0.0	0.0	0.0	0.0	0.0	0.0	0.0	0.0
Bacteria;Proteobacteria;Alphaproteobacteria;Caulobacterales;Caulobacteraceae;Brevundimonas;Brevundimonas_vesicularis	557.0	175.0	0.0	203.0	644.0	0.0	9.0	0.0	0.0	37.0	0.0	0.0	1.0	205.0	234.0	0.0	38.0	618.0	1.0	191.0	0.0	126.0	22.0	1.0	569.0	2.0	261.0	1.0	1.0	4.0	33.0	0.0	0.0	26.0	5.0	0.0	207.0	0.0	129.0	0.0	7.0	367.0	41.0	79.0	0.0	208.0	0.0	43.0	37.0	284.0	0.0	247.0	2.0	0.0	181.0	3.0	1.0	0.0	0.0	19.0	0.0	3.0	122.0	0.0	0.0	1.0	72.0	2121.0	18.0	0.0	0.0	158.0	241.0	256.0	25.0	0.0	0.0	811.0	1.0	0.0	3324.0	0.0	42.0	17.0	150.0	0.0	338.0	131.0
Bacteria;Proteobacteria;Alphaproteobacteria;Caulobacterales;Caulobacteraceae;Caulobacter;Caulobacter_sp.	1360.0	3673.0	1054.0	557.0	3150.0	1498.0	4173.0	1319.0	2320.0	1596.0	231.0	10.0	119.0	1567.0	4181.0	3510.0	288.0	3438.0	2015.0	2868.0	1952.0	1002.0	1119.0	1881.0	726.0	570.0	1483.0	777.0	1139.0	567.0	2710.0	1271.0	1298.0	2059.0	812.0	825.0	713.0	929.0	2065.0	1720.0	134.0	1587.0	125.0	1782.0	679.0	3306.0	2825.0	2282.0	514.0	1753.0	803.0	2666.0	2275.0	1942.0	1119.0	412.0	48.0	838.0	443.0	1333.0	3860.0	149.0	4942.0	1357.0	5027.0	3920.0	332.0	822.0	92.0	1637.0	1323.0	1152.0	1527.0	747.0	481.0	3947.0	904.0	1831.0	2971.0	201.0	1956.0	1930.0	3015.0	1085.0	2640.0	1838.0	1112.0	3645.0
Bacteria;Proteobacteria;Alphaproteobacteria;Caulobacterales;Caulobacteraceae;Other;Other	0.0	423.0	0.0	1.0	55.0	0.0	103.0	0.0	0.0	0.0	0.0	0.0	4.0	6.0	16.0	0.0	14.0	1.0	1.0	2.0	0.0	315.0	0.0	1.0	439.0	127.0	1.0	0.0	4.0	61.0	1.0	0.0	0.0	85.0	65.0	0.0	3.0	1.0	3.0	230.0	6.0	142.0	2.0	76.0	0.0	80.0	0.0	783.0	75.0	0.0	2.0	116.0	0.0	149.0	4.0	0.0	8.0	86.0	0.0	1.0	3.0	0.0	0.0	73.0	394.0	134.0	0.0	0.0	0.0	46.0	76.0	390.0	107.0	0.0	9.0	214.0	0.0	1.0	231.0	0.0	270.0	0.0	218.0	0.0	0.0	494.0	0.0	0.0
Bacteria;Proteobacteria;Alphaproteobacteria;Caulobacterales;Hyphomonadaceae;Hirschia;Other	0.0	0.0	0.0	0.0	14.0	0.0	0.0	0.0	0.0	0.0	0.0	0.0	0.0	0.0	0.0	0.0	0.0	0.0	0.0	0.0	0.0	0.0	0.0	0.0	0.0	0.0	0.0	0.0	0.0	0.0	0.0	0.0	0.0	0.0	0.0	0.0	0.0	0.0	0.0	0.0	0.0	0.0	0.0	0.0	0.0	0.0	0.0	0.0	0.0	0.0	0.0	0.0	0.0	0.0	0.0	0.0	0.0	0.0	0.0	0.0	0.0	0.0	0.0	0.0	0.0	0.0	0.0	0.0	0.0	0.0	0.0	0.0	0.0	0.0	0.0	0.0	0.0	1.0	0.0	0.0	0.0	0.0	0.0	0.0	0.0	0.0	0.0	0.0
Bacteria;Proteobacteria;Alphaproteobacteria;Caulobacterales;Hyphomonadaceae;Other;Other	0.0	0.0	0.0	0.0	0.0	0.0	0.0	0.0	0.0	0.0	0.0	0.0	0.0	0.0	0.0	0.0	0.0	0.0	0.0	0.0	0.0	0.0	0.0	128.0	0.0	0.0	0.0	0.0	0.0	0.0	0.0	0.0	0.0	0.0	0.0	0.0	0.0	0.0	0.0	0.0	0.0	0.0	0.0	0.0	0.0	0.0	73.0	0.0	0.0	0.0	0.0	0.0	0.0	0.0	0.0	0.0	0.0	12.0	0.0	0.0	0.0	0.0	0.0	0.0	0.0	0.0	0.0	0.0	0.0	0.0	0.0	0.0	0.0	0.0	0.0	0.0	0.0	0.0	0.0	0.0	0.0	0.0	40.0	0.0	0.0	0.0	0.0	0.0
Bacteria;Proteobacteria;Alphaproteobacteria;Other;Other;Other;Other	0.0	0.0	0.0	12.0	0.0	0.0	0.0	0.0	0.0	0.0	0.0	0.0	0.0	0.0	228.0	0.0	0.0	0.0	104.0	0.0	0.0	11.0	0.0	13.0	0.0	0.0	0.0	0.0	0.0	0.0	0.0	207.0	0.0	14.0	0.0	21.0	0.0	18.0	0.0	0.0	0.0	0.0	1.0	0.0	0.0	0.0	0.0	0.0	0.0	0.0	23.0	0.0	0.0	0.0	0.0	0.0	1.0	93.0	0.0	0.0	0.0	1.0	78.0	0.0	0.0	1.0	0.0	80.0	1.0	0.0	8.0	69.0	0.0	0.0	0.0	0.0	0.0	0.0	0.0	0.0	0.0	0.0	0.0	0.0	0.0	0.0	9.0	0.0
Bacteria;Proteobacteria;Alphaproteobacteria;Parvularculales;Parvularculaceae;Parvularcula;Other	0.0	0.0	0.0	0.0	0.0	0.0	0.0	0.0	0.0	0.0	0.0	0.0	0.0	0.0	0.0	0.0	0.0	0.0	0.0	0.0	0.0	0.0	0.0	0.0	0.0	0.0	0.0	0.0	0.0	0.0	0.0	0.0	0.0	0.0	0.0	0.0	0.0	0.0	0.0	24.0	0.0	0.0	0.0	0.0	0.0	0.0	51.0	0.0	0.0	0.0	0.0	0.0	0.0	0.0	0.0	0.0	0.0	0.0	0.0	0.0	0.0	0.0	0.0	0.0	0.0	0.0	0.0	0.0	0.0	0.0	0.0	0.0	0.0	0.0	0.0	0.0	0.0	0.0	0.0	0.0	0.0	0.0	0.0	0.0	0.0	0.0	0.0	0.0
Bacteria;Proteobacteria;Alphaproteobacteria;Rhizobiales;Aurantimonadaceae;Aureimonas;Aureimonas_altamirensis	0.0	0.0	0.0	0.0	0.0	0.0	0.0	0.0	0.0	0.0	0.0	0.0	0.0	0.0	0.0	0.0	0.0	0.0	0.0	0.0	0.0	0.0	0.0	0.0	0.0	0.0	0.0	0.0	0.0	0.0	0.0	0.0	0.0	0.0	0.0	0.0	0.0	0.0	0.0	0.0	1.0	0.0	0.0	0.0	0.0	0.0	0.0	0.0	0.0	0.0	0.0	0.0	0.0	0.0	0.0	0.0	0.0	0.0	0.0	0.0	0.0	0.0	0.0	0.0	0.0	0.0	0.0	75.0	0.0	0.0	0.0	0.0	0.0	0.0	0.0	0.0	0.0	0.0	0.0	0.0	0.0	0.0	0.0	0.0	0.0	0.0	0.0	0.0
Bacteria;Proteobacteria;Alphaproteobacteria;Rhizobiales;Beijerinckiaceae;Chelatococcus;Chelatococcus_daeguensis	0.0	0.0	0.0	0.0	0.0	0.0	0.0	0.0	0.0	0.0	0.0	0.0	30.0	0.0	0.0	0.0	0.0	0.0	0.0	0.0	0.0	0.0	0.0	0.0	1.0	0.0	0.0	0.0	0.0	0.0	0.0	0.0	0.0	0.0	0.0	0.0	0.0	0.0	0.0	0.0	0.0	0.0	0.0	0.0	0.0	0.0	0.0	0.0	0.0	0.0	0.0	0.0	0.0	0.0	0.0	0.0	0.0	0.0	0.0	0.0	0.0	0.0	0.0	0.0	0.0	0.0	0.0	0.0	0.0	0.0	0.0	0.0	0.0	0.0	0.0	0.0	0.0	0.0	0.0	0.0	0.0	0.0	0.0	0.0	129.0	0.0	0.0	0.0
Bacteria;Proteobacteria;Alphaproteobacteria;Rhizobiales;Beijerinckiaceae;Other;Other	0.0	0.0	0.0	0.0	0.0	0.0	0.0	0.0	0.0	0.0	0.0	0.0	0.0	0.0	0.0	0.0	0.0	0.0	0.0	0.0	0.0	0.0	0.0	0.0	0.0	0.0	0.0	0.0	0.0	0.0	0.0	0.0	0.0	0.0	47.0	0.0	0.0	0.0	0.0	0.0	0.0	0.0	0.0	0.0	0.0	0.0	0.0	0.0	0.0	0.0	0.0	0.0	0.0	0.0	0.0	0.0	0.0	0.0	0.0	0.0	0.0	0.0	0.0	0.0	0.0	0.0	0.0	0.0	0.0	0.0	0.0	0.0	0.0	0.0	0.0	0.0	0.0	0.0	0.0	0.0	0.0	0.0	0.0	0.0	0.0	0.0	0.0	0.0
Bacteria;Proteobacteria;Alphaproteobacteria;Rhizobiales;Bradyrhizobiaceae;Bosea;Other	121.0	0.0	0.0	0.0	124.0	0.0	0.0	23.0	13.0	0.0	0.0	0.0	3.0	1.0	0.0	1.0	6.0	162.0	0.0	218.0	0.0	0.0	5.0	33.0	0.0	15.0	281.0	1.0	85.0	34.0	0.0	0.0	28.0	74.0	14.0	157.0	0.0	0.0	164.0	0.0	26.0	3.0	0.0	0.0	0.0	287.0	0.0	0.0	46.0	52.0	15.0	0.0	15.0	0.0	23.0	0.0	5.0	74.0	0.0	5.0	98.0	0.0	0.0	0.0	0.0	2.0	0.0	40.0	0.0	321.0	151.0	0.0	91.0	45.0	0.0	814.0	0.0	162.0	0.0	0.0	1.0	101.0	42.0	12.0	203.0	0.0	170.0	498.0
Bacteria;Proteobacteria;Alphaproteobacteria;Rhizobiales;Bradyrhizobiaceae;Bradyrhizobium;Bradyrhizobium_japonicum	913.0	2508.0	704.0	834.0	1881.0	857.0	3491.0	1130.0	958.0	1397.0	131.0	6.0	64.0	1152.0	4392.0	2789.0	317.0	1374.0	1254.0	1384.0	2788.0	1499.0	344.0	1353.0	618.0	351.0	2028.0	1220.0	1234.0	621.0	1163.0	1057.0	424.0	1527.0	499.0	1396.0	1369.0	717.0	1061.0	1288.0	127.0	1521.0	211.0	1591.0	1669.0	2819.0	982.0	1460.0	218.0	1147.0	588.0	1070.0	1184.0	1660.0	1395.0	320.0	33.0	1134.0	245.0	816.0	2646.0	76.0	1905.0	1034.0	2244.0	4457.0	209.0	567.0	43.0	608.0	1652.0	1500.0	1381.0	883.0	287.0	1814.0	554.0	2491.0	1744.0	447.0	851.0	730.0	2110.0	518.0	1019.0	665.0	832.0	2692.0
Bacteria;Proteobacteria;Alphaproteobacteria;Rhizobiales;Bradyrhizobiaceae;Other;Other	200.0	7.0	1036.0	260.0	356.0	540.0	705.0	14.0	334.0	53.0	75.0	1.0	6.0	83.0	5.0	165.0	14.0	39.0	222.0	525.0	678.0	179.0	3.0	90.0	874.0	2.0	569.0	156.0	62.0	129.0	70.0	150.0	9.0	193.0	152.0	51.0	81.0	547.0	380.0	1101.0	12.0	161.0	38.0	881.0	651.0	76.0	552.0	178.0	40.0	323.0	115.0	83.0	736.0	152.0	0.0	95.0	21.0	139.0	32.0	244.0	437.0	32.0	666.0	16.0	55.0	412.0	40.0	39.0	10.0	148.0	11.0	295.0	263.0	218.0	24.0	612.0	75.0	994.0	813.0	96.0	67.0	89.0	434.0	381.0	491.0	1212.0	7.0	272.0
Bacteria;Proteobacteria;Alphaproteobacteria;Rhizobiales;Brucellaceae;Ochrobactrum;Ochrobactrum_intermedium	0.0	98.0	0.0	0.0	0.0	0.0	0.0	0.0	0.0	0.0	0.0	0.0	198.0	0.0	0.0	260.0	0.0	0.0	1.0	0.0	0.0	0.0	4.0	0.0	0.0	0.0	0.0	0.0	0.0	0.0	0.0	0.0	0.0	0.0	0.0	0.0	0.0	0.0	0.0	0.0	223.0	104.0	12.0	251.0	0.0	0.0	0.0	0.0	0.0	0.0	0.0	0.0	0.0	0.0	72.0	14.0	0.0	27.0	12.0	0.0	0.0	0.0	0.0	0.0	0.0	0.0	0.0	1.0	1.0	9.0	0.0	0.0	0.0	0.0	0.0	0.0	0.0	0.0	0.0	0.0	0.0	0.0	49.0	29.0	0.0	0.0	0.0	291.0
Bacteria;Proteobacteria;Alphaproteobacteria;Rhizobiales;Hyphomicrobiaceae;Ancalomicrobium;Other	0.0	0.0	0.0	0.0	0.0	0.0	0.0	0.0	0.0	0.0	0.0	0.0	0.0	0.0	0.0	0.0	0.0	0.0	0.0	0.0	0.0	0.0	0.0	0.0	0.0	0.0	0.0	0.0	0.0	0.0	0.0	0.0	0.0	0.0	0.0	0.0	25.0	0.0	0.0	0.0	0.0	0.0	0.0	0.0	0.0	0.0	0.0	0.0	0.0	0.0	0.0	0.0	0.0	0.0	0.0	0.0	0.0	0.0	0.0	0.0	0.0	0.0	0.0	0.0	0.0	0.0	0.0	0.0	0.0	0.0	59.0	0.0	0.0	0.0	0.0	0.0	0.0	0.0	0.0	0.0	0.0	0.0	0.0	0.0	0.0	0.0	0.0	0.0
Bacteria;Proteobacteria;Alphaproteobacteria;Rhizobiales;Hyphomicrobiaceae;Devosia;Other	0.0	0.0	0.0	0.0	0.0	0.0	0.0	0.0	0.0	0.0	0.0	0.0	0.0	0.0	0.0	0.0	0.0	0.0	0.0	0.0	0.0	0.0	0.0	0.0	0.0	0.0	0.0	0.0	0.0	0.0	0.0	0.0	0.0	0.0	0.0	0.0	0.0	1.0	0.0	400.0	0.0	0.0	0.0	0.0	0.0	0.0	0.0	0.0	0.0	0.0	0.0	0.0	0.0	0.0	0.0	55.0	0.0	0.0	16.0	0.0	0.0	0.0	0.0	1.0	0.0	0.0	0.0	0.0	0.0	0.0	0.0	0.0	0.0	0.0	0.0	0.0	0.0	0.0	0.0	0.0	0.0	0.0	0.0	0.0	0.0	0.0	0.0	0.0
Bacteria;Proteobacteria;Alphaproteobacteria;Rhizobiales;Hyphomicrobiaceae;Hyphomicrobium;Other	0.0	0.0	234.0	0.0	0.0	0.0	0.0	0.0	0.0	7.0	0.0	0.0	0.0	0.0	0.0	0.0	0.0	0.0	0.0	0.0	0.0	0.0	0.0	0.0	0.0	0.0	0.0	0.0	0.0	0.0	0.0	0.0	0.0	0.0	0.0	0.0	0.0	0.0	157.0	120.0	0.0	0.0	0.0	0.0	0.0	0.0	0.0	0.0	0.0	0.0	0.0	0.0	0.0	0.0	0.0	0.0	0.0	0.0	0.0	0.0	0.0	0.0	0.0	0.0	0.0	0.0	0.0	0.0	9.0	0.0	1.0	0.0	0.0	0.0	0.0	0.0	0.0	0.0	0.0	0.0	0.0	0.0	0.0	0.0	0.0	0.0	0.0	0.0
Bacteria;Proteobacteria;Alphaproteobacteria;Rhizobiales;Hyphomicrobiaceae;Other;Other	0.0	0.0	0.0	0.0	0.0	0.0	0.0	0.0	0.0	49.0	0.0	0.0	6.0	0.0	0.0	0.0	0.0	0.0	0.0	0.0	0.0	0.0	3.0	0.0	0.0	0.0	0.0	0.0	0.0	0.0	0.0	0.0	0.0	0.0	0.0	0.0	0.0	0.0	0.0	0.0	553.0	0.0	0.0	0.0	0.0	0.0	0.0	0.0	0.0	0.0	0.0	160.0	0.0	0.0	96.0	0.0	0.0	0.0	0.0	0.0	0.0	0.0	0.0	0.0	0.0	0.0	0.0	0.0	0.0	0.0	0.0	0.0	0.0	0.0	0.0	0.0	0.0	0.0	0.0	0.0	0.0	0.0	1.0	0.0	0.0	0.0	29.0	221.0
Bacteria;Proteobacteria;Alphaproteobacteria;Rhizobiales;Hyphomicrobiaceae;Pedomicrobium;Other	0.0	0.0	0.0	0.0	0.0	0.0	0.0	0.0	0.0	0.0	0.0	0.0	0.0	0.0	0.0	0.0	0.0	0.0	0.0	0.0	0.0	0.0	0.0	0.0	0.0	0.0	0.0	0.0	0.0	0.0	0.0	0.0	0.0	0.0	0.0	0.0	0.0	0.0	0.0	0.0	0.0	0.0	8.0	0.0	0.0	0.0	0.0	0.0	0.0	0.0	0.0	0.0	0.0	0.0	0.0	0.0	0.0	0.0	0.0	0.0	0.0	0.0	0.0	0.0	0.0	0.0	0.0	0.0	0.0	41.0	0.0	0.0	0.0	0.0	0.0	0.0	0.0	0.0	0.0	0.0	0.0	0.0	0.0	0.0	0.0	0.0	0.0	0.0
Bacteria;Proteobacteria;Alphaproteobacteria;Rhizobiales;Hyphomicrobiaceae;Pelagibacterium;Other	0.0	0.0	0.0	0.0	0.0	0.0	0.0	0.0	0.0	119.0	0.0	0.0	314.0	0.0	0.0	0.0	1.0	0.0	0.0	0.0	0.0	0.0	0.0	0.0	0.0	0.0	178.0	0.0	0.0	0.0	0.0	0.0	0.0	0.0	0.0	0.0	0.0	0.0	0.0	0.0	258.0	0.0	0.0	10.0	0.0	0.0	0.0	0.0	0.0	0.0	0.0	0.0	0.0	0.0	130.0	0.0	8.0	0.0	0.0	0.0	0.0	0.0	0.0	0.0	0.0	0.0	0.0	2.0	3.0	0.0	0.0	0.0	13.0	0.0	0.0	0.0	0.0	0.0	0.0	0.0	0.0	0.0	0.0	0.0	0.0	0.0	0.0	0.0
Bacteria;Proteobacteria;Alphaproteobacteria;Rhizobiales;Hyphomicrobiaceae;Rhodomicrobium;Other	0.0	0.0	0.0	0.0	0.0	0.0	0.0	0.0	0.0	0.0	0.0	0.0	0.0	0.0	0.0	0.0	0.0	0.0	0.0	0.0	0.0	0.0	0.0	0.0	0.0	0.0	0.0	0.0	0.0	0.0	0.0	0.0	0.0	0.0	0.0	0.0	0.0	0.0	0.0	0.0	0.0	0.0	0.0	0.0	0.0	0.0	0.0	0.0	0.0	0.0	0.0	0.0	0.0	0.0	0.0	0.0	0.0	0.0	0.0	0.0	0.0	0.0	0.0	0.0	0.0	0.0	0.0	0.0	11.0	0.0	0.0	0.0	0.0	0.0	0.0	0.0	0.0	0.0	0.0	0.0	0.0	0.0	0.0	0.0	0.0	0.0	0.0	0.0
Bacteria;Proteobacteria;Alphaproteobacteria;Rhizobiales;Hyphomicrobiaceae;Unclassified;bacterium_Eza8	0.0	0.0	0.0	0.0	0.0	0.0	0.0	0.0	0.0	0.0	0.0	0.0	0.0	0.0	152.0	0.0	42.0	0.0	0.0	0.0	0.0	0.0	0.0	0.0	0.0	0.0	0.0	0.0	0.0	5.0	0.0	0.0	0.0	0.0	0.0	0.0	0.0	0.0	0.0	0.0	0.0	0.0	0.0	0.0	0.0	0.0	0.0	0.0	0.0	0.0	0.0	0.0	219.0	0.0	0.0	28.0	0.0	0.0	0.0	0.0	0.0	0.0	64.0	0.0	0.0	0.0	0.0	0.0	0.0	0.0	27.0	0.0	0.0	0.0	0.0	0.0	0.0	0.0	0.0	0.0	401.0	0.0	0.0	24.0	0.0	0.0	0.0	0.0
Bacteria;Proteobacteria;Alphaproteobacteria;Rhizobiales;Methylobacteriaceae;Methylobacterium;Methylobacterium_adhaesivum	19.0	164.0	134.0	189.0	108.0	124.0	0.0	0.0	309.0	0.0	0.0	123.0	0.0	148.0	323.0	0.0	0.0	2.0	55.0	73.0	0.0	1.0	0.0	0.0	0.0	0.0	0.0	0.0	0.0	0.0	172.0	7.0	0.0	39.0	73.0	0.0	0.0	0.0	0.0	0.0	4.0	4169.0	53.0	0.0	95.0	775.0	484.0	100.0	1.0	351.0	12.0	208.0	10.0	0.0	0.0	0.0	14.0	124.0	0.0	0.0	0.0	1.0	0.0	0.0	0.0	212.0	1.0	54.0	13.0	0.0	77.0	0.0	0.0	0.0	72.0	0.0	0.0	1361.0	0.0	0.0	964.0	0.0	64.0	33.0	58.0	0.0	185.0	0.0
Bacteria;Proteobacteria;Alphaproteobacteria;Rhizobiales;Methylobacteriaceae;Methylobacterium;Methylobacterium_aquaticum	0.0	217.0	1.0	0.0	54.0	2.0	18.0	0.0	5.0	1.0	2598.0	0.0	2.0	0.0	0.0	1.0	23.0	0.0	0.0	1.0	58.0	1.0	0.0	121.0	0.0	66.0	233.0	0.0	0.0	0.0	0.0	0.0	0.0	0.0	0.0	0.0	0.0	24.0	0.0	0.0	1.0	91.0	4.0	177.0	1.0	35.0	114.0	0.0	13.0	0.0	0.0	42.0	2.0	0.0	0.0	1.0	2.0	7.0	0.0	0.0	0.0	1.0	266.0	0.0	0.0	0.0	0.0	79.0	0.0	172.0	2.0	95.0	0.0	0.0	0.0	0.0	0.0	0.0	0.0	38.0	0.0	0.0	0.0	240.0	0.0	136.0	0.0	0.0
Bacteria;Proteobacteria;Alphaproteobacteria;Rhizobiales;Methylobacteriaceae;Methylobacterium;Methylobacterium_radiotolerans	0.0	164.0	261.0	306.0	240.0	363.0	394.0	0.0	30.0	472.0	43.0	22.0	3.0	254.0	2100.0	0.0	1.0	0.0	29.0	1.0	2.0	51.0	60.0	34.0	76.0	42.0	612.0	1.0	331.0	43.0	23.0	102.0	133.0	228.0	16.0	290.0	25.0	3.0	74.0	79.0	18.0	2200.0	1.0	155.0	353.0	432.0	188.0	1020.0	23.0	111.0	345.0	99.0	1.0	181.0	0.0	39.0	52.0	10.0	58.0	6.0	72.0	15.0	99.0	0.0	62.0	0.0	1.0	334.0	8.0	227.0	284.0	162.0	17.0	33.0	0.0	455.0	108.0	564.0	25.0	0.0	663.0	0.0	725.0	28.0	86.0	68.0	358.0	236.0
Bacteria;Proteobacteria;Alphaproteobacteria;Rhizobiales;Methylobacteriaceae;Methylobacterium;Methylobacterium_sp._4-46	0.0	0.0	0.0	0.0	3.0	0.0	0.0	0.0	0.0	0.0	2.0	0.0	0.0	19.0	639.0	0.0	0.0	1.0	0.0	0.0	0.0	0.0	0.0	0.0	0.0	0.0	0.0	0.0	0.0	0.0	223.0	25.0	18.0	0.0	48.0	0.0	0.0	0.0	0.0	1.0	0.0	0.0	0.0	0.0	251.0	0.0	0.0	0.0	0.0	109.0	112.0	0.0	0.0	0.0	34.0	33.0	0.0	0.0	0.0	0.0	0.0	4.0	0.0	0.0	0.0	390.0	1.0	0.0	0.0	0.0	0.0	0.0	0.0	0.0	0.0	0.0	0.0	352.0	0.0	0.0	0.0	0.0	0.0	0.0	0.0	0.0	0.0	0.0
Bacteria;Proteobacteria;Alphaproteobacteria;Rhizobiales;Methylobacteriaceae;Methylobacterium;Other	51.0	256.0	3.0	29.0	0.0	7116.0	120.0	41.0	220.0	96.0	18471.0	14.0	0.0	40.0	56.0	511.0	38.0	2.0	5.0	146.0	10.0	2.0	141.0	67.0	0.0	105.0	1.0	55.0	0.0	0.0	0.0	1.0	910.0	0.0	3.0	33.0	22.0	124.0	97.0	0.0	47.0	319.0	14.0	0.0	348.0	469.0	0.0	159.0	37.0	40.0	0.0	319.0	190.0	284.0	21.0	169.0	0.0	0.0	16.0	63.0	1.0	17.0	128.0	101.0	0.0	398.0	0.0	251.0	9.0	390.0	198.0	1.0	36.0	0.0	31.0	1204.0	0.0	908.0	185.0	5.0	0.0	0.0	0.0	1.0	0.0	0.0	0.0	0.0
Bacteria;Proteobacteria;Alphaproteobacteria;Rhizobiales;Methylobacteriaceae;Other;Other	0.0	0.0	0.0	0.0	0.0	0.0	0.0	0.0	0.0	0.0	0.0	0.0	0.0	0.0	0.0	0.0	0.0	0.0	0.0	0.0	0.0	0.0	0.0	0.0	0.0	0.0	0.0	0.0	0.0	0.0	0.0	0.0	0.0	0.0	0.0	0.0	0.0	0.0	0.0	0.0	0.0	0.0	0.0	0.0	0.0	0.0	0.0	0.0	0.0	0.0	0.0	0.0	0.0	0.0	0.0	0.0	0.0	0.0	0.0	0.0	0.0	0.0	0.0	0.0	0.0	0.0	0.0	0.0	0.0	0.0	0.0	0.0	7.0	0.0	0.0	0.0	0.0	0.0	0.0	0.0	0.0	0.0	29.0	0.0	0.0	0.0	0.0	0.0
Bacteria;Proteobacteria;Alphaproteobacteria;Rhizobiales;Other;Other;Other	0.0	0.0	452.0	0.0	132.0	0.0	0.0	130.0	0.0	0.0	0.0	0.0	3.0	87.0	78.0	0.0	16.0	255.0	56.0	0.0	94.0	89.0	291.0	19.0	6.0	2.0	0.0	170.0	1.0	0.0	0.0	0.0	0.0	55.0	10.0	289.0	3.0	75.0	1.0	0.0	2.0	17.0	5.0	32.0	18.0	62.0	48.0	0.0	2.0	291.0	0.0	0.0	93.0	62.0	0.0	1.0	0.0	0.0	89.0	208.0	88.0	0.0	0.0	2.0	9.0	2.0	22.0	63.0	1.0	15.0	156.0	0.0	36.0	307.0	60.0	169.0	230.0	100.0	132.0	0.0	0.0	126.0	5.0	17.0	0.0	112.0	0.0	8.0
Bacteria;Proteobacteria;Alphaproteobacteria;Rhizobiales;Phyllobacteriaceae;Mesorhizobium;Mesorhizobium_amorphae	0.0	0.0	0.0	0.0	5.0	0.0	0.0	0.0	0.0	84.0	0.0	0.0	173.0	273.0	0.0	5.0	4.0	6.0	136.0	0.0	0.0	0.0	0.0	97.0	0.0	205.0	0.0	0.0	0.0	0.0	0.0	0.0	0.0	185.0	0.0	0.0	0.0	25.0	147.0	0.0	17.0	0.0	63.0	0.0	0.0	0.0	0.0	67.0	0.0	0.0	0.0	0.0	0.0	0.0	0.0	7.0	23.0	25.0	1.0	0.0	701.0	6.0	0.0	0.0	332.0	3.0	9.0	2.0	7.0	1.0	160.0	8.0	83.0	587.0	9.0	0.0	0.0	455.0	27.0	0.0	0.0	0.0	0.0	59.0	0.0	0.0	0.0	3.0
Bacteria;Proteobacteria;Alphaproteobacteria;Rhizobiales;Phyllobacteriaceae;Other;Other	0.0	0.0	0.0	0.0	0.0	0.0	0.0	0.0	0.0	0.0	0.0	0.0	101.0	1.0	0.0	1.0	1.0	6.0	0.0	0.0	0.0	0.0	0.0	0.0	0.0	0.0	0.0	0.0	113.0	10.0	47.0	0.0	21.0	326.0	0.0	111.0	0.0	0.0	0.0	0.0	81.0	0.0	0.0	0.0	0.0	0.0	0.0	0.0	4.0	0.0	0.0	0.0	0.0	0.0	239.0	0.0	8.0	0.0	0.0	0.0	0.0	0.0	1.0	0.0	0.0	0.0	0.0	2.0	0.0	0.0	32.0	0.0	8.0	0.0	0.0	0.0	0.0	0.0	0.0	0.0	0.0	0.0	0.0	0.0	0.0	0.0	0.0	0.0
Bacteria;Proteobacteria;Alphaproteobacteria;Rhizobiales;Rhizobiaceae;Rhizobium;Other	0.0	0.0	0.0	0.0	0.0	0.0	0.0	0.0	0.0	0.0	0.0	0.0	0.0	19.0	31.0	0.0	0.0	0.0	0.0	0.0	0.0	0.0	0.0	3.0	0.0	0.0	0.0	0.0	0.0	0.0	0.0	0.0	0.0	7.0	0.0	0.0	0.0	0.0	0.0	0.0	0.0	0.0	0.0	0.0	0.0	0.0	0.0	0.0	0.0	18.0	0.0	0.0	0.0	0.0	0.0	0.0	0.0	0.0	0.0	0.0	0.0	0.0	0.0	0.0	0.0	0.0	0.0	0.0	0.0	0.0	0.0	0.0	0.0	0.0	0.0	0.0	0.0	0.0	0.0	0.0	55.0	0.0	0.0	0.0	0.0	0.0	0.0	0.0
Bacteria;Proteobacteria;Alphaproteobacteria;Rhizobiales;Rhizobiaceae;Rhizobium;Rhizobium_sp._CC-LY845	0.0	0.0	0.0	0.0	0.0	0.0	0.0	0.0	0.0	0.0	0.0	0.0	0.0	0.0	0.0	0.0	0.0	0.0	44.0	0.0	0.0	0.0	0.0	0.0	0.0	0.0	0.0	25.0	0.0	0.0	0.0	0.0	0.0	0.0	0.0	0.0	0.0	0.0	0.0	0.0	0.0	0.0	0.0	0.0	0.0	0.0	150.0	0.0	0.0	0.0	0.0	0.0	0.0	0.0	0.0	0.0	0.0	0.0	0.0	0.0	0.0	0.0	0.0	0.0	0.0	0.0	0.0	0.0	0.0	0.0	0.0	0.0	0.0	0.0	0.0	0.0	0.0	0.0	0.0	0.0	0.0	0.0	0.0	0.0	0.0	0.0	0.0	0.0
Bacteria;Proteobacteria;Alphaproteobacteria;Rhizobiales;Rhizobiaceae;Shinella;Other	81.0	0.0	3.0	55.0	0.0	0.0	311.0	0.0	0.0	0.0	0.0	1.0	4.0	0.0	0.0	0.0	0.0	177.0	0.0	0.0	0.0	117.0	7.0	4.0	113.0	52.0	0.0	57.0	3.0	14.0	0.0	0.0	0.0	1.0	0.0	0.0	0.0	0.0	31.0	1.0	7.0	206.0	2.0	0.0	2.0	0.0	197.0	144.0	0.0	0.0	5.0	35.0	0.0	0.0	0.0	0.0	8.0	1.0	0.0	39.0	0.0	3.0	0.0	225.0	0.0	111.0	0.0	225.0	0.0	0.0	199.0	632.0	0.0	0.0	0.0	0.0	0.0	0.0	0.0	0.0	17.0	0.0	0.0	23.0	0.0	0.0	0.0	0.0
Bacteria;Proteobacteria;Alphaproteobacteria;Rhizobiales;Rhodobiaceae;Rhodoligotrophos;alpha_proteobacterium_S22-37	0.0	0.0	0.0	0.0	0.0	0.0	0.0	0.0	0.0	0.0	0.0	0.0	63.0	0.0	0.0	0.0	1.0	0.0	0.0	0.0	0.0	0.0	0.0	0.0	0.0	0.0	0.0	0.0	0.0	0.0	0.0	0.0	0.0	0.0	0.0	0.0	0.0	0.0	0.0	0.0	96.0	0.0	0.0	0.0	0.0	0.0	0.0	0.0	0.0	0.0	0.0	0.0	0.0	0.0	189.0	0.0	0.0	0.0	0.0	0.0	0.0	0.0	0.0	0.0	0.0	0.0	0.0	0.0	0.0	0.0	0.0	0.0	0.0	0.0	0.0	0.0	0.0	0.0	0.0	0.0	0.0	0.0	0.0	0.0	0.0	0.0	0.0	0.0
Bacteria;Proteobacteria;Alphaproteobacteria;Rhizobiales;Rhodobiaceae;Tepidamorphus;Other	0.0	0.0	0.0	0.0	0.0	0.0	0.0	0.0	0.0	0.0	0.0	0.0	0.0	0.0	0.0	0.0	0.0	0.0	0.0	0.0	0.0	0.0	0.0	0.0	0.0	0.0	0.0	0.0	0.0	0.0	0.0	0.0	0.0	0.0	0.0	0.0	0.0	0.0	0.0	0.0	0.0	0.0	0.0	0.0	0.0	0.0	0.0	2.0	0.0	0.0	0.0	0.0	0.0	0.0	0.0	0.0	0.0	0.0	0.0	0.0	0.0	0.0	0.0	0.0	0.0	0.0	0.0	0.0	0.0	0.0	3.0	109.0	0.0	0.0	0.0	0.0	0.0	0.0	0.0	0.0	0.0	0.0	0.0	0.0	0.0	0.0	0.0	0.0
Bacteria;Proteobacteria;Alphaproteobacteria;Rhizobiales;Unclassified;Agaricicola;Other	0.0	0.0	0.0	0.0	0.0	0.0	0.0	0.0	0.0	0.0	0.0	0.0	0.0	0.0	0.0	0.0	0.0	0.0	0.0	0.0	0.0	0.0	0.0	18.0	0.0	0.0	0.0	0.0	0.0	0.0	0.0	0.0	0.0	0.0	0.0	0.0	0.0	0.0	0.0	0.0	0.0	0.0	0.0	0.0	0.0	0.0	0.0	0.0	0.0	0.0	0.0	0.0	0.0	0.0	0.0	0.0	0.0	0.0	0.0	0.0	0.0	0.0	0.0	0.0	0.0	0.0	0.0	0.0	0.0	0.0	0.0	0.0	0.0	0.0	0.0	0.0	0.0	0.0	0.0	0.0	0.0	0.0	0.0	0.0	0.0	0.0	0.0	0.0
Bacteria;Proteobacteria;Alphaproteobacteria;Rhizobiales;Unclassified;Nordella;Other	0.0	0.0	0.0	0.0	0.0	0.0	0.0	0.0	0.0	0.0	0.0	0.0	0.0	0.0	0.0	0.0	0.0	0.0	0.0	0.0	0.0	0.0	0.0	0.0	0.0	0.0	0.0	0.0	0.0	0.0	0.0	0.0	0.0	0.0	0.0	0.0	0.0	0.0	0.0	0.0	0.0	0.0	0.0	0.0	0.0	0.0	0.0	0.0	0.0	0.0	0.0	0.0	0.0	0.0	0.0	0.0	0.0	0.0	0.0	0.0	0.0	0.0	0.0	0.0	0.0	0.0	0.0	0.0	0.0	0.0	0.0	0.0	0.0	0.0	10.0	0.0	0.0	0.0	0.0	0.0	0.0	0.0	0.0	0.0	0.0	0.0	38.0	0.0
Bacteria;Proteobacteria;Alphaproteobacteria;Rhizobiales;Xanthobacteraceae;Other;Other	0.0	0.0	0.0	0.0	0.0	0.0	0.0	0.0	0.0	0.0	0.0	0.0	0.0	0.0	0.0	0.0	0.0	0.0	0.0	0.0	0.0	0.0	0.0	0.0	0.0	1.0	0.0	0.0	0.0	0.0	0.0	165.0	0.0	0.0	0.0	0.0	0.0	0.0	0.0	0.0	0.0	0.0	0.0	0.0	0.0	0.0	0.0	0.0	0.0	0.0	0.0	0.0	0.0	0.0	0.0	0.0	0.0	0.0	0.0	0.0	0.0	0.0	0.0	0.0	0.0	0.0	0.0	0.0	0.0	0.0	0.0	0.0	0.0	12.0	0.0	0.0	0.0	0.0	0.0	0.0	0.0	0.0	0.0	0.0	0.0	0.0	0.0	0.0
Bacteria;Proteobacteria;Alphaproteobacteria;Rhizobiales;Xanthobacteraceae;Pseudoxanthobacter;Other	0.0	0.0	0.0	0.0	0.0	0.0	0.0	0.0	0.0	0.0	0.0	0.0	0.0	0.0	0.0	0.0	0.0	0.0	0.0	0.0	0.0	0.0	0.0	0.0	0.0	0.0	0.0	0.0	0.0	0.0	0.0	0.0	0.0	0.0	0.0	0.0	0.0	0.0	0.0	0.0	17.0	0.0	0.0	0.0	0.0	0.0	0.0	0.0	0.0	0.0	0.0	0.0	0.0	0.0	0.0	0.0	0.0	0.0	0.0	0.0	0.0	0.0	0.0	0.0	0.0	0.0	0.0	0.0	0.0	0.0	0.0	0.0	0.0	0.0	0.0	0.0	0.0	0.0	0.0	0.0	0.0	0.0	0.0	0.0	0.0	0.0	0.0	0.0
Bacteria;Proteobacteria;Alphaproteobacteria;Rhizobiales;Xanthobacteraceae;Xanthobacter;Xanthobacter_flavus	0.0	77.0	0.0	0.0	0.0	0.0	0.0	0.0	0.0	0.0	0.0	0.0	0.0	0.0	131.0	0.0	0.0	4.0	0.0	0.0	0.0	0.0	0.0	0.0	0.0	0.0	0.0	0.0	0.0	0.0	0.0	0.0	0.0	0.0	0.0	0.0	0.0	0.0	0.0	0.0	0.0	0.0	9.0	73.0	0.0	0.0	0.0	0.0	0.0	0.0	0.0	0.0	0.0	0.0	0.0	0.0	0.0	0.0	0.0	0.0	0.0	0.0	0.0	0.0	0.0	0.0	0.0	0.0	0.0	0.0	0.0	0.0	0.0	0.0	0.0	0.0	0.0	0.0	0.0	2.0	0.0	0.0	0.0	0.0	0.0	0.0	0.0	0.0
Bacteria;Proteobacteria;Alphaproteobacteria;Rhodobacterales;Rhodobacteraceae;Amaricoccus;Other	0.0	0.0	0.0	0.0	0.0	0.0	0.0	0.0	0.0	0.0	0.0	0.0	3.0	0.0	0.0	0.0	6.0	0.0	0.0	0.0	0.0	0.0	0.0	29.0	0.0	0.0	0.0	0.0	0.0	0.0	0.0	0.0	0.0	0.0	0.0	0.0	0.0	0.0	0.0	0.0	0.0	39.0	0.0	0.0	0.0	0.0	0.0	0.0	0.0	0.0	0.0	0.0	0.0	0.0	0.0	0.0	0.0	0.0	0.0	0.0	0.0	0.0	0.0	0.0	0.0	0.0	0.0	0.0	0.0	0.0	0.0	0.0	0.0	0.0	0.0	0.0	0.0	0.0	0.0	0.0	0.0	255.0	0.0	0.0	0.0	0.0	0.0	24.0
Bacteria;Proteobacteria;Alphaproteobacteria;Rhodobacterales;Rhodobacteraceae;Gemmobacter;Other	0.0	0.0	0.0	34.0	0.0	0.0	0.0	0.0	0.0	0.0	0.0	0.0	0.0	0.0	0.0	0.0	0.0	0.0	0.0	0.0	0.0	0.0	0.0	0.0	0.0	0.0	0.0	0.0	0.0	0.0	0.0	0.0	0.0	0.0	0.0	0.0	0.0	0.0	0.0	0.0	0.0	0.0	0.0	0.0	0.0	0.0	0.0	0.0	0.0	0.0	0.0	0.0	0.0	0.0	0.0	0.0	0.0	0.0	0.0	0.0	0.0	0.0	0.0	0.0	0.0	0.0	0.0	0.0	0.0	0.0	0.0	0.0	0.0	0.0	0.0	0.0	0.0	0.0	0.0	0.0	0.0	0.0	0.0	0.0	0.0	0.0	0.0	0.0
Bacteria;Proteobacteria;Alphaproteobacteria;Rhodobacterales;Rhodobacteraceae;Other;Other	0.0	0.0	0.0	0.0	0.0	0.0	0.0	0.0	0.0	0.0	0.0	0.0	0.0	0.0	0.0	0.0	0.0	0.0	0.0	0.0	0.0	0.0	0.0	0.0	0.0	0.0	0.0	0.0	0.0	0.0	0.0	0.0	0.0	0.0	0.0	0.0	0.0	0.0	0.0	0.0	1.0	0.0	0.0	0.0	0.0	0.0	0.0	0.0	0.0	0.0	10.0	0.0	0.0	0.0	116.0	0.0	0.0	0.0	8.0	0.0	0.0	0.0	0.0	0.0	0.0	0.0	0.0	144.0	0.0	0.0	0.0	110.0	0.0	0.0	0.0	39.0	0.0	0.0	0.0	0.0	0.0	0.0	0.0	0.0	0.0	0.0	0.0	0.0
Bacteria;Proteobacteria;Alphaproteobacteria;Rhodobacterales;Rhodobacteraceae;Pannonibacter;Other	0.0	0.0	0.0	0.0	0.0	0.0	0.0	0.0	0.0	0.0	0.0	0.0	35.0	1.0	0.0	0.0	0.0	0.0	0.0	0.0	0.0	0.0	0.0	0.0	0.0	0.0	0.0	0.0	0.0	0.0	0.0	0.0	0.0	0.0	0.0	0.0	0.0	0.0	0.0	0.0	0.0	0.0	0.0	0.0	0.0	0.0	0.0	49.0	0.0	0.0	0.0	0.0	0.0	0.0	0.0	0.0	0.0	0.0	0.0	0.0	0.0	0.0	0.0	0.0	0.0	0.0	0.0	0.0	0.0	0.0	0.0	0.0	0.0	0.0	0.0	0.0	0.0	0.0	0.0	0.0	0.0	0.0	0.0	0.0	0.0	0.0	0.0	0.0
Bacteria;Proteobacteria;Alphaproteobacteria;Rhodobacterales;Rhodobacteraceae;Paracoccus;Other	749.0	52.0	105.0	0.0	357.0	0.0	0.0	126.0	3.0	311.0	0.0	3.0	1512.0	1.0	0.0	0.0	35.0	0.0	1.0	162.0	112.0	0.0	0.0	0.0	88.0	387.0	143.0	22.0	14.0	2.0	410.0	0.0	0.0	125.0	0.0	91.0	0.0	222.0	124.0	637.0	3917.0	1.0	1.0	182.0	1.0	0.0	66.0	143.0	21.0	199.0	136.0	53.0	0.0	182.0	597.0	56.0	88.0	253.0	0.0	9.0	0.0	0.0	133.0	549.0	0.0	0.0	0.0	3649.0	89.0	91.0	1.0	152.0	23.0	237.0	0.0	123.0	0.0	2.0	0.0	0.0	2.0	0.0	0.0	204.0	351.0	184.0	0.0	7.0
Bacteria;Proteobacteria;Alphaproteobacteria;Rhodobacterales;Rhodobacteraceae;Paracoccus;unidentified	9.0	0.0	3.0	0.0	12.0	0.0	0.0	0.0	0.0	45.0	0.0	0.0	5.0	4.0	0.0	0.0	1.0	0.0	0.0	18.0	0.0	0.0	0.0	0.0	0.0	0.0	0.0	0.0	0.0	0.0	0.0	0.0	36.0	0.0	0.0	12.0	0.0	0.0	0.0	0.0	19.0	0.0	0.0	16.0	2.0	0.0	250.0	274.0	1.0	6.0	5.0	9.0	0.0	0.0	1.0	0.0	0.0	0.0	0.0	0.0	0.0	0.0	4.0	1.0	0.0	0.0	0.0	363.0	0.0	0.0	3.0	234.0	0.0	1.0	1.0	0.0	0.0	0.0	0.0	0.0	0.0	0.0	0.0	0.0	3.0	0.0	0.0	1.0
Bacteria;Proteobacteria;Alphaproteobacteria;Rhodobacterales;Rhodobacteraceae;Rubellimicrobium;Other	0.0	0.0	0.0	0.0	0.0	130.0	0.0	0.0	0.0	0.0	0.0	0.0	0.0	0.0	552.0	0.0	0.0	0.0	6.0	0.0	0.0	0.0	0.0	0.0	0.0	0.0	0.0	0.0	0.0	0.0	0.0	0.0	0.0	0.0	0.0	0.0	0.0	0.0	0.0	0.0	1.0	17.0	0.0	0.0	0.0	0.0	0.0	0.0	0.0	138.0	0.0	0.0	0.0	0.0	0.0	0.0	0.0	0.0	0.0	0.0	0.0	5.0	0.0	0.0	0.0	0.0	0.0	99.0	0.0	0.0	0.0	0.0	0.0	0.0	0.0	0.0	0.0	0.0	0.0	0.0	0.0	0.0	0.0	0.0	0.0	0.0	0.0	0.0
Bacteria;Proteobacteria;Alphaproteobacteria;Rhodobacterales;Rhodobacteraceae;Tabrizicola;Other	0.0	0.0	0.0	0.0	0.0	1.0	0.0	0.0	0.0	0.0	0.0	0.0	0.0	0.0	0.0	0.0	0.0	0.0	0.0	0.0	0.0	0.0	0.0	0.0	0.0	2.0	0.0	0.0	0.0	0.0	0.0	0.0	0.0	0.0	0.0	0.0	0.0	0.0	0.0	0.0	0.0	0.0	0.0	0.0	0.0	0.0	0.0	0.0	0.0	0.0	0.0	0.0	0.0	0.0	0.0	0.0	0.0	0.0	0.0	0.0	0.0	0.0	0.0	0.0	0.0	0.0	0.0	26.0	0.0	0.0	0.0	17.0	0.0	212.0	0.0	0.0	0.0	0.0	0.0	0.0	0.0	176.0	0.0	1.0	0.0	0.0	0.0	0.0
Bacteria;Proteobacteria;Alphaproteobacteria;Rhodospirillales;Acetobacteraceae;Craurococcus;Other	0.0	0.0	2.0	0.0	0.0	0.0	184.0	0.0	0.0	0.0	0.0	0.0	0.0	0.0	0.0	0.0	0.0	0.0	0.0	0.0	0.0	0.0	0.0	0.0	0.0	0.0	0.0	0.0	0.0	318.0	0.0	0.0	0.0	0.0	0.0	0.0	0.0	0.0	0.0	0.0	0.0	0.0	0.0	0.0	0.0	0.0	0.0	0.0	0.0	0.0	0.0	0.0	0.0	0.0	0.0	0.0	0.0	0.0	0.0	0.0	0.0	0.0	0.0	0.0	0.0	0.0	0.0	0.0	0.0	0.0	0.0	0.0	0.0	0.0	0.0	0.0	0.0	0.0	0.0	0.0	0.0	0.0	0.0	0.0	0.0	0.0	0.0	0.0
Bacteria;Proteobacteria;Alphaproteobacteria;Rhodospirillales;Acetobacteraceae;Granulibacter;Granulibacter_bethesdensis_CGDNIH1	0.0	0.0	0.0	0.0	0.0	40.0	0.0	0.0	0.0	0.0	0.0	0.0	0.0	0.0	0.0	0.0	0.0	0.0	0.0	0.0	0.0	0.0	0.0	0.0	0.0	0.0	0.0	0.0	0.0	0.0	0.0	0.0	0.0	0.0	0.0	0.0	0.0	0.0	0.0	0.0	0.0	0.0	0.0	0.0	0.0	0.0	0.0	0.0	0.0	0.0	0.0	0.0	0.0	0.0	0.0	0.0	0.0	0.0	0.0	0.0	0.0	0.0	0.0	0.0	0.0	0.0	0.0	0.0	0.0	0.0	0.0	0.0	0.0	0.0	0.0	0.0	0.0	0.0	0.0	0.0	0.0	0.0	0.0	0.0	0.0	0.0	0.0	0.0
Bacteria;Proteobacteria;Alphaproteobacteria;Rhodospirillales;Acetobacteraceae;Rhodovarius;Rhodovarius_lipocyclicus	0.0	0.0	0.0	0.0	0.0	0.0	0.0	0.0	0.0	0.0	0.0	0.0	0.0	0.0	0.0	0.0	0.0	0.0	0.0	0.0	0.0	0.0	0.0	0.0	0.0	0.0	0.0	47.0	0.0	0.0	0.0	0.0	0.0	0.0	0.0	0.0	0.0	0.0	0.0	0.0	0.0	0.0	0.0	0.0	0.0	0.0	0.0	0.0	0.0	0.0	0.0	0.0	0.0	0.0	0.0	0.0	0.0	0.0	0.0	0.0	0.0	0.0	0.0	0.0	0.0	0.0	0.0	0.0	0.0	0.0	0.0	0.0	0.0	0.0	0.0	0.0	0.0	0.0	0.0	0.0	0.0	0.0	0.0	0.0	0.0	0.0	0.0	0.0
Bacteria;Proteobacteria;Alphaproteobacteria;Rhodospirillales;Acetobacteraceae;Roseomonas;Other	0.0	0.0	0.0	0.0	0.0	0.0	0.0	0.0	0.0	0.0	0.0	0.0	0.0	0.0	4.0	0.0	0.0	0.0	0.0	0.0	0.0	0.0	0.0	0.0	0.0	0.0	0.0	0.0	10.0	0.0	0.0	0.0	0.0	0.0	0.0	0.0	0.0	0.0	0.0	0.0	2.0	0.0	0.0	0.0	0.0	0.0	0.0	0.0	0.0	0.0	0.0	0.0	0.0	0.0	0.0	0.0	0.0	0.0	0.0	0.0	0.0	0.0	0.0	152.0	0.0	0.0	0.0	0.0	0.0	3.0	0.0	0.0	0.0	0.0	0.0	0.0	0.0	0.0	0.0	0.0	0.0	0.0	0.0	0.0	0.0	0.0	0.0	0.0
Bacteria;Proteobacteria;Alphaproteobacteria;Rhodospirillales;Acetobacteraceae;Roseomonas;Roseomonas_aestuarii	0.0	0.0	0.0	0.0	0.0	0.0	0.0	0.0	0.0	0.0	0.0	0.0	0.0	0.0	0.0	0.0	0.0	0.0	0.0	0.0	0.0	0.0	0.0	0.0	0.0	0.0	0.0	0.0	0.0	0.0	0.0	0.0	0.0	0.0	0.0	0.0	0.0	0.0	0.0	0.0	0.0	0.0	0.0	0.0	0.0	0.0	0.0	0.0	0.0	0.0	0.0	0.0	0.0	0.0	0.0	0.0	0.0	0.0	0.0	0.0	0.0	0.0	0.0	0.0	0.0	0.0	16.0	15.0	0.0	0.0	0.0	0.0	23.0	0.0	0.0	0.0	0.0	0.0	0.0	0.0	0.0	0.0	0.0	0.0	0.0	0.0	0.0	0.0
Bacteria;Proteobacteria;Alphaproteobacteria;Rhodospirillales;Acetobacteraceae;Roseomonas;Roseomonas_mucosa	0.0	0.0	0.0	0.0	0.0	0.0	0.0	0.0	0.0	0.0	0.0	0.0	0.0	0.0	0.0	0.0	0.0	0.0	0.0	0.0	0.0	0.0	0.0	0.0	0.0	0.0	0.0	52.0	0.0	0.0	0.0	0.0	0.0	0.0	0.0	0.0	26.0	0.0	0.0	0.0	0.0	0.0	0.0	0.0	0.0	0.0	0.0	0.0	0.0	0.0	0.0	0.0	0.0	3.0	0.0	0.0	0.0	0.0	0.0	0.0	0.0	0.0	0.0	0.0	0.0	0.0	0.0	0.0	0.0	0.0	0.0	0.0	0.0	0.0	0.0	19.0	0.0	0.0	0.0	0.0	0.0	0.0	0.0	0.0	0.0	0.0	0.0	0.0
Bacteria;Proteobacteria;Alphaproteobacteria;Rhodospirillales;Acetobacteraceae;Rubritepida;Other	0.0	0.0	0.0	39.0	0.0	0.0	0.0	0.0	0.0	0.0	0.0	0.0	0.0	0.0	0.0	0.0	0.0	0.0	0.0	0.0	0.0	0.0	0.0	0.0	0.0	0.0	0.0	0.0	0.0	0.0	0.0	0.0	0.0	0.0	0.0	0.0	0.0	0.0	0.0	0.0	0.0	0.0	0.0	0.0	0.0	0.0	0.0	0.0	0.0	0.0	0.0	0.0	0.0	0.0	0.0	0.0	0.0	0.0	0.0	0.0	0.0	0.0	0.0	0.0	0.0	0.0	0.0	0.0	0.0	0.0	0.0	0.0	0.0	0.0	0.0	0.0	0.0	0.0	0.0	0.0	0.0	0.0	0.0	0.0	0.0	0.0	0.0	0.0
Bacteria;Proteobacteria;Alphaproteobacteria;Rhodospirillales;Other;Other;Other	0.0	0.0	0.0	0.0	0.0	0.0	0.0	0.0	0.0	0.0	0.0	0.0	6.0	0.0	0.0	0.0	0.0	5.0	0.0	0.0	0.0	0.0	0.0	0.0	0.0	0.0	0.0	0.0	0.0	0.0	0.0	0.0	0.0	0.0	20.0	0.0	0.0	0.0	0.0	0.0	0.0	0.0	2.0	0.0	0.0	0.0	0.0	0.0	30.0	0.0	1.0	0.0	0.0	0.0	0.0	0.0	0.0	15.0	0.0	0.0	0.0	0.0	187.0	0.0	0.0	0.0	0.0	0.0	0.0	0.0	0.0	0.0	0.0	0.0	0.0	0.0	0.0	0.0	0.0	0.0	0.0	0.0	0.0	0.0	0.0	0.0	0.0	0.0
Bacteria;Proteobacteria;Alphaproteobacteria;Rhodospirillales;Rhodospirillaceae;Azospirillum;Other	0.0	0.0	0.0	0.0	0.0	0.0	0.0	0.0	0.0	0.0	0.0	0.0	0.0	0.0	0.0	0.0	0.0	0.0	0.0	0.0	0.0	0.0	0.0	0.0	0.0	0.0	0.0	0.0	0.0	0.0	0.0	0.0	0.0	0.0	0.0	0.0	0.0	0.0	0.0	0.0	0.0	0.0	0.0	0.0	0.0	0.0	0.0	0.0	0.0	0.0	0.0	0.0	0.0	0.0	0.0	0.0	0.0	0.0	14.0	0.0	0.0	0.0	0.0	0.0	0.0	0.0	0.0	0.0	0.0	0.0	0.0	0.0	0.0	0.0	0.0	0.0	0.0	0.0	0.0	0.0	0.0	0.0	0.0	0.0	0.0	0.0	0.0	0.0
Bacteria;Proteobacteria;Alphaproteobacteria;Rhodospirillales;Rhodospirillaceae;Dongia;Other	0.0	0.0	0.0	0.0	0.0	0.0	0.0	0.0	0.0	0.0	0.0	0.0	0.0	0.0	0.0	0.0	0.0	0.0	0.0	0.0	0.0	0.0	0.0	28.0	0.0	0.0	0.0	0.0	0.0	0.0	0.0	0.0	0.0	0.0	0.0	0.0	0.0	0.0	0.0	0.0	0.0	0.0	0.0	0.0	0.0	0.0	0.0	0.0	0.0	0.0	0.0	0.0	0.0	0.0	0.0	0.0	0.0	0.0	0.0	0.0	0.0	0.0	0.0	0.0	0.0	0.0	0.0	0.0	0.0	0.0	0.0	0.0	0.0	0.0	0.0	0.0	0.0	0.0	0.0	0.0	0.0	0.0	0.0	0.0	0.0	0.0	0.0	0.0
Bacteria;Proteobacteria;Alphaproteobacteria;Rhodospirillales;Rhodospirillaceae;Elstera;Elstera_litoralis	0.0	0.0	0.0	0.0	0.0	0.0	0.0	0.0	0.0	0.0	0.0	0.0	0.0	0.0	0.0	0.0	0.0	0.0	0.0	0.0	0.0	0.0	0.0	0.0	0.0	0.0	0.0	0.0	0.0	0.0	0.0	0.0	0.0	0.0	0.0	0.0	0.0	0.0	0.0	0.0	0.0	0.0	0.0	0.0	0.0	0.0	0.0	0.0	0.0	0.0	0.0	0.0	0.0	0.0	0.0	0.0	2.0	0.0	0.0	0.0	0.0	0.0	0.0	0.0	0.0	0.0	0.0	0.0	0.0	0.0	0.0	0.0	0.0	0.0	0.0	0.0	0.0	0.0	0.0	0.0	0.0	0.0	0.0	0.0	0.0	0.0	0.0	0.0
Bacteria;Proteobacteria;Alphaproteobacteria;Rhodospirillales;Rhodospirillaceae;Ferrovibrio;Other	0.0	0.0	0.0	0.0	0.0	0.0	0.0	0.0	0.0	0.0	0.0	0.0	0.0	0.0	0.0	0.0	0.0	0.0	0.0	0.0	0.0	0.0	0.0	0.0	0.0	0.0	0.0	0.0	0.0	0.0	0.0	0.0	0.0	0.0	0.0	0.0	0.0	0.0	0.0	0.0	0.0	0.0	0.0	0.0	0.0	0.0	0.0	0.0	0.0	0.0	0.0	0.0	0.0	0.0	83.0	0.0	0.0	0.0	0.0	0.0	0.0	0.0	0.0	0.0	0.0	0.0	0.0	0.0	0.0	0.0	6.0	0.0	0.0	0.0	0.0	0.0	0.0	0.0	0.0	0.0	0.0	0.0	0.0	0.0	0.0	0.0	0.0	0.0
Bacteria;Proteobacteria;Alphaproteobacteria;Rhodospirillales;Rhodospirillaceae;Ferrovibrio;alpha_proteobacterium_OR-84	0.0	0.0	0.0	0.0	0.0	0.0	0.0	0.0	0.0	0.0	0.0	0.0	0.0	0.0	0.0	0.0	0.0	0.0	0.0	0.0	0.0	0.0	0.0	0.0	0.0	0.0	0.0	0.0	0.0	0.0	0.0	0.0	0.0	0.0	0.0	0.0	0.0	0.0	0.0	0.0	0.0	0.0	0.0	0.0	0.0	0.0	0.0	0.0	0.0	0.0	0.0	0.0	0.0	58.0	0.0	0.0	0.0	0.0	0.0	0.0	0.0	0.0	0.0	0.0	0.0	0.0	0.0	0.0	0.0	0.0	0.0	0.0	0.0	0.0	0.0	0.0	0.0	0.0	0.0	0.0	0.0	0.0	0.0	0.0	0.0	0.0	0.0	0.0
Bacteria;Proteobacteria;Alphaproteobacteria;Rhodospirillales;Rhodospirillaceae;Other;Other	0.0	0.0	0.0	0.0	0.0	0.0	0.0	5.0	0.0	0.0	0.0	0.0	0.0	38.0	0.0	6.0	0.0	0.0	0.0	0.0	0.0	0.0	0.0	0.0	0.0	0.0	0.0	0.0	0.0	0.0	0.0	0.0	0.0	0.0	0.0	63.0	0.0	0.0	0.0	0.0	0.0	0.0	0.0	0.0	0.0	0.0	0.0	0.0	0.0	0.0	0.0	0.0	0.0	0.0	0.0	0.0	0.0	0.0	0.0	0.0	74.0	10.0	0.0	0.0	0.0	0.0	0.0	0.0	0.0	0.0	23.0	0.0	0.0	0.0	0.0	0.0	0.0	0.0	0.0	0.0	0.0	0.0	0.0	0.0	0.0	0.0	0.0	0.0
Bacteria;Proteobacteria;Alphaproteobacteria;Rhodospirillales;Rhodospirillaceae;Pelagibius;Other	0.0	0.0	0.0	0.0	0.0	0.0	0.0	0.0	0.0	0.0	0.0	0.0	0.0	0.0	0.0	0.0	0.0	0.0	0.0	0.0	0.0	0.0	0.0	0.0	0.0	0.0	0.0	0.0	0.0	0.0	0.0	0.0	0.0	0.0	0.0	0.0	0.0	0.0	0.0	0.0	5.0	0.0	0.0	0.0	0.0	0.0	0.0	0.0	0.0	0.0	0.0	0.0	0.0	0.0	0.0	0.0	0.0	0.0	0.0	0.0	0.0	0.0	0.0	0.0	0.0	0.0	0.0	0.0	0.0	0.0	0.0	0.0	0.0	0.0	0.0	0.0	0.0	0.0	0.0	0.0	0.0	0.0	0.0	0.0	0.0	0.0	0.0	0.0
Bacteria;Proteobacteria;Alphaproteobacteria;Rhodospirillales;Rhodospirillaceae;Skermanella;Other	0.0	0.0	0.0	0.0	0.0	0.0	0.0	0.0	0.0	0.0	0.0	0.0	0.0	0.0	0.0	0.0	0.0	0.0	0.0	0.0	0.0	0.0	0.0	0.0	0.0	0.0	0.0	0.0	0.0	0.0	0.0	0.0	0.0	0.0	0.0	0.0	0.0	0.0	0.0	0.0	0.0	0.0	0.0	0.0	0.0	0.0	0.0	0.0	0.0	0.0	0.0	0.0	0.0	0.0	0.0	0.0	0.0	0.0	0.0	0.0	0.0	0.0	0.0	0.0	0.0	0.0	0.0	265.0	0.0	0.0	0.0	0.0	0.0	0.0	0.0	0.0	0.0	0.0	0.0	0.0	0.0	0.0	0.0	0.0	0.0	0.0	0.0	0.0
Bacteria;Proteobacteria;Alphaproteobacteria;Rhodospirillales;Rhodospirillaceae;Unclassified;Rhodospirillales_bacterium_WX36	0.0	0.0	0.0	0.0	0.0	0.0	0.0	0.0	0.0	0.0	0.0	0.0	0.0	0.0	0.0	0.0	0.0	0.0	0.0	0.0	0.0	0.0	0.0	0.0	3.0	0.0	0.0	0.0	0.0	0.0	0.0	0.0	0.0	0.0	0.0	0.0	0.0	0.0	0.0	0.0	0.0	0.0	0.0	0.0	0.0	0.0	0.0	0.0	0.0	0.0	0.0	0.0	0.0	0.0	32.0	0.0	0.0	0.0	0.0	0.0	0.0	8.0	0.0	0.0	0.0	0.0	0.0	0.0	0.0	0.0	0.0	0.0	0.0	0.0	0.0	0.0	0.0	0.0	0.0	0.0	0.0	0.0	0.0	0.0	336.0	0.0	0.0	0.0
Bacteria;Proteobacteria;Alphaproteobacteria;Rhodospirillales;Rhodospirillaceae;Unclassified;unidentified_rumen_bacterium_RFN49	0.0	0.0	0.0	0.0	0.0	0.0	0.0	0.0	0.0	0.0	0.0	0.0	0.0	0.0	0.0	0.0	0.0	0.0	0.0	0.0	0.0	0.0	0.0	0.0	0.0	0.0	0.0	0.0	0.0	0.0	0.0	0.0	0.0	0.0	0.0	0.0	0.0	0.0	0.0	0.0	5.0	0.0	0.0	0.0	0.0	0.0	0.0	0.0	0.0	0.0	0.0	0.0	0.0	0.0	0.0	0.0	0.0	0.0	0.0	0.0	0.0	0.0	0.0	0.0	0.0	0.0	0.0	0.0	0.0	0.0	0.0	0.0	0.0	0.0	0.0	0.0	0.0	0.0	0.0	0.0	0.0	0.0	0.0	0.0	0.0	0.0	0.0	0.0
Bacteria;Proteobacteria;Alphaproteobacteria;Rhodospirillales;Unclassified;Geminicoccus;Other	0.0	0.0	0.0	0.0	0.0	0.0	0.0	0.0	0.0	0.0	0.0	0.0	0.0	0.0	0.0	0.0	0.0	0.0	0.0	0.0	0.0	0.0	0.0	0.0	0.0	0.0	0.0	0.0	0.0	0.0	0.0	0.0	0.0	0.0	0.0	0.0	0.0	0.0	0.0	0.0	0.0	0.0	0.0	0.0	0.0	0.0	0.0	0.0	0.0	0.0	0.0	0.0	0.0	0.0	0.0	0.0	0.0	0.0	0.0	0.0	0.0	7.0	0.0	0.0	0.0	0.0	0.0	0.0	0.0	0.0	0.0	0.0	0.0	0.0	6.0	0.0	0.0	0.0	0.0	0.0	0.0	0.0	0.0	0.0	0.0	0.0	0.0	0.0
Bacteria;Proteobacteria;Alphaproteobacteria;Rhodospirillales;Unclassified;Reyranella;Other	0.0	0.0	0.0	0.0	0.0	0.0	0.0	0.0	0.0	0.0	0.0	0.0	0.0	0.0	0.0	0.0	0.0	0.0	0.0	0.0	0.0	0.0	0.0	3.0	0.0	0.0	0.0	0.0	0.0	0.0	0.0	0.0	0.0	0.0	0.0	0.0	0.0	0.0	0.0	0.0	0.0	0.0	0.0	0.0	0.0	0.0	0.0	0.0	21.0	0.0	0.0	0.0	0.0	0.0	0.0	0.0	0.0	0.0	0.0	0.0	0.0	0.0	0.0	0.0	0.0	0.0	0.0	0.0	0.0	0.0	0.0	0.0	0.0	0.0	0.0	0.0	0.0	0.0	0.0	0.0	0.0	0.0	0.0	0.0	0.0	0.0	0.0	0.0
Bacteria;Proteobacteria;Alphaproteobacteria;Rhodospirillales;Unclassified;Unclassified;alpha_proteobacterium_P-20	0.0	0.0	0.0	0.0	0.0	0.0	0.0	0.0	0.0	0.0	0.0	0.0	0.0	0.0	0.0	0.0	0.0	0.0	0.0	0.0	0.0	0.0	0.0	0.0	0.0	0.0	0.0	0.0	0.0	0.0	0.0	0.0	0.0	0.0	0.0	0.0	0.0	0.0	0.0	0.0	0.0	0.0	0.0	0.0	0.0	0.0	0.0	0.0	4.0	0.0	0.0	0.0	0.0	0.0	0.0	0.0	0.0	0.0	0.0	0.0	0.0	0.0	0.0	0.0	0.0	0.0	0.0	0.0	0.0	0.0	0.0	0.0	0.0	0.0	0.0	0.0	0.0	0.0	0.0	0.0	0.0	0.0	0.0	0.0	0.0	0.0	0.0	0.0
Bacteria;Proteobacteria;Alphaproteobacteria;Rickettsiales;Other;Other;Other	0.0	0.0	0.0	0.0	251.0	0.0	0.0	0.0	0.0	0.0	0.0	0.0	0.0	0.0	0.0	0.0	0.0	0.0	0.0	0.0	0.0	0.0	0.0	0.0	0.0	0.0	0.0	0.0	0.0	0.0	0.0	0.0	0.0	0.0	0.0	0.0	0.0	0.0	0.0	0.0	0.0	7.0	0.0	0.0	0.0	0.0	0.0	0.0	0.0	0.0	0.0	0.0	0.0	0.0	4.0	0.0	0.0	0.0	0.0	0.0	0.0	0.0	0.0	36.0	0.0	0.0	0.0	0.0	3.0	0.0	0.0	0.0	48.0	0.0	0.0	0.0	0.0	2.0	0.0	0.0	0.0	0.0	0.0	0.0	0.0	0.0	240.0	0.0
Bacteria;Proteobacteria;Alphaproteobacteria;Rickettsiales;Rickettsiaceae;Other;Other	0.0	0.0	0.0	0.0	0.0	0.0	0.0	0.0	0.0	0.0	0.0	0.0	0.0	0.0	0.0	0.0	0.0	0.0	0.0	0.0	0.0	0.0	0.0	0.0	0.0	0.0	0.0	0.0	0.0	0.0	0.0	0.0	0.0	0.0	0.0	0.0	0.0	0.0	0.0	0.0	0.0	0.0	2.0	0.0	0.0	0.0	0.0	0.0	0.0	0.0	0.0	0.0	0.0	0.0	0.0	0.0	0.0	0.0	0.0	0.0	0.0	0.0	181.0	0.0	0.0	0.0	0.0	0.0	0.0	0.0	0.0	0.0	0.0	0.0	0.0	0.0	0.0	0.0	0.0	0.0	0.0	0.0	0.0	0.0	0.0	0.0	0.0	0.0
Bacteria;Proteobacteria;Alphaproteobacteria;Rickettsiales;Rickettsiaceae;Rickettsia;Rickettsia_sp.	0.0	0.0	0.0	0.0	0.0	0.0	0.0	0.0	0.0	0.0	0.0	0.0	0.0	0.0	0.0	0.0	0.0	0.0	0.0	0.0	0.0	0.0	0.0	0.0	0.0	0.0	0.0	0.0	0.0	0.0	0.0	0.0	0.0	0.0	0.0	0.0	0.0	0.0	0.0	0.0	0.0	0.0	0.0	0.0	0.0	0.0	0.0	0.0	0.0	0.0	0.0	0.0	0.0	0.0	0.0	0.0	0.0	0.0	0.0	0.0	0.0	0.0	0.0	0.0	0.0	0.0	0.0	40.0	0.0	0.0	0.0	0.0	0.0	0.0	0.0	0.0	0.0	0.0	0.0	0.0	0.0	0.0	0.0	0.0	0.0	0.0	0.0	0.0
Bacteria;Proteobacteria;Alphaproteobacteria;Rickettsiales;Unclassified;Candidatus_Odyssella;Other	0.0	0.0	0.0	0.0	0.0	0.0	0.0	0.0	0.0	0.0	0.0	0.0	0.0	0.0	0.0	0.0	0.0	0.0	0.0	0.0	0.0	0.0	0.0	0.0	0.0	0.0	0.0	0.0	0.0	0.0	0.0	0.0	0.0	0.0	0.0	0.0	0.0	0.0	0.0	0.0	0.0	0.0	0.0	0.0	0.0	0.0	0.0	0.0	0.0	0.0	0.0	44.0	0.0	0.0	0.0	0.0	0.0	0.0	0.0	0.0	0.0	0.0	0.0	0.0	0.0	0.0	0.0	0.0	0.0	0.0	0.0	0.0	0.0	0.0	0.0	0.0	0.0	0.0	0.0	0.0	0.0	0.0	0.0	0.0	0.0	0.0	0.0	0.0
Bacteria;Proteobacteria;Alphaproteobacteria;Rickettsiales;Unclassified;Unclassified;Arabidopsis_thaliana_(thale_cress)	0.0	0.0	0.0	1.0	0.0	0.0	0.0	0.0	0.0	0.0	0.0	0.0	0.0	0.0	0.0	0.0	0.0	0.0	0.0	0.0	0.0	0.0	0.0	0.0	0.0	0.0	0.0	19.0	0.0	0.0	0.0	0.0	0.0	0.0	0.0	0.0	0.0	0.0	0.0	0.0	0.0	0.0	0.0	12.0	0.0	0.0	0.0	0.0	0.0	0.0	0.0	0.0	0.0	0.0	0.0	0.0	0.0	0.0	0.0	0.0	0.0	0.0	0.0	0.0	0.0	0.0	0.0	7.0	0.0	0.0	0.0	1.0	0.0	0.0	0.0	0.0	0.0	0.0	0.0	0.0	0.0	0.0	0.0	0.0	7.0	0.0	4.0	0.0
Bacteria;Proteobacteria;Alphaproteobacteria;Rickettsiales;Unclassified;Unclassified;Eutrema_salsugineum	0.0	0.0	0.0	0.0	0.0	0.0	0.0	0.0	0.0	0.0	0.0	0.0	0.0	0.0	0.0	0.0	0.0	0.0	0.0	0.0	0.0	0.0	0.0	0.0	0.0	0.0	0.0	0.0	0.0	0.0	0.0	0.0	0.0	0.0	0.0	0.0	0.0	73.0	0.0	2.0	0.0	0.0	0.0	0.0	0.0	0.0	0.0	0.0	0.0	0.0	0.0	0.0	0.0	0.0	0.0	0.0	0.0	0.0	0.0	0.0	0.0	0.0	0.0	0.0	0.0	0.0	0.0	0.0	0.0	0.0	0.0	0.0	0.0	0.0	0.0	0.0	0.0	0.0	0.0	0.0	0.0	0.0	0.0	0.0	0.0	0.0	0.0	0.0
Bacteria;Proteobacteria;Alphaproteobacteria;Rickettsiales;Unclassified;Unclassified;Physcomitrella_patens	0.0	0.0	0.0	0.0	0.0	0.0	0.0	0.0	0.0	0.0	0.0	0.0	0.0	0.0	1.0	0.0	0.0	0.0	0.0	0.0	0.0	0.0	0.0	0.0	0.0	0.0	0.0	0.0	0.0	0.0	0.0	0.0	0.0	0.0	0.0	0.0	0.0	0.0	0.0	0.0	0.0	0.0	0.0	0.0	0.0	0.0	0.0	0.0	0.0	0.0	0.0	0.0	0.0	0.0	0.0	0.0	0.0	0.0	0.0	0.0	0.0	0.0	0.0	0.0	0.0	0.0	0.0	0.0	0.0	0.0	0.0	0.0	0.0	0.0	0.0	0.0	0.0	0.0	0.0	0.0	0.0	0.0	0.0	3.0	0.0	0.0	0.0	0.0
Bacteria;Proteobacteria;Alphaproteobacteria;Sphingomonadales;Erythrobacteraceae;Altererythrobacter;Other	0.0	0.0	0.0	0.0	0.0	0.0	0.0	0.0	0.0	0.0	0.0	0.0	9.0	0.0	0.0	0.0	0.0	0.0	0.0	0.0	0.0	0.0	0.0	48.0	0.0	0.0	0.0	0.0	0.0	0.0	0.0	0.0	0.0	0.0	0.0	0.0	0.0	0.0	0.0	0.0	0.0	0.0	0.0	0.0	0.0	0.0	0.0	0.0	0.0	0.0	0.0	0.0	0.0	0.0	0.0	0.0	0.0	0.0	0.0	0.0	0.0	1.0	0.0	0.0	0.0	0.0	0.0	0.0	0.0	0.0	0.0	0.0	0.0	0.0	0.0	0.0	0.0	0.0	0.0	0.0	0.0	0.0	0.0	0.0	0.0	0.0	0.0	0.0
Bacteria;Proteobacteria;Alphaproteobacteria;Sphingomonadales;Erythrobacteraceae;Erythrobacter;Other	0.0	0.0	0.0	44.0	0.0	125.0	0.0	0.0	0.0	0.0	1.0	30.0	17.0	1.0	0.0	0.0	0.0	0.0	1.0	0.0	0.0	23.0	0.0	0.0	0.0	0.0	0.0	0.0	0.0	0.0	0.0	0.0	0.0	0.0	0.0	0.0	0.0	0.0	1.0	0.0	0.0	0.0	0.0	0.0	0.0	0.0	0.0	65.0	0.0	0.0	0.0	0.0	0.0	0.0	0.0	0.0	0.0	1.0	0.0	8.0	0.0	0.0	0.0	0.0	0.0	0.0	0.0	21.0	0.0	0.0	0.0	0.0	1.0	0.0	0.0	0.0	0.0	0.0	0.0	0.0	0.0	0.0	0.0	0.0	0.0	0.0	0.0	0.0
Bacteria;Proteobacteria;Alphaproteobacteria;Sphingomonadales;Erythrobacteraceae;Other;Other	0.0	0.0	0.0	110.0	0.0	1.0	0.0	0.0	0.0	0.0	0.0	1.0	2.0	0.0	0.0	0.0	0.0	2.0	0.0	0.0	0.0	6.0	0.0	45.0	0.0	0.0	0.0	51.0	0.0	0.0	0.0	0.0	0.0	50.0	0.0	156.0	1.0	1.0	25.0	0.0	0.0	1.0	0.0	0.0	0.0	62.0	0.0	0.0	0.0	0.0	0.0	0.0	0.0	0.0	65.0	16.0	0.0	17.0	1.0	0.0	1.0	0.0	0.0	0.0	0.0	0.0	0.0	9.0	0.0	0.0	0.0	0.0	1.0	0.0	0.0	0.0	12.0	0.0	0.0	0.0	0.0	0.0	0.0	0.0	0.0	0.0	40.0	20.0
Bacteria;Proteobacteria;Alphaproteobacteria;Sphingomonadales;Other;Other;Other	0.0	0.0	0.0	1.0	0.0	0.0	0.0	181.0	0.0	0.0	0.0	0.0	0.0	0.0	0.0	0.0	0.0	0.0	0.0	0.0	0.0	0.0	0.0	0.0	273.0	0.0	0.0	0.0	0.0	0.0	0.0	1.0	0.0	0.0	0.0	0.0	0.0	0.0	0.0	0.0	0.0	0.0	0.0	0.0	0.0	0.0	0.0	0.0	0.0	0.0	0.0	0.0	64.0	0.0	0.0	0.0	0.0	0.0	0.0	0.0	0.0	0.0	0.0	0.0	0.0	0.0	0.0	0.0	0.0	0.0	0.0	0.0	0.0	0.0	0.0	0.0	0.0	0.0	0.0	0.0	1.0	0.0	0.0	6.0	0.0	0.0	0.0	0.0
Bacteria;Proteobacteria;Alphaproteobacteria;Sphingomonadales;Sphingomonadaceae;Novosphingobium;Novosphingobium_capsulatum	108.0	954.0	939.0	27.0	535.0	241.0	528.0	658.0	668.0	449.0	99.0	4.0	14.0	197.0	836.0	76.0	39.0	215.0	123.0	187.0	700.0	156.0	461.0	626.0	546.0	8.0	1557.0	147.0	1209.0	368.0	276.0	543.0	365.0	735.0	55.0	517.0	87.0	125.0	229.0	79.0	2.0	453.0	79.0	430.0	0.0	636.0	173.0	501.0	89.0	483.0	211.0	998.0	528.0	261.0	220.0	67.0	7.0	45.0	153.0	83.0	831.0	47.0	580.0	32.0	1084.0	692.0	17.0	115.0	4.0	345.0	39.0	589.0	101.0	405.0	114.0	96.0	399.0	325.0	0.0	47.0	739.0	93.0	72.0	524.0	77.0	194.0	12.0	22.0
Bacteria;Proteobacteria;Alphaproteobacteria;Sphingomonadales;Sphingomonadaceae;Novosphingobium;Other	462.0	635.0	1.0	387.0	56.0	95.0	615.0	64.0	419.0	939.0	0.0	2.0	16.0	252.0	942.0	952.0	74.0	314.0	153.0	41.0	1032.0	110.0	36.0	249.0	403.0	204.0	359.0	0.0	8.0	45.0	304.0	2.0	173.0	1.0	8.0	239.0	30.0	139.0	301.0	390.0	36.0	164.0	42.0	549.0	576.0	1511.0	540.0	41.0	49.0	92.0	113.0	464.0	578.0	494.0	248.0	71.0	2.0	141.0	69.0	158.0	631.0	32.0	208.0	42.0	405.0	195.0	3.0	157.0	2.0	312.0	338.0	846.0	152.0	545.0	74.0	161.0	1.0	0.0	0.0	213.0	295.0	56.0	191.0	53.0	438.0	65.0	56.0	446.0
Bacteria;Proteobacteria;Alphaproteobacteria;Sphingomonadales;Sphingomonadaceae;Other;Other	0.0	0.0	0.0	0.0	0.0	0.0	0.0	0.0	0.0	0.0	0.0	0.0	200.0	0.0	0.0	0.0	0.0	0.0	0.0	0.0	0.0	0.0	0.0	152.0	0.0	0.0	0.0	0.0	0.0	0.0	0.0	0.0	0.0	0.0	0.0	0.0	0.0	0.0	43.0	0.0	0.0	0.0	0.0	0.0	0.0	0.0	0.0	0.0	0.0	0.0	0.0	0.0	0.0	0.0	0.0	0.0	0.0	0.0	0.0	0.0	0.0	0.0	0.0	0.0	0.0	0.0	0.0	1.0	0.0	0.0	0.0	0.0	0.0	0.0	0.0	0.0	0.0	0.0	0.0	0.0	0.0	0.0	0.0	0.0	0.0	0.0	0.0	0.0
Bacteria;Proteobacteria;Alphaproteobacteria;Sphingomonadales;Sphingomonadaceae;Sandarakinorhabdus;Other	0.0	0.0	0.0	0.0	0.0	0.0	0.0	0.0	0.0	0.0	0.0	0.0	0.0	0.0	0.0	0.0	0.0	0.0	0.0	0.0	0.0	0.0	0.0	0.0	0.0	0.0	0.0	0.0	0.0	0.0	0.0	0.0	0.0	0.0	0.0	0.0	0.0	0.0	0.0	0.0	0.0	0.0	0.0	0.0	0.0	0.0	0.0	0.0	0.0	0.0	0.0	0.0	0.0	0.0	0.0	0.0	0.0	0.0	0.0	0.0	0.0	0.0	0.0	0.0	0.0	0.0	0.0	0.0	3.0	0.0	0.0	0.0	0.0	0.0	0.0	0.0	0.0	0.0	0.0	0.0	0.0	0.0	0.0	0.0	0.0	0.0	0.0	0.0
Bacteria;Proteobacteria;Alphaproteobacteria;Sphingomonadales;Sphingomonadaceae;Sphingobium;Sphingobium_lactosutens_DS20	1.0	0.0	0.0	0.0	0.0	0.0	0.0	0.0	0.0	0.0	0.0	0.0	0.0	2.0	0.0	0.0	0.0	0.0	0.0	0.0	0.0	0.0	0.0	0.0	0.0	0.0	0.0	0.0	0.0	0.0	178.0	32.0	0.0	13.0	0.0	276.0	1.0	46.0	0.0	0.0	0.0	0.0	1.0	170.0	0.0	0.0	96.0	0.0	0.0	0.0	0.0	0.0	0.0	0.0	0.0	0.0	0.0	0.0	0.0	1.0	40.0	0.0	183.0	0.0	0.0	0.0	0.0	0.0	1.0	0.0	0.0	0.0	0.0	0.0	0.0	0.0	0.0	353.0	7.0	0.0	0.0	0.0	33.0	40.0	0.0	0.0	0.0	0.0
Bacteria;Proteobacteria;Alphaproteobacteria;Sphingomonadales;Sphingomonadaceae;Sphingobium;Sphingobium_xenophagum	370.0	38.0	1.0	12.0	0.0	0.0	319.0	327.0	235.0	0.0	107.0	2.0	0.0	82.0	272.0	726.0	0.0	1.0	169.0	162.0	47.0	59.0	1.0	34.0	79.0	49.0	388.0	49.0	44.0	127.0	0.0	1118.0	0.0	44.0	226.0	68.0	0.0	108.0	78.0	60.0	58.0	0.0	1.0	140.0	1201.0	0.0	74.0	0.0	29.0	42.0	146.0	0.0	0.0	519.0	15.0	71.0	7.0	5.0	88.0	102.0	33.0	2.0	145.0	25.0	748.0	3.0	10.0	70.0	40.0	240.0	5.0	114.0	67.0	376.0	21.0	0.0	55.0	1783.0	169.0	118.0	2.0	89.0	147.0	351.0	815.0	0.0	77.0	167.0
Bacteria;Proteobacteria;Alphaproteobacteria;Sphingomonadales;Sphingomonadaceae;Sphingomonas;Other	1261.0	1310.0	1430.0	447.0	560.0	2453.0	1676.0	922.0	437.0	1158.0	25755.0	68.0	41.0	680.0	2699.0	1539.0	149.0	1100.0	294.0	1341.0	783.0	1073.0	526.0	607.0	262.0	434.0	1870.0	848.0	481.0	217.0	1490.0	726.0	218.0	341.0	49.0	821.0	413.0	479.0	1041.0	999.0	65.0	2494.0	108.0	931.0	4398.0	1863.0	1026.0	1595.0	145.0	1018.0	276.0	999.0	727.0	441.0	594.0	282.0	34.0	586.0	91.0	378.0	949.0	38.0	624.0	492.0	990.0	2508.0	280.0	664.0	57.0	788.0	627.0	1326.0	388.0	588.0	67.0	1832.0	610.0	2748.0	1865.0	310.0	1616.0	1099.0	102.0	834.0	1017.0	1918.0	810.0	131.0
Bacteria;Proteobacteria;Alphaproteobacteria;Sphingomonadales;Sphingomonadaceae;Sphingomonas;Sphingomonas_faeni	0.0	0.0	1.0	367.0	0.0	205.0	291.0	0.0	0.0	0.0	1.0	4.0	0.0	1.0	173.0	0.0	0.0	0.0	0.0	0.0	0.0	0.0	0.0	0.0	0.0	0.0	9.0	0.0	0.0	146.0	1.0	195.0	0.0	2.0	0.0	0.0	0.0	8.0	0.0	0.0	2.0	5.0	0.0	0.0	83.0	0.0	0.0	8.0	0.0	0.0	0.0	0.0	0.0	0.0	0.0	0.0	0.0	0.0	0.0	5.0	0.0	10.0	0.0	0.0	0.0	1.0	1.0	189.0	0.0	14.0	0.0	1.0	0.0	0.0	0.0	87.0	0.0	163.0	0.0	0.0	0.0	0.0	0.0	69.0	1.0	0.0	0.0	0.0
Bacteria;Proteobacteria;Alphaproteobacteria;Sphingomonadales;Sphingomonadaceae;Sphingomonas;Sphingomonas_paucimobilis	6511.0	4949.0	9388.0	4423.0	8097.0	17180.0	8028.0	5253.0	9890.0	8336.0	1196.0	32.0	372.0	4032.0	9454.0	7332.0	755.0	4802.0	3951.0	5494.0	5311.0	2946.0	4125.0	3535.0	8235.0	1895.0	16969.0	3800.0	6732.0	2628.0	5762.0	6453.0	1965.0	3017.0	2143.0	6978.0	3315.0	7151.0	5156.0	6597.0	456.0	5692.0	730.0	4908.0	19139.0	13879.0	8034.0	6631.0	995.0	6258.0	2679.0	9298.0	12418.0	6396.0	1817.0	2742.0	251.0	2809.0	937.0	5943.0	8271.0	212.0	5222.0	3234.0	14676.0	13459.0	2637.0	3089.0	267.0	3825.0	4407.0	7209.0	2054.0	4895.0	1165.0	8745.0	4163.0	12029.0	8088.0	1667.0	5857.0	11279.0	3522.0	3671.0	13296.0	13441.0	3747.0	5663.0
Bacteria;Proteobacteria;Betaproteobacteria;Burkholderiales;Alcaligenaceae;Achromobacter;Achromobacter_xylosoxidans	127.0	157.0	0.0	0.0	0.0	0.0	74.0	116.0	0.0	0.0	0.0	0.0	3758.0	0.0	2.0	0.0	17.0	0.0	0.0	0.0	0.0	0.0	0.0	7.0	115.0	0.0	0.0	69.0	0.0	0.0	13.0	0.0	57.0	0.0	0.0	0.0	0.0	0.0	32.0	0.0	4977.0	0.0	3.0	255.0	0.0	0.0	0.0	125.0	42.0	0.0	0.0	0.0	0.0	63.0	782.0	0.0	48.0	4.0	1.0	0.0	0.0	8.0	255.0	0.0	0.0	0.0	0.0	19.0	54.0	0.0	0.0	26.0	21.0	0.0	0.0	0.0	61.0	19.0	0.0	27.0	64.0	0.0	0.0	19.0	0.0	0.0	0.0	0.0
Bacteria;Proteobacteria;Betaproteobacteria;Burkholderiales;Alcaligenaceae;Achromobacter;Other	0.0	0.0	0.0	0.0	173.0	0.0	0.0	0.0	0.0	0.0	0.0	0.0	18.0	0.0	0.0	0.0	0.0	0.0	0.0	0.0	0.0	0.0	0.0	0.0	0.0	0.0	0.0	0.0	0.0	0.0	0.0	0.0	0.0	0.0	0.0	0.0	0.0	0.0	0.0	0.0	7.0	0.0	0.0	1.0	0.0	0.0	0.0	0.0	0.0	0.0	0.0	0.0	0.0	0.0	0.0	0.0	0.0	0.0	0.0	0.0	0.0	0.0	0.0	0.0	0.0	0.0	0.0	0.0	0.0	0.0	0.0	0.0	0.0	0.0	0.0	0.0	0.0	2.0	301.0	0.0	1.0	0.0	0.0	0.0	0.0	0.0	0.0	0.0
Bacteria;Proteobacteria;Betaproteobacteria;Burkholderiales;Alcaligenaceae;Alcaligenes;Other	0.0	0.0	0.0	0.0	0.0	0.0	0.0	0.0	0.0	0.0	18.0	0.0	0.0	0.0	0.0	0.0	0.0	0.0	0.0	0.0	0.0	0.0	0.0	0.0	0.0	0.0	0.0	0.0	0.0	0.0	0.0	0.0	0.0	0.0	0.0	0.0	0.0	0.0	0.0	0.0	1.0	0.0	0.0	0.0	0.0	0.0	0.0	0.0	0.0	0.0	0.0	143.0	0.0	0.0	0.0	0.0	0.0	0.0	0.0	0.0	216.0	0.0	0.0	0.0	1.0	0.0	0.0	0.0	1.0	0.0	0.0	0.0	0.0	0.0	0.0	0.0	0.0	0.0	0.0	0.0	0.0	0.0	0.0	0.0	0.0	0.0	0.0	0.0
Bacteria;Proteobacteria;Betaproteobacteria;Burkholderiales;Alcaligenaceae;Bordetella;Other	0.0	0.0	0.0	0.0	0.0	0.0	0.0	0.0	0.0	0.0	0.0	0.0	6.0	0.0	0.0	0.0	0.0	0.0	0.0	0.0	0.0	0.0	0.0	0.0	0.0	0.0	0.0	0.0	0.0	0.0	0.0	0.0	0.0	0.0	0.0	0.0	0.0	0.0	0.0	0.0	1.0	0.0	0.0	0.0	0.0	0.0	0.0	0.0	0.0	0.0	0.0	0.0	0.0	0.0	2.0	0.0	0.0	0.0	0.0	0.0	0.0	0.0	0.0	0.0	0.0	0.0	0.0	0.0	0.0	0.0	0.0	0.0	0.0	0.0	0.0	0.0	0.0	0.0	0.0	0.0	0.0	0.0	0.0	0.0	0.0	0.0	0.0	0.0
Bacteria;Proteobacteria;Betaproteobacteria;Burkholderiales;Alcaligenaceae;Candidimonas;Achromobacter_sp._MTCC_11931	0.0	0.0	0.0	0.0	0.0	0.0	0.0	0.0	0.0	0.0	0.0	0.0	50.0	0.0	0.0	0.0	0.0	0.0	0.0	0.0	0.0	0.0	0.0	0.0	0.0	0.0	0.0	0.0	0.0	0.0	0.0	0.0	0.0	0.0	0.0	0.0	0.0	0.0	0.0	0.0	51.0	0.0	0.0	0.0	0.0	0.0	0.0	5.0	0.0	0.0	0.0	0.0	0.0	0.0	0.0	0.0	0.0	0.0	0.0	0.0	0.0	0.0	0.0	0.0	0.0	0.0	0.0	0.0	0.0	0.0	0.0	0.0	0.0	0.0	13.0	0.0	0.0	0.0	0.0	0.0	0.0	0.0	0.0	0.0	0.0	0.0	0.0	0.0
Bacteria;Proteobacteria;Betaproteobacteria;Burkholderiales;Alcaligenaceae;Derxia;Other	0.0	0.0	0.0	0.0	0.0	16.0	126.0	0.0	0.0	46.0	0.0	0.0	0.0	1.0	0.0	0.0	0.0	0.0	0.0	0.0	28.0	65.0	0.0	1.0	0.0	0.0	0.0	0.0	8.0	0.0	0.0	0.0	0.0	0.0	0.0	0.0	0.0	0.0	0.0	0.0	0.0	137.0	3.0	26.0	0.0	216.0	140.0	0.0	0.0	18.0	29.0	7.0	1.0	0.0	0.0	0.0	0.0	4.0	7.0	2.0	0.0	0.0	0.0	0.0	0.0	0.0	0.0	21.0	1.0	0.0	68.0	0.0	0.0	0.0	0.0	209.0	0.0	0.0	0.0	0.0	0.0	0.0	26.0	0.0	0.0	0.0	2.0	21.0
Bacteria;Proteobacteria;Betaproteobacteria;Burkholderiales;Alcaligenaceae;Other;Other	0.0	13.0	0.0	1.0	0.0	0.0	0.0	1.0	0.0	0.0	0.0	2.0	11613.0	26.0	0.0	0.0	5.0	0.0	7.0	0.0	0.0	155.0	20.0	10.0	70.0	35.0	0.0	0.0	0.0	0.0	23.0	0.0	1.0	0.0	0.0	0.0	0.0	80.0	4.0	0.0	2059.0	0.0	0.0	26.0	0.0	0.0	292.0	16.0	0.0	0.0	0.0	0.0	0.0	120.0	92.0	0.0	75.0	1.0	0.0	0.0	0.0	2.0	0.0	239.0	0.0	1.0	0.0	57.0	18.0	17.0	0.0	3.0	9.0	38.0	0.0	0.0	4.0	5.0	0.0	3.0	8.0	0.0	0.0	21.0	0.0	0.0	0.0	0.0
Bacteria;Proteobacteria;Betaproteobacteria;Burkholderiales;Alcaligenaceae;Parasutterella;Other	0.0	0.0	0.0	0.0	0.0	0.0	0.0	0.0	0.0	0.0	16.0	156.0	16.0	0.0	0.0	0.0	25.0	1.0	0.0	0.0	0.0	0.0	0.0	52.0	0.0	0.0	0.0	0.0	0.0	11.0	0.0	0.0	0.0	38.0	192.0	0.0	0.0	0.0	43.0	0.0	3.0	0.0	0.0	0.0	0.0	0.0	0.0	0.0	0.0	0.0	149.0	0.0	0.0	0.0	0.0	87.0	22.0	101.0	63.0	0.0	0.0	0.0	0.0	0.0	0.0	0.0	1.0	0.0	23.0	0.0	0.0	0.0	0.0	0.0	0.0	0.0	0.0	0.0	0.0	0.0	0.0	208.0	0.0	0.0	0.0	0.0	0.0	0.0
Bacteria;Proteobacteria;Betaproteobacteria;Burkholderiales;Alcaligenaceae;Pigmentiphaga;Other	0.0	0.0	0.0	0.0	0.0	0.0	0.0	0.0	0.0	0.0	0.0	0.0	384.0	0.0	0.0	0.0	0.0	0.0	1.0	0.0	0.0	0.0	0.0	0.0	0.0	0.0	0.0	0.0	0.0	9.0	0.0	0.0	0.0	0.0	0.0	0.0	0.0	0.0	0.0	0.0	201.0	0.0	5.0	0.0	0.0	0.0	0.0	0.0	0.0	0.0	0.0	0.0	0.0	0.0	0.0	0.0	0.0	0.0	0.0	0.0	0.0	0.0	365.0	0.0	0.0	0.0	0.0	0.0	0.0	0.0	1.0	35.0	0.0	0.0	0.0	0.0	0.0	0.0	0.0	0.0	0.0	0.0	0.0	0.0	0.0	215.0	0.0	0.0
Bacteria;Proteobacteria;Betaproteobacteria;Burkholderiales;Alcaligenaceae;Pusillimonas;Castellaniella_denitrificans	0.0	0.0	0.0	0.0	0.0	0.0	0.0	0.0	0.0	17.0	0.0	2.0	371.0	0.0	0.0	0.0	0.0	0.0	0.0	0.0	0.0	0.0	0.0	0.0	0.0	0.0	0.0	0.0	0.0	0.0	0.0	0.0	0.0	0.0	0.0	0.0	0.0	0.0	0.0	0.0	171.0	0.0	0.0	0.0	0.0	0.0	0.0	0.0	0.0	0.0	0.0	0.0	0.0	0.0	0.0	0.0	0.0	0.0	0.0	0.0	0.0	0.0	0.0	0.0	0.0	0.0	0.0	2.0	0.0	0.0	0.0	0.0	0.0	0.0	0.0	0.0	0.0	0.0	0.0	0.0	0.0	0.0	0.0	6.0	0.0	0.0	0.0	0.0
Bacteria;Proteobacteria;Betaproteobacteria;Burkholderiales;Alcaligenaceae;Pusillimonas;Other	0.0	0.0	0.0	0.0	0.0	0.0	0.0	0.0	0.0	0.0	0.0	0.0	8.0	0.0	0.0	0.0	0.0	0.0	0.0	0.0	0.0	0.0	0.0	0.0	0.0	0.0	0.0	0.0	0.0	0.0	0.0	0.0	0.0	0.0	0.0	0.0	0.0	0.0	0.0	0.0	70.0	1.0	0.0	0.0	0.0	0.0	0.0	0.0	0.0	0.0	0.0	0.0	0.0	0.0	0.0	0.0	0.0	0.0	0.0	0.0	0.0	0.0	0.0	0.0	0.0	0.0	0.0	0.0	0.0	0.0	0.0	0.0	0.0	0.0	0.0	0.0	0.0	0.0	0.0	0.0	0.0	0.0	0.0	0.0	0.0	0.0	0.0	0.0
Bacteria;Proteobacteria;Betaproteobacteria;Burkholderiales;Alcaligenaceae;Sutterella;Other	36.0	0.0	76.0	40.0	99.0	5.0	0.0	61.0	0.0	314.0	0.0	78.0	24.0	462.0	0.0	1.0	183.0	133.0	84.0	52.0	0.0	142.0	343.0	78.0	0.0	3.0	0.0	127.0	410.0	492.0	342.0	55.0	288.0	333.0	2.0	0.0	184.0	0.0	368.0	0.0	209.0	0.0	92.0	194.0	1.0	0.0	89.0	234.0	223.0	0.0	85.0	187.0	730.0	424.0	14.0	42.0	116.0	251.0	20.0	174.0	0.0	276.0	236.0	67.0	0.0	2.0	49.0	28.0	53.0	152.0	134.0	413.0	156.0	660.0	511.0	103.0	17.0	0.0	1.0	696.0	0.0	411.0	496.0	523.0	0.0	193.0	99.0	34.0
Bacteria;Proteobacteria;Betaproteobacteria;Burkholderiales;Alcaligenaceae;Sutterella;Parasutterella_secunda	0.0	0.0	0.0	0.0	0.0	0.0	0.0	0.0	0.0	0.0	0.0	2.0	0.0	0.0	0.0	0.0	0.0	0.0	0.0	0.0	0.0	0.0	0.0	0.0	0.0	0.0	0.0	0.0	0.0	0.0	0.0	0.0	0.0	0.0	0.0	0.0	0.0	0.0	29.0	0.0	0.0	0.0	0.0	0.0	0.0	0.0	0.0	0.0	0.0	0.0	0.0	0.0	0.0	0.0	0.0	0.0	13.0	0.0	0.0	0.0	0.0	0.0	0.0	0.0	0.0	0.0	0.0	7.0	0.0	0.0	0.0	0.0	0.0	0.0	8.0	0.0	0.0	0.0	0.0	0.0	0.0	0.0	0.0	0.0	0.0	0.0	0.0	0.0
Bacteria;Proteobacteria;Betaproteobacteria;Burkholderiales;Alcaligenaceae;Sutterella;Sutterella_parvirubra	0.0	0.0	0.0	0.0	0.0	0.0	0.0	0.0	0.0	0.0	0.0	1.0	0.0	0.0	0.0	0.0	0.0	0.0	0.0	0.0	0.0	0.0	0.0	0.0	0.0	0.0	0.0	0.0	0.0	0.0	0.0	0.0	0.0	0.0	0.0	0.0	0.0	0.0	0.0	0.0	0.0	0.0	0.0	0.0	0.0	0.0	0.0	0.0	0.0	0.0	0.0	0.0	0.0	0.0	0.0	0.0	0.0	0.0	0.0	0.0	0.0	0.0	0.0	0.0	0.0	0.0	0.0	0.0	7.0	0.0	0.0	0.0	0.0	0.0	0.0	0.0	0.0	0.0	0.0	0.0	0.0	0.0	0.0	0.0	0.0	0.0	0.0	0.0
Bacteria;Proteobacteria;Betaproteobacteria;Burkholderiales;Burkholderiaceae;Burkholderia;Burkholderia_caledonica	178.0	50.0	0.0	0.0	0.0	663.0	290.0	301.0	0.0	178.0	60.0	1.0	0.0	1.0	0.0	0.0	29.0	267.0	0.0	85.0	16.0	95.0	136.0	0.0	7.0	44.0	364.0	10.0	81.0	64.0	0.0	311.0	18.0	25.0	0.0	269.0	2.0	247.0	0.0	67.0	3.0	138.0	9.0	248.0	0.0	0.0	2.0	1.0	52.0	101.0	105.0	492.0	0.0	257.0	3.0	165.0	1.0	36.0	54.0	0.0	6.0	0.0	230.0	2.0	810.0	468.0	8.0	81.0	0.0	0.0	115.0	172.0	10.0	0.0	26.0	0.0	0.0	0.0	0.0	45.0	1.0	326.0	0.0	58.0	677.0	0.0	0.0	0.0
Bacteria;Proteobacteria;Betaproteobacteria;Burkholderiales;Burkholderiaceae;Burkholderia;Burkholderia_ferrariae	218.0	118.0	0.0	164.0	0.0	88.0	0.0	174.0	389.0	38.0	39.0	0.0	0.0	1.0	1.0	601.0	0.0	0.0	21.0	1.0	0.0	0.0	74.0	159.0	5.0	0.0	629.0	34.0	173.0	0.0	0.0	32.0	0.0	0.0	0.0	0.0	125.0	0.0	25.0	0.0	0.0	31.0	0.0	35.0	0.0	191.0	178.0	0.0	12.0	273.0	0.0	1.0	44.0	440.0	0.0	40.0	1.0	0.0	42.0	0.0	0.0	0.0	0.0	0.0	0.0	1.0	69.0	22.0	2.0	1.0	123.0	0.0	57.0	0.0	41.0	0.0	0.0	0.0	0.0	0.0	129.0	267.0	43.0	54.0	511.0	0.0	41.0	56.0
Bacteria;Proteobacteria;Betaproteobacteria;Burkholderiales;Burkholderiaceae;Burkholderia;Burkholderia_multivorans	0.0	0.0	0.0	0.0	177.0	0.0	28.0	0.0	0.0	0.0	0.0	0.0	0.0	0.0	0.0	135.0	0.0	0.0	0.0	0.0	0.0	66.0	0.0	1.0	0.0	11.0	0.0	0.0	0.0	0.0	0.0	0.0	0.0	0.0	2.0	0.0	0.0	0.0	68.0	0.0	4.0	144.0	0.0	0.0	31.0	0.0	0.0	1.0	8.0	0.0	0.0	0.0	0.0	88.0	0.0	0.0	0.0	27.0	0.0	0.0	0.0	0.0	0.0	0.0	0.0	0.0	0.0	0.0	0.0	0.0	0.0	42.0	0.0	71.0	0.0	0.0	0.0	1.0	61.0	0.0	0.0	0.0	0.0	0.0	0.0	0.0	0.0	0.0
Bacteria;Proteobacteria;Betaproteobacteria;Burkholderiales;Burkholderiaceae;Cupriavidus;Cupriavidus_pauculus	0.0	56.0	0.0	94.0	14.0	0.0	569.0	0.0	0.0	0.0	0.0	0.0	0.0	2.0	0.0	1.0	0.0	0.0	22.0	63.0	2.0	0.0	0.0	0.0	1.0	0.0	0.0	0.0	36.0	0.0	0.0	65.0	0.0	1.0	21.0	0.0	147.0	0.0	1.0	0.0	0.0	1.0	0.0	1.0	0.0	9.0	0.0	0.0	1.0	0.0	0.0	0.0	0.0	4.0	50.0	0.0	0.0	1.0	1.0	0.0	42.0	0.0	79.0	0.0	0.0	60.0	8.0	0.0	12.0	288.0	128.0	0.0	0.0	140.0	0.0	0.0	0.0	634.0	259.0	0.0	5.0	0.0	5.0	98.0	0.0	81.0	0.0	0.0
Bacteria;Proteobacteria;Betaproteobacteria;Burkholderiales;Burkholderiaceae;Lautropia;Other	0.0	0.0	0.0	0.0	0.0	0.0	0.0	0.0	0.0	0.0	0.0	0.0	0.0	0.0	0.0	0.0	0.0	0.0	0.0	0.0	0.0	0.0	0.0	0.0	0.0	0.0	0.0	0.0	0.0	0.0	0.0	0.0	0.0	0.0	0.0	0.0	0.0	0.0	0.0	0.0	0.0	0.0	0.0	20.0	0.0	0.0	0.0	0.0	0.0	0.0	0.0	0.0	0.0	0.0	0.0	0.0	0.0	0.0	0.0	0.0	0.0	0.0	0.0	0.0	0.0	0.0	0.0	0.0	0.0	0.0	0.0	0.0	0.0	0.0	0.0	0.0	0.0	0.0	0.0	0.0	0.0	0.0	0.0	0.0	0.0	0.0	0.0	0.0
Bacteria;Proteobacteria;Betaproteobacteria;Burkholderiales;Burkholderiaceae;Limnobacter;Other	27.0	0.0	25.0	0.0	0.0	0.0	190.0	400.0	219.0	0.0	0.0	0.0	0.0	0.0	0.0	344.0	5.0	0.0	24.0	1.0	58.0	0.0	0.0	0.0	150.0	1.0	0.0	0.0	0.0	204.0	33.0	271.0	73.0	0.0	0.0	0.0	0.0	122.0	82.0	2.0	0.0	0.0	3.0	0.0	1.0	0.0	229.0	0.0	25.0	0.0	0.0	0.0	0.0	0.0	6.0	3.0	1.0	0.0	0.0	0.0	0.0	0.0	0.0	0.0	73.0	0.0	0.0	5.0	0.0	221.0	3.0	352.0	0.0	57.0	0.0	0.0	49.0	0.0	0.0	0.0	1.0	240.0	115.0	1.0	0.0	0.0	80.0	0.0
Bacteria;Proteobacteria;Betaproteobacteria;Burkholderiales;Burkholderiaceae;Ralstonia;Ralstonia_pickettii	447.0	0.0	602.0	0.0	2.0	27.0	0.0	156.0	11.0	0.0	21.0	1.0	1.0	75.0	6.0	0.0	31.0	62.0	22.0	16.0	155.0	163.0	7.0	20.0	6.0	8.0	252.0	0.0	165.0	1.0	0.0	591.0	60.0	0.0	9.0	0.0	0.0	16.0	73.0	11.0	0.0	2.0	2.0	63.0	147.0	0.0	67.0	2.0	0.0	390.0	67.0	16.0	0.0	74.0	65.0	9.0	2.0	62.0	36.0	61.0	0.0	0.0	226.0	11.0	0.0	0.0	1.0	168.0	0.0	0.0	3.0	313.0	384.0	18.0	0.0	153.0	57.0	0.0	0.0	36.0	0.0	971.0	235.0	0.0	351.0	43.0	6.0	93.0
Bacteria;Proteobacteria;Betaproteobacteria;Burkholderiales;Comamonadaceae;Acidovorax;Acidovorax_oryzae	190.0	344.0	151.0	165.0	1145.0	98.0	634.0	250.0	67.0	27.0	0.0	0.0	1.0	477.0	962.0	244.0	8.0	492.0	190.0	43.0	438.0	170.0	186.0	252.0	547.0	43.0	108.0	214.0	589.0	231.0	531.0	404.0	260.0	108.0	86.0	307.0	172.0	13.0	69.0	450.0	9.0	521.0	48.0	87.0	1.0	207.0	387.0	211.0	3.0	380.0	206.0	267.0	851.0	257.0	90.0	11.0	8.0	44.0	113.0	20.0	375.0	8.0	364.0	207.0	412.0	607.0	86.0	72.0	16.0	42.0	94.0	392.0	94.0	318.0	67.0	854.0	13.0	978.0	83.0	159.0	150.0	379.0	25.0	65.0	810.0	155.0	188.0	249.0
Bacteria;Proteobacteria;Betaproteobacteria;Burkholderiales;Comamonadaceae;Aquabacterium;Other	311.0	1035.0	109.0	82.0	89.0	254.0	1087.0	610.0	1147.0	740.0	34.0	1.0	14.0	514.0	421.0	127.0	153.0	161.0	572.0	1128.0	2412.0	466.0	590.0	296.0	673.0	437.0	300.0	342.0	502.0	195.0	317.0	791.0	429.0	426.0	446.0	340.0	585.0	316.0	457.0	2151.0	50.0	1031.0	83.0	977.0	1010.0	362.0	1715.0	662.0	36.0	1290.0	40.0	1392.0	1696.0	1445.0	291.0	312.0	10.0	1010.0	65.0	832.0	1970.0	26.0	898.0	371.0	820.0	1538.0	55.0	405.0	32.0	649.0	70.0	474.0	283.0	477.0	21.0	1396.0	254.0	1522.0	242.0	150.0	390.0	436.0	123.0	331.0	1860.0	796.0	138.0	775.0
Bacteria;Proteobacteria;Betaproteobacteria;Burkholderiales;Comamonadaceae;Aquincola;Other	0.0	0.0	0.0	0.0	0.0	0.0	0.0	0.0	0.0	0.0	0.0	0.0	0.0	0.0	0.0	0.0	0.0	0.0	0.0	0.0	0.0	2.0	0.0	1.0	0.0	0.0	0.0	0.0	0.0	0.0	0.0	0.0	0.0	0.0	0.0	0.0	0.0	0.0	0.0	0.0	0.0	0.0	0.0	0.0	0.0	0.0	0.0	0.0	0.0	0.0	0.0	0.0	0.0	0.0	0.0	0.0	0.0	0.0	0.0	0.0	0.0	0.0	0.0	0.0	0.0	0.0	0.0	0.0	0.0	0.0	0.0	0.0	0.0	0.0	0.0	0.0	0.0	0.0	0.0	0.0	0.0	0.0	0.0	0.0	0.0	0.0	0.0	0.0
Bacteria;Proteobacteria;Betaproteobacteria;Burkholderiales;Comamonadaceae;Azohydromonas;Other	0.0	0.0	0.0	0.0	0.0	0.0	0.0	0.0	0.0	0.0	0.0	0.0	0.0	1.0	0.0	0.0	0.0	0.0	0.0	0.0	0.0	0.0	0.0	0.0	0.0	0.0	0.0	0.0	0.0	0.0	0.0	0.0	0.0	0.0	0.0	0.0	0.0	0.0	25.0	0.0	0.0	0.0	0.0	0.0	0.0	0.0	0.0	90.0	0.0	0.0	0.0	0.0	0.0	0.0	0.0	0.0	0.0	1.0	0.0	0.0	0.0	0.0	0.0	0.0	0.0	0.0	0.0	0.0	0.0	0.0	0.0	0.0	0.0	0.0	0.0	0.0	0.0	0.0	0.0	0.0	0.0	0.0	0.0	0.0	0.0	0.0	0.0	0.0
Bacteria;Proteobacteria;Betaproteobacteria;Burkholderiales;Comamonadaceae;Comamonas;Comamonas_aquatica	0.0	0.0	3.0	1.0	1.0	0.0	162.0	39.0	8.0	0.0	0.0	0.0	0.0	41.0	0.0	4.0	0.0	0.0	76.0	105.0	0.0	0.0	117.0	8.0	114.0	0.0	268.0	0.0	252.0	2.0	56.0	0.0	0.0	0.0	23.0	295.0	0.0	0.0	10.0	124.0	12.0	0.0	0.0	0.0	277.0	42.0	0.0	90.0	2.0	0.0	1.0	183.0	0.0	162.0	0.0	0.0	5.0	1.0	24.0	1.0	215.0	5.0	68.0	15.0	31.0	226.0	19.0	125.0	0.0	396.0	67.0	0.0	0.0	0.0	11.0	102.0	0.0	0.0	0.0	0.0	0.0	0.0	0.0	0.0	0.0	0.0	0.0	0.0
Bacteria;Proteobacteria;Betaproteobacteria;Burkholderiales;Comamonadaceae;Comamonas;Comamonas_testosteroni	0.0	41.0	1117.0	0.0	104.0	0.0	0.0	22.0	0.0	226.0	0.0	0.0	0.0	33.0	0.0	0.0	0.0	1.0	209.0	3.0	0.0	0.0	0.0	45.0	0.0	11.0	0.0	10.0	0.0	0.0	59.0	0.0	29.0	6.0	0.0	0.0	2.0	18.0	0.0	0.0	81.0	0.0	0.0	0.0	0.0	0.0	0.0	1.0	0.0	0.0	0.0	0.0	0.0	0.0	0.0	0.0	3.0	0.0	5.0	18.0	0.0	13.0	0.0	0.0	0.0	1.0	38.0	0.0	1.0	0.0	45.0	13.0	0.0	0.0	24.0	0.0	0.0	84.0	0.0	0.0	0.0	0.0	0.0	9.0	0.0	364.0	0.0	0.0
Bacteria;Proteobacteria;Betaproteobacteria;Burkholderiales;Comamonadaceae;Curvibacter;Other	1975.0	1549.0	796.0	1083.0	1262.0	1580.0	3363.0	1180.0	4112.0	1802.0	201.0	10.0	90.0	1243.0	2013.0	1375.0	322.0	1276.0	517.0	1436.0	2525.0	1290.0	1070.0	953.0	3036.0	308.0	4061.0	1314.0	1546.0	425.0	1424.0	2599.0	878.0	622.0	683.0	2166.0	494.0	3650.0	1507.0	1932.0	130.0	2785.0	184.0	922.0	1626.0	4453.0	1796.0	991.0	277.0	1061.0	353.0	1732.0	1660.0	2189.0	519.0	1227.0	62.0	624.0	600.0	1069.0	2373.0	99.0	1305.0	1388.0	2593.0	2715.0	662.0	698.0	61.0	1558.0	872.0	1894.0	728.0	1048.0	364.0	1772.0	979.0	3660.0	3222.0	356.0	1262.0	1687.0	2162.0	705.0	1858.0	2732.0	972.0	1036.0
Bacteria;Proteobacteria;Betaproteobacteria;Burkholderiales;Comamonadaceae;Delftia;Other	1.0	140.0	1.0	2.0	88.0	28.0	525.0	1.0	28.0	236.0	1.0	0.0	0.0	87.0	2.0	0.0	1.0	138.0	0.0	5.0	199.0	0.0	5.0	2.0	0.0	15.0	747.0	0.0	0.0	1.0	0.0	0.0	7.0	0.0	2.0	2.0	0.0	3.0	52.0	137.0	0.0	0.0	6.0	43.0	4.0	7.0	1.0	432.0	0.0	28.0	0.0	246.0	1.0	41.0	0.0	2.0	0.0	49.0	1.0	15.0	174.0	1.0	192.0	48.0	58.0	161.0	71.0	10.0	0.0	0.0	158.0	290.0	95.0	154.0	0.0	3.0	71.0	169.0	1.0	0.0	5.0	3.0	48.0	2.0	0.0	0.0	3.0	0.0
Bacteria;Proteobacteria;Betaproteobacteria;Burkholderiales;Comamonadaceae;Hydrogenophaga;Other	0.0	37.0	0.0	1.0	0.0	0.0	0.0	27.0	4.0	63.0	0.0	0.0	0.0	0.0	558.0	114.0	15.0	0.0	2.0	118.0	20.0	0.0	387.0	5.0	167.0	31.0	818.0	0.0	46.0	0.0	41.0	0.0	0.0	0.0	0.0	0.0	0.0	80.0	0.0	180.0	0.0	0.0	0.0	0.0	0.0	0.0	0.0	37.0	28.0	0.0	0.0	0.0	0.0	43.0	1.0	0.0	0.0	0.0	47.0	1.0	0.0	0.0	0.0	0.0	0.0	0.0	0.0	0.0	0.0	286.0	1.0	0.0	66.0	0.0	0.0	0.0	0.0	33.0	0.0	0.0	0.0	0.0	162.0	0.0	0.0	0.0	0.0	16.0
Bacteria;Proteobacteria;Betaproteobacteria;Burkholderiales;Comamonadaceae;Leptothrix;Other	0.0	0.0	0.0	0.0	0.0	0.0	0.0	0.0	0.0	0.0	0.0	0.0	2.0	0.0	0.0	0.0	1.0	1.0	0.0	7.0	0.0	0.0	0.0	0.0	0.0	23.0	0.0	0.0	0.0	0.0	0.0	0.0	93.0	0.0	0.0	0.0	0.0	0.0	49.0	0.0	0.0	0.0	0.0	1.0	0.0	247.0	0.0	0.0	0.0	0.0	0.0	0.0	85.0	0.0	0.0	0.0	0.0	0.0	0.0	0.0	0.0	0.0	0.0	0.0	0.0	527.0	43.0	0.0	0.0	9.0	0.0	134.0	0.0	253.0	0.0	0.0	0.0	0.0	0.0	0.0	51.0	32.0	0.0	4.0	0.0	0.0	255.0	0.0
Bacteria;Proteobacteria;Betaproteobacteria;Burkholderiales;Comamonadaceae;Methylibium;Other	0.0	0.0	0.0	0.0	0.0	0.0	0.0	0.0	0.0	0.0	0.0	0.0	0.0	0.0	0.0	0.0	0.0	3.0	0.0	0.0	0.0	0.0	0.0	0.0	0.0	0.0	0.0	0.0	0.0	0.0	0.0	0.0	0.0	157.0	0.0	0.0	0.0	0.0	0.0	0.0	0.0	0.0	0.0	0.0	0.0	0.0	0.0	0.0	0.0	0.0	0.0	0.0	0.0	0.0	0.0	0.0	0.0	0.0	0.0	0.0	0.0	0.0	1.0	0.0	0.0	0.0	0.0	0.0	0.0	0.0	0.0	0.0	0.0	0.0	0.0	0.0	0.0	0.0	0.0	0.0	0.0	0.0	0.0	0.0	0.0	0.0	0.0	0.0
Bacteria;Proteobacteria;Betaproteobacteria;Burkholderiales;Comamonadaceae;Other;Other	0.0	0.0	0.0	0.0	0.0	0.0	0.0	0.0	0.0	0.0	0.0	0.0	0.0	0.0	0.0	0.0	1.0	0.0	0.0	0.0	0.0	0.0	0.0	0.0	0.0	0.0	0.0	0.0	54.0	0.0	0.0	0.0	0.0	0.0	0.0	0.0	0.0	0.0	0.0	0.0	0.0	0.0	0.0	0.0	0.0	54.0	0.0	1.0	0.0	0.0	0.0	0.0	0.0	0.0	0.0	0.0	1.0	0.0	0.0	0.0	1.0	0.0	0.0	0.0	58.0	0.0	0.0	0.0	2.0	0.0	0.0	0.0	0.0	0.0	21.0	0.0	0.0	0.0	0.0	0.0	0.0	0.0	0.0	0.0	0.0	0.0	0.0	0.0
Bacteria;Proteobacteria;Betaproteobacteria;Burkholderiales;Comamonadaceae;Ottowia;Other	0.0	0.0	0.0	0.0	0.0	0.0	0.0	0.0	0.0	0.0	0.0	0.0	0.0	0.0	0.0	0.0	0.0	0.0	0.0	0.0	0.0	0.0	0.0	0.0	0.0	0.0	0.0	0.0	0.0	0.0	0.0	0.0	0.0	0.0	0.0	0.0	0.0	0.0	0.0	0.0	2.0	0.0	0.0	0.0	0.0	0.0	0.0	0.0	0.0	0.0	0.0	0.0	0.0	0.0	0.0	0.0	0.0	0.0	0.0	0.0	0.0	0.0	0.0	0.0	0.0	0.0	0.0	0.0	0.0	0.0	0.0	0.0	0.0	0.0	0.0	0.0	0.0	0.0	0.0	0.0	0.0	0.0	0.0	0.0	0.0	0.0	0.0	0.0
Bacteria;Proteobacteria;Betaproteobacteria;Burkholderiales;Comamonadaceae;Paucibacter;Other	0.0	0.0	3.0	0.0	0.0	140.0	445.0	0.0	0.0	0.0	2.0	0.0	8.0	0.0	0.0	0.0	0.0	0.0	0.0	0.0	0.0	36.0	0.0	1.0	0.0	0.0	0.0	0.0	0.0	0.0	0.0	0.0	46.0	0.0	0.0	0.0	0.0	1.0	0.0	36.0	0.0	0.0	0.0	21.0	0.0	0.0	0.0	0.0	0.0	0.0	0.0	0.0	296.0	208.0	0.0	0.0	0.0	0.0	0.0	0.0	29.0	15.0	0.0	0.0	0.0	226.0	0.0	0.0	1.0	0.0	0.0	0.0	0.0	0.0	0.0	0.0	3.0	0.0	0.0	0.0	0.0	0.0	0.0	0.0	0.0	0.0	113.0	14.0
Bacteria;Proteobacteria;Betaproteobacteria;Burkholderiales;Comamonadaceae;Pelomonas;Other	0.0	0.0	0.0	212.0	0.0	166.0	370.0	100.0	247.0	44.0	0.0	0.0	11.0	91.0	476.0	513.0	34.0	28.0	52.0	197.0	41.0	21.0	3.0	219.0	448.0	54.0	88.0	0.0	0.0	88.0	434.0	1.0	107.0	141.0	105.0	0.0	58.0	107.0	18.0	221.0	14.0	316.0	16.0	0.0	104.0	124.0	317.0	18.0	16.0	0.0	82.0	204.0	17.0	0.0	77.0	2.0	5.0	43.0	0.0	15.0	546.0	1.0	93.0	84.0	18.0	206.0	1.0	4.0	1.0	328.0	1.0	166.0	173.0	0.0	47.0	0.0	8.0	188.0	0.0	0.0	97.0	199.0	372.0	5.0	73.0	0.0	0.0	390.0
Bacteria;Proteobacteria;Betaproteobacteria;Burkholderiales;Comamonadaceae;Rhizobacter;Other	0.0	0.0	0.0	0.0	0.0	0.0	0.0	0.0	0.0	0.0	0.0	0.0	0.0	0.0	0.0	0.0	0.0	0.0	0.0	0.0	0.0	0.0	0.0	0.0	30.0	0.0	0.0	0.0	0.0	0.0	0.0	0.0	0.0	0.0	0.0	0.0	0.0	0.0	0.0	0.0	0.0	0.0	0.0	0.0	0.0	0.0	0.0	0.0	0.0	0.0	0.0	0.0	0.0	0.0	0.0	83.0	0.0	0.0	0.0	0.0	0.0	0.0	0.0	0.0	0.0	0.0	0.0	0.0	0.0	0.0	0.0	0.0	0.0	0.0	0.0	0.0	15.0	0.0	0.0	0.0	0.0	0.0	0.0	0.0	0.0	0.0	0.0	0.0
Bacteria;Proteobacteria;Betaproteobacteria;Burkholderiales;Comamonadaceae;Schlegelella;Other	0.0	0.0	0.0	0.0	0.0	0.0	0.0	0.0	0.0	0.0	0.0	0.0	0.0	0.0	0.0	0.0	0.0	0.0	0.0	56.0	0.0	0.0	0.0	0.0	25.0	0.0	0.0	0.0	0.0	0.0	0.0	0.0	0.0	0.0	0.0	0.0	0.0	0.0	0.0	0.0	0.0	0.0	0.0	0.0	0.0	0.0	0.0	0.0	1.0	0.0	0.0	0.0	0.0	0.0	0.0	0.0	0.0	0.0	0.0	0.0	0.0	0.0	0.0	0.0	0.0	0.0	0.0	0.0	0.0	0.0	0.0	0.0	0.0	0.0	0.0	0.0	0.0	0.0	0.0	0.0	0.0	0.0	0.0	0.0	0.0	0.0	0.0	0.0
Bacteria;Proteobacteria;Betaproteobacteria;Burkholderiales;Comamonadaceae;Sphaerotilus;Sphaerotilus_natans	0.0	0.0	0.0	0.0	0.0	0.0	0.0	0.0	0.0	0.0	0.0	0.0	0.0	0.0	0.0	0.0	0.0	0.0	0.0	0.0	0.0	0.0	0.0	0.0	0.0	0.0	0.0	0.0	0.0	0.0	0.0	0.0	0.0	0.0	0.0	0.0	0.0	0.0	0.0	0.0	0.0	0.0	0.0	0.0	0.0	0.0	0.0	0.0	0.0	0.0	0.0	0.0	0.0	0.0	0.0	0.0	0.0	0.0	0.0	0.0	0.0	0.0	0.0	0.0	0.0	0.0	0.0	0.0	0.0	0.0	0.0	0.0	0.0	0.0	0.0	0.0	21.0	0.0	0.0	0.0	0.0	0.0	0.0	0.0	0.0	0.0	0.0	0.0
Bacteria;Proteobacteria;Betaproteobacteria;Burkholderiales;Comamonadaceae;Tepidimonas;Other	85.0	0.0	0.0	0.0	0.0	76.0	79.0	0.0	0.0	0.0	0.0	0.0	0.0	0.0	0.0	0.0	0.0	0.0	0.0	0.0	0.0	0.0	0.0	0.0	0.0	0.0	0.0	0.0	0.0	0.0	0.0	0.0	0.0	0.0	76.0	0.0	0.0	0.0	0.0	0.0	0.0	0.0	0.0	0.0	0.0	0.0	0.0	0.0	0.0	0.0	0.0	0.0	0.0	0.0	0.0	0.0	0.0	0.0	0.0	0.0	0.0	0.0	0.0	83.0	0.0	0.0	0.0	0.0	10.0	0.0	0.0	0.0	0.0	0.0	0.0	0.0	0.0	0.0	0.0	0.0	0.0	0.0	0.0	0.0	0.0	0.0	0.0	0.0
Bacteria;Proteobacteria;Betaproteobacteria;Burkholderiales;Comamonadaceae;Variovorax;Variovorax_paradoxus	0.0	0.0	0.0	0.0	1.0	82.0	0.0	0.0	0.0	0.0	0.0	0.0	0.0	0.0	0.0	0.0	19.0	0.0	0.0	0.0	0.0	0.0	0.0	0.0	0.0	0.0	0.0	0.0	0.0	19.0	0.0	177.0	0.0	0.0	0.0	0.0	0.0	0.0	0.0	0.0	3.0	39.0	0.0	0.0	0.0	0.0	1.0	0.0	0.0	0.0	0.0	0.0	40.0	0.0	0.0	118.0	0.0	0.0	0.0	0.0	93.0	0.0	0.0	5.0	0.0	0.0	0.0	56.0	0.0	54.0	0.0	0.0	0.0	95.0	31.0	161.0	0.0	0.0	0.0	0.0	0.0	0.0	0.0	1.0	0.0	0.0	0.0	0.0
Bacteria;Proteobacteria;Betaproteobacteria;Burkholderiales;Oxalobacteraceae;Herbaspirillum;Herbaspirillum_huttiense	897.0	1309.0	1379.0	41.0	1383.0	729.0	2780.0	451.0	1125.0	769.0	20.0	2.0	20.0	99.0	96.0	30.0	1.0	517.0	397.0	390.0	2634.0	115.0	493.0	43.0	1674.0	490.0	491.0	495.0	204.0	1371.0	354.0	1191.0	431.0	698.0	674.0	2022.0	357.0	848.0	334.0	10434.0	7.0	1140.0	9.0	1616.0	1444.0	1741.0	1007.0	340.0	204.0	1349.0	209.0	34.0	398.0	907.0	160.0	148.0	7.0	188.0	169.0	772.0	807.0	14.0	634.0	134.0	384.0	1190.0	113.0	305.0	16.0	307.0	790.0	1860.0	494.0	21.0	70.0	757.0	30.0	735.0	1252.0	270.0	534.0	938.0	158.0	306.0	2110.0	2091.0	446.0	976.0
Bacteria;Proteobacteria;Betaproteobacteria;Burkholderiales;Oxalobacteraceae;Janthinobacterium;Janthinobacterium_lividum	306.0	277.0	73.0	2.0	196.0	0.0	167.0	0.0	0.0	0.0	30.0	0.0	13.0	0.0	4.0	8.0	0.0	1.0	2.0	0.0	4.0	0.0	12.0	0.0	0.0	67.0	0.0	34.0	269.0	0.0	0.0	0.0	25.0	48.0	12.0	0.0	8.0	1.0	1.0	544.0	2.0	0.0	0.0	0.0	0.0	0.0	0.0	1.0	0.0	7.0	0.0	14.0	0.0	0.0	0.0	26.0	3.0	0.0	0.0	0.0	571.0	4.0	0.0	0.0	0.0	0.0	1.0	138.0	1.0	0.0	55.0	1.0	193.0	0.0	0.0	0.0	0.0	339.0	0.0	0.0	124.0	0.0	0.0	41.0	205.0	0.0	243.0	0.0
Bacteria;Proteobacteria;Betaproteobacteria;Burkholderiales;Oxalobacteraceae;Massilia;Other	0.0	0.0	0.0	0.0	0.0	0.0	0.0	0.0	123.0	0.0	0.0	0.0	1.0	4.0	22.0	262.0	0.0	0.0	108.0	0.0	0.0	0.0	2.0	0.0	20.0	5.0	72.0	0.0	1.0	0.0	0.0	0.0	0.0	2.0	2.0	0.0	0.0	56.0	96.0	0.0	9.0	0.0	0.0	33.0	0.0	0.0	0.0	265.0	10.0	0.0	0.0	4.0	0.0	42.0	0.0	0.0	0.0	1.0	0.0	4.0	0.0	0.0	0.0	8.0	0.0	2.0	54.0	1011.0	7.0	0.0	0.0	0.0	26.0	0.0	0.0	343.0	0.0	83.0	0.0	0.0	0.0	0.0	1.0	124.0	0.0	0.0	0.0	116.0
Bacteria;Proteobacteria;Betaproteobacteria;Burkholderiales;Oxalobacteraceae;Other;Other	0.0	1.0	0.0	0.0	1.0	0.0	0.0	0.0	0.0	0.0	0.0	0.0	0.0	1.0	0.0	0.0	0.0	0.0	0.0	0.0	0.0	110.0	0.0	2.0	0.0	0.0	0.0	0.0	0.0	0.0	0.0	0.0	0.0	0.0	0.0	0.0	0.0	0.0	0.0	0.0	0.0	0.0	0.0	0.0	0.0	0.0	0.0	35.0	0.0	0.0	0.0	0.0	0.0	0.0	0.0	0.0	0.0	0.0	0.0	0.0	0.0	0.0	0.0	0.0	0.0	0.0	0.0	7.0	0.0	0.0	0.0	0.0	1.0	0.0	0.0	0.0	0.0	311.0	126.0	0.0	0.0	0.0	0.0	0.0	0.0	0.0	0.0	0.0
Bacteria;Proteobacteria;Betaproteobacteria;Burkholderiales;Oxalobacteraceae;Oxalobacter;Oxalobacter_formigenes	0.0	0.0	0.0	0.0	0.0	0.0	0.0	0.0	0.0	0.0	0.0	5.0	0.0	0.0	0.0	0.0	0.0	0.0	0.0	0.0	0.0	0.0	0.0	0.0	0.0	0.0	0.0	0.0	0.0	0.0	0.0	0.0	0.0	0.0	0.0	0.0	0.0	0.0	0.0	0.0	0.0	0.0	0.0	0.0	0.0	0.0	0.0	0.0	0.0	0.0	0.0	0.0	0.0	0.0	0.0	0.0	4.0	0.0	0.0	0.0	0.0	0.0	0.0	0.0	0.0	0.0	0.0	0.0	0.0	0.0	0.0	0.0	0.0	0.0	0.0	0.0	0.0	0.0	0.0	0.0	0.0	0.0	0.0	0.0	0.0	0.0	0.0	0.0
Bacteria;Proteobacteria;Betaproteobacteria;Burkholderiales;Oxalobacteraceae;Undibacterium;Other	0.0	0.0	0.0	0.0	0.0	0.0	0.0	0.0	0.0	0.0	0.0	0.0	3.0	0.0	0.0	0.0	0.0	0.0	25.0	217.0	0.0	0.0	0.0	0.0	0.0	0.0	0.0	0.0	0.0	34.0	0.0	0.0	0.0	0.0	0.0	0.0	0.0	0.0	0.0	0.0	0.0	0.0	0.0	0.0	0.0	0.0	0.0	69.0	1.0	0.0	0.0	0.0	0.0	0.0	0.0	0.0	0.0	1.0	0.0	0.0	0.0	0.0	0.0	0.0	0.0	0.0	0.0	0.0	0.0	0.0	55.0	0.0	0.0	0.0	0.0	0.0	0.0	0.0	1.0	0.0	0.0	0.0	1.0	0.0	0.0	0.0	0.0	334.0
Bacteria;Proteobacteria;Betaproteobacteria;Burkholderiales;Oxalobacteraceae;Undibacterium;Undibacterium_pigrum	745.0	215.0	190.0	172.0	1028.0	347.0	580.0	226.0	173.0	1478.0	97.0	2.0	7.0	491.0	492.0	93.0	48.0	232.0	369.0	306.0	839.0	152.0	260.0	286.0	646.0	3.0	407.0	372.0	760.0	35.0	257.0	182.0	280.0	477.0	111.0	291.0	48.0	921.0	209.0	304.0	27.0	822.0	14.0	300.0	1110.0	262.0	638.0	651.0	86.0	81.0	292.0	500.0	989.0	413.0	182.0	231.0	30.0	63.0	235.0	1332.0	440.0	35.0	215.0	1018.0	1186.0	1646.0	47.0	236.0	41.0	143.0	422.0	785.0	35.0	344.0	124.0	932.0	160.0	2535.0	748.0	0.0	924.0	540.0	291.0	144.0	1867.0	1691.0	1027.0	651.0
Bacteria;Proteobacteria;Betaproteobacteria;Hydrogenophilales;Hydrogenophilaceae;Tepidiphilus;Other	0.0	0.0	0.0	0.0	0.0	0.0	0.0	0.0	0.0	0.0	0.0	0.0	0.0	0.0	0.0	0.0	0.0	0.0	0.0	0.0	0.0	0.0	0.0	0.0	0.0	31.0	0.0	0.0	0.0	0.0	0.0	0.0	0.0	0.0	0.0	0.0	0.0	0.0	0.0	0.0	0.0	0.0	0.0	0.0	0.0	0.0	0.0	0.0	0.0	0.0	0.0	0.0	0.0	0.0	0.0	0.0	0.0	0.0	0.0	0.0	0.0	0.0	0.0	0.0	0.0	0.0	0.0	0.0	0.0	0.0	0.0	0.0	0.0	0.0	0.0	0.0	0.0	0.0	0.0	0.0	0.0	0.0	0.0	0.0	0.0	0.0	0.0	0.0
Bacteria;Proteobacteria;Betaproteobacteria;Methylophilales;Methylophilaceae;Methylophilus;Other	184.0	110.0	40.0	155.0	316.0	34.0	0.0	63.0	111.0	279.0	33.0	1.0	4.0	328.0	69.0	591.0	0.0	111.0	215.0	266.0	690.0	4.0	79.0	251.0	616.0	39.0	724.0	85.0	538.0	76.0	96.0	126.0	14.0	94.0	51.0	144.0	72.0	159.0	66.0	100.0	12.0	58.0	20.0	178.0	315.0	87.0	437.0	433.0	7.0	203.0	113.0	161.0	290.0	211.0	230.0	170.0	9.0	148.0	125.0	253.0	90.0	11.0	265.0	74.0	834.0	676.0	1.0	4.0	18.0	153.0	90.0	696.0	159.0	360.0	110.0	598.0	176.0	554.0	405.0	37.0	199.0	298.0	91.0	204.0	5.0	1521.0	255.0	845.0
Bacteria;Proteobacteria;Betaproteobacteria;Methylophilales;Methylophilaceae;Other;Other	0.0	0.0	0.0	0.0	0.0	0.0	0.0	0.0	0.0	0.0	0.0	0.0	0.0	0.0	0.0	0.0	0.0	0.0	0.0	0.0	0.0	0.0	0.0	0.0	0.0	0.0	0.0	0.0	0.0	0.0	0.0	0.0	0.0	0.0	0.0	0.0	0.0	0.0	0.0	0.0	7.0	0.0	0.0	0.0	0.0	0.0	0.0	0.0	0.0	0.0	0.0	0.0	0.0	0.0	0.0	0.0	0.0	0.0	0.0	0.0	0.0	0.0	0.0	0.0	0.0	0.0	0.0	0.0	0.0	0.0	0.0	0.0	0.0	0.0	0.0	0.0	0.0	0.0	0.0	0.0	0.0	0.0	0.0	0.0	0.0	0.0	0.0	0.0
Bacteria;Proteobacteria;Betaproteobacteria;Methylophilales;Methylophilaceae;Unclassified;unidentified	180.0	13.0	539.0	133.0	363.0	0.0	99.0	457.0	610.0	306.0	78.0	1.0	0.0	174.0	921.0	65.0	43.0	148.0	70.0	149.0	339.0	123.0	28.0	162.0	2.0	263.0	938.0	224.0	282.0	5.0	50.0	0.0	27.0	53.0	177.0	46.0	57.0	85.0	208.0	207.0	44.0	417.0	58.0	136.0	574.0	345.0	961.0	123.0	33.0	340.0	71.0	236.0	319.0	185.0	0.0	31.0	10.0	38.0	12.0	335.0	12.0	24.0	0.0	289.0	650.0	366.0	82.0	120.0	3.0	69.0	1.0	102.0	39.0	234.0	59.0	352.0	143.0	1031.0	523.0	240.0	1.0	8.0	67.0	76.0	276.0	107.0	109.0	281.0
Bacteria;Proteobacteria;Betaproteobacteria;Neisseriales;Neisseriaceae;Deefgea;Deefgea_rivuli	0.0	0.0	0.0	0.0	0.0	0.0	0.0	0.0	0.0	0.0	0.0	0.0	0.0	0.0	0.0	0.0	0.0	0.0	0.0	0.0	0.0	0.0	0.0	0.0	0.0	0.0	0.0	0.0	0.0	0.0	0.0	0.0	0.0	0.0	2.0	0.0	0.0	0.0	0.0	0.0	0.0	0.0	0.0	0.0	0.0	0.0	0.0	0.0	0.0	0.0	0.0	0.0	0.0	0.0	0.0	0.0	0.0	0.0	0.0	0.0	0.0	0.0	0.0	0.0	0.0	0.0	0.0	0.0	0.0	0.0	0.0	0.0	0.0	0.0	0.0	0.0	0.0	0.0	0.0	0.0	0.0	0.0	0.0	0.0	0.0	0.0	0.0	0.0
Bacteria;Proteobacteria;Betaproteobacteria;Neisseriales;Neisseriaceae;Neisseria;Neisseria_elongata	0.0	0.0	0.0	0.0	0.0	0.0	0.0	0.0	0.0	0.0	0.0	0.0	0.0	0.0	0.0	0.0	0.0	0.0	0.0	0.0	0.0	0.0	0.0	0.0	0.0	0.0	0.0	0.0	0.0	0.0	0.0	0.0	0.0	0.0	0.0	0.0	0.0	0.0	0.0	0.0	0.0	0.0	0.0	0.0	0.0	0.0	0.0	0.0	0.0	0.0	0.0	0.0	0.0	31.0	0.0	0.0	0.0	0.0	0.0	0.0	0.0	0.0	0.0	0.0	0.0	0.0	0.0	0.0	0.0	0.0	0.0	0.0	0.0	0.0	0.0	0.0	0.0	0.0	0.0	0.0	0.0	0.0	0.0	0.0	0.0	0.0	0.0	0.0
Bacteria;Proteobacteria;Betaproteobacteria;Neisseriales;Neisseriaceae;Neisseria;Other	0.0	32.0	0.0	0.0	0.0	0.0	0.0	0.0	0.0	0.0	0.0	3.0	0.0	0.0	0.0	0.0	0.0	0.0	0.0	0.0	0.0	0.0	0.0	0.0	0.0	0.0	0.0	0.0	0.0	0.0	0.0	0.0	0.0	0.0	0.0	0.0	0.0	128.0	0.0	0.0	0.0	0.0	13.0	0.0	0.0	0.0	0.0	0.0	0.0	0.0	0.0	5.0	0.0	0.0	2.0	0.0	0.0	0.0	0.0	0.0	0.0	0.0	1.0	0.0	0.0	0.0	0.0	0.0	5.0	0.0	0.0	0.0	0.0	0.0	0.0	0.0	0.0	0.0	0.0	0.0	0.0	0.0	0.0	0.0	0.0	0.0	0.0	0.0
Bacteria;Proteobacteria;Betaproteobacteria;Neisseriales;Neisseriaceae;Other;Other	0.0	0.0	0.0	0.0	0.0	55.0	0.0	0.0	0.0	0.0	0.0	0.0	0.0	0.0	0.0	0.0	0.0	0.0	0.0	54.0	0.0	0.0	0.0	0.0	0.0	0.0	0.0	0.0	0.0	0.0	0.0	0.0	0.0	0.0	0.0	0.0	0.0	0.0	0.0	0.0	0.0	0.0	0.0	0.0	0.0	440.0	0.0	0.0	0.0	230.0	0.0	0.0	0.0	0.0	0.0	0.0	0.0	0.0	0.0	0.0	0.0	0.0	0.0	0.0	92.0	0.0	0.0	0.0	0.0	0.0	0.0	0.0	75.0	0.0	0.0	0.0	0.0	0.0	0.0	0.0	0.0	0.0	0.0	0.0	0.0	0.0	0.0	0.0
Bacteria;Proteobacteria;Betaproteobacteria;Nitrosomonadales;Gallionellaceae;Other;Other	0.0	0.0	0.0	0.0	0.0	0.0	0.0	0.0	0.0	0.0	0.0	0.0	0.0	0.0	0.0	0.0	0.0	0.0	0.0	0.0	0.0	0.0	0.0	0.0	0.0	0.0	0.0	0.0	0.0	0.0	0.0	0.0	0.0	0.0	0.0	0.0	0.0	0.0	0.0	0.0	13.0	0.0	0.0	0.0	0.0	0.0	0.0	0.0	0.0	0.0	0.0	0.0	0.0	0.0	0.0	0.0	0.0	0.0	0.0	0.0	0.0	0.0	0.0	0.0	0.0	0.0	0.0	0.0	0.0	0.0	0.0	0.0	0.0	0.0	0.0	0.0	0.0	0.0	0.0	0.0	0.0	0.0	0.0	0.0	0.0	0.0	0.0	0.0
Bacteria;Proteobacteria;Betaproteobacteria;Nitrosomonadales;Nitrosomonadaceae;Other;Other	0.0	0.0	0.0	0.0	0.0	0.0	0.0	0.0	0.0	0.0	0.0	0.0	0.0	146.0	0.0	0.0	0.0	0.0	0.0	0.0	0.0	0.0	0.0	0.0	0.0	0.0	0.0	0.0	0.0	0.0	0.0	0.0	0.0	0.0	0.0	0.0	0.0	0.0	0.0	0.0	0.0	0.0	0.0	0.0	0.0	0.0	0.0	0.0	0.0	0.0	0.0	0.0	0.0	0.0	0.0	0.0	0.0	0.0	0.0	0.0	0.0	0.0	0.0	0.0	0.0	0.0	0.0	0.0	0.0	0.0	0.0	0.0	0.0	0.0	0.0	0.0	0.0	0.0	0.0	0.0	0.0	0.0	0.0	0.0	0.0	0.0	0.0	25.0
Bacteria;Proteobacteria;Betaproteobacteria;Nitrosomonadales;Nitrosomonadaceae;Unclassified;bacterium_Ellin6067	0.0	0.0	0.0	0.0	0.0	0.0	0.0	0.0	0.0	0.0	0.0	0.0	0.0	0.0	0.0	0.0	0.0	0.0	0.0	0.0	0.0	0.0	0.0	0.0	0.0	0.0	0.0	0.0	0.0	0.0	0.0	0.0	0.0	0.0	0.0	0.0	0.0	0.0	0.0	0.0	0.0	0.0	0.0	0.0	0.0	0.0	0.0	0.0	0.0	0.0	0.0	0.0	0.0	0.0	0.0	0.0	0.0	0.0	0.0	0.0	0.0	0.0	0.0	0.0	0.0	0.0	0.0	0.0	0.0	0.0	7.0	0.0	0.0	0.0	0.0	0.0	0.0	0.0	0.0	0.0	0.0	0.0	0.0	0.0	0.0	0.0	0.0	0.0
Bacteria;Proteobacteria;Betaproteobacteria;Other;Other;Other;Other	0.0	0.0	0.0	0.0	0.0	0.0	0.0	0.0	344.0	0.0	0.0	0.0	0.0	0.0	0.0	0.0	0.0	0.0	0.0	0.0	0.0	0.0	0.0	0.0	0.0	155.0	0.0	0.0	0.0	0.0	0.0	0.0	0.0	0.0	0.0	0.0	0.0	1.0	0.0	251.0	0.0	0.0	0.0	0.0	0.0	5.0	0.0	0.0	0.0	0.0	0.0	0.0	0.0	0.0	0.0	0.0	0.0	0.0	0.0	0.0	0.0	0.0	0.0	0.0	0.0	0.0	0.0	0.0	0.0	9.0	0.0	0.0	0.0	0.0	0.0	11.0	0.0	0.0	0.0	0.0	0.0	0.0	0.0	0.0	0.0	0.0	0.0	0.0
Bacteria;Proteobacteria;Betaproteobacteria;Rhodocyclales;Rhodocyclaceae;Dechloromonas;Other	0.0	0.0	2.0	0.0	0.0	0.0	401.0	0.0	0.0	0.0	1.0	0.0	0.0	0.0	0.0	0.0	0.0	0.0	0.0	0.0	0.0	0.0	0.0	0.0	0.0	0.0	0.0	0.0	0.0	0.0	0.0	0.0	0.0	0.0	0.0	0.0	0.0	0.0	0.0	0.0	0.0	0.0	0.0	0.0	0.0	0.0	0.0	0.0	0.0	0.0	0.0	0.0	0.0	0.0	0.0	0.0	0.0	0.0	0.0	0.0	0.0	0.0	0.0	0.0	0.0	0.0	0.0	0.0	0.0	0.0	0.0	0.0	0.0	0.0	0.0	0.0	0.0	0.0	0.0	0.0	0.0	0.0	0.0	0.0	0.0	0.0	0.0	0.0
Bacteria;Proteobacteria;Betaproteobacteria;Rhodocyclales;Rhodocyclaceae;Methyloversatilis;Other	0.0	113.0	0.0	39.0	0.0	0.0	0.0	0.0	0.0	0.0	0.0	0.0	2.0	33.0	0.0	0.0	0.0	0.0	46.0	0.0	99.0	0.0	0.0	27.0	168.0	0.0	0.0	0.0	29.0	0.0	0.0	35.0	0.0	0.0	0.0	137.0	0.0	0.0	0.0	0.0	3.0	0.0	26.0	21.0	0.0	0.0	0.0	220.0	0.0	0.0	0.0	0.0	0.0	0.0	0.0	0.0	0.0	5.0	0.0	1.0	120.0	0.0	0.0	11.0	219.0	0.0	0.0	0.0	0.0	0.0	0.0	0.0	0.0	248.0	5.0	171.0	0.0	199.0	0.0	0.0	0.0	0.0	0.0	0.0	526.0	163.0	14.0	0.0
Bacteria;Proteobacteria;Betaproteobacteria;Rhodocyclales;Rhodocyclaceae;Other;Other	0.0	0.0	0.0	0.0	0.0	0.0	0.0	0.0	0.0	0.0	0.0	0.0	0.0	0.0	0.0	0.0	0.0	0.0	0.0	0.0	0.0	0.0	0.0	0.0	0.0	0.0	0.0	0.0	0.0	0.0	0.0	0.0	0.0	0.0	0.0	0.0	0.0	0.0	95.0	0.0	0.0	0.0	0.0	0.0	0.0	0.0	0.0	0.0	0.0	0.0	50.0	0.0	0.0	0.0	0.0	0.0	0.0	0.0	0.0	0.0	0.0	0.0	0.0	0.0	0.0	1.0	0.0	0.0	0.0	0.0	0.0	0.0	0.0	0.0	0.0	0.0	0.0	0.0	0.0	0.0	0.0	0.0	0.0	0.0	0.0	0.0	0.0	0.0
Bacteria;Proteobacteria;Betaproteobacteria;Rhodocyclales;Rhodocyclaceae;Sulfuritalea;Other	53.0	0.0	0.0	0.0	0.0	0.0	0.0	0.0	0.0	0.0	0.0	0.0	0.0	0.0	0.0	0.0	0.0	0.0	0.0	0.0	0.0	0.0	0.0	0.0	0.0	0.0	0.0	0.0	0.0	0.0	0.0	0.0	0.0	0.0	0.0	0.0	0.0	0.0	0.0	0.0	0.0	0.0	0.0	0.0	0.0	0.0	0.0	0.0	0.0	0.0	0.0	0.0	0.0	0.0	0.0	0.0	0.0	0.0	13.0	0.0	0.0	0.0	0.0	0.0	0.0	0.0	0.0	0.0	0.0	0.0	0.0	0.0	0.0	19.0	0.0	0.0	0.0	0.0	0.0	0.0	0.0	0.0	0.0	1.0	0.0	0.0	0.0	0.0
Bacteria;Proteobacteria;Betaproteobacteria;Rhodocyclales;Rhodocyclaceae;Zoogloea;Zoogloea_resiniphila	0.0	0.0	0.0	0.0	0.0	0.0	0.0	0.0	0.0	0.0	0.0	0.0	0.0	0.0	0.0	0.0	0.0	0.0	0.0	0.0	0.0	0.0	0.0	0.0	8.0	0.0	0.0	0.0	0.0	0.0	0.0	0.0	0.0	0.0	0.0	0.0	0.0	0.0	0.0	0.0	0.0	0.0	0.0	0.0	0.0	0.0	0.0	0.0	0.0	0.0	0.0	0.0	0.0	0.0	0.0	0.0	0.0	0.0	0.0	0.0	0.0	0.0	0.0	0.0	0.0	0.0	0.0	0.0	0.0	0.0	0.0	0.0	0.0	0.0	0.0	0.0	0.0	0.0	0.0	0.0	0.0	0.0	0.0	0.0	650.0	0.0	0.0	0.0
Bacteria;Proteobacteria;Betaproteobacteria;Unclassified;Unclassified;Unclassified;bacterium_TG149	0.0	0.0	0.0	0.0	0.0	0.0	0.0	0.0	0.0	0.0	0.0	0.0	0.0	0.0	0.0	0.0	0.0	0.0	0.0	0.0	0.0	0.0	0.0	0.0	0.0	0.0	0.0	0.0	0.0	0.0	0.0	0.0	0.0	0.0	0.0	0.0	0.0	0.0	0.0	0.0	0.0	0.0	0.0	0.0	0.0	0.0	0.0	0.0	0.0	0.0	0.0	0.0	0.0	0.0	0.0	0.0	0.0	0.0	0.0	0.0	0.0	0.0	0.0	0.0	0.0	0.0	0.0	0.0	0.0	0.0	0.0	0.0	0.0	0.0	3.0	0.0	0.0	0.0	0.0	0.0	0.0	0.0	0.0	0.0	0.0	0.0	0.0	0.0
Bacteria;Proteobacteria;Deltaproteobacteria;Bdellovibrionales;Bacteriovoracaceae;Other;Other	0.0	0.0	0.0	0.0	0.0	0.0	0.0	0.0	0.0	0.0	0.0	0.0	0.0	0.0	0.0	0.0	0.0	0.0	0.0	0.0	0.0	0.0	0.0	0.0	0.0	0.0	0.0	0.0	0.0	0.0	15.0	0.0	0.0	0.0	0.0	0.0	0.0	0.0	0.0	0.0	0.0	0.0	0.0	0.0	0.0	0.0	0.0	0.0	0.0	0.0	0.0	0.0	0.0	0.0	0.0	0.0	0.0	0.0	0.0	0.0	0.0	0.0	0.0	0.0	0.0	0.0	0.0	0.0	0.0	0.0	0.0	0.0	0.0	0.0	0.0	0.0	0.0	0.0	0.0	0.0	0.0	0.0	0.0	0.0	0.0	0.0	0.0	0.0
Bacteria;Proteobacteria;Deltaproteobacteria;Bdellovibrionales;Bacteriovoracaceae;Peredibacter;Bacteriovorax_sp._EPA	0.0	0.0	0.0	0.0	0.0	0.0	0.0	0.0	0.0	0.0	0.0	0.0	0.0	0.0	0.0	0.0	0.0	0.0	0.0	0.0	0.0	0.0	0.0	0.0	0.0	0.0	0.0	0.0	0.0	0.0	0.0	0.0	0.0	0.0	0.0	0.0	0.0	0.0	0.0	0.0	0.0	0.0	0.0	0.0	0.0	0.0	0.0	0.0	0.0	0.0	0.0	0.0	0.0	0.0	0.0	0.0	0.0	0.0	0.0	0.0	0.0	0.0	0.0	0.0	0.0	0.0	0.0	0.0	0.0	0.0	0.0	13.0	0.0	0.0	0.0	0.0	0.0	0.0	0.0	0.0	0.0	0.0	0.0	0.0	0.0	0.0	0.0	0.0
Bacteria;Proteobacteria;Deltaproteobacteria;Bdellovibrionales;Bacteriovoracaceae;Peredibacter;Bacteriovorax_sp._EPC3	0.0	0.0	0.0	0.0	0.0	0.0	79.0	0.0	0.0	0.0	0.0	0.0	0.0	0.0	0.0	0.0	0.0	4.0	1.0	0.0	0.0	0.0	0.0	68.0	0.0	0.0	0.0	0.0	0.0	0.0	0.0	0.0	0.0	0.0	0.0	0.0	0.0	0.0	1.0	0.0	0.0	0.0	0.0	0.0	0.0	0.0	0.0	0.0	0.0	0.0	0.0	0.0	0.0	0.0	0.0	0.0	0.0	0.0	0.0	0.0	0.0	0.0	0.0	0.0	0.0	990.0	0.0	0.0	0.0	0.0	0.0	0.0	0.0	0.0	7.0	0.0	0.0	0.0	0.0	0.0	0.0	0.0	6.0	0.0	0.0	26.0	0.0	0.0
Bacteria;Proteobacteria;Deltaproteobacteria;Bdellovibrionales;Bacteriovoracaceae;Peredibacter;Other	0.0	0.0	0.0	0.0	0.0	51.0	0.0	0.0	0.0	0.0	0.0	0.0	0.0	0.0	0.0	0.0	0.0	0.0	0.0	1.0	0.0	0.0	0.0	0.0	0.0	0.0	0.0	0.0	0.0	0.0	0.0	0.0	0.0	0.0	0.0	0.0	0.0	0.0	0.0	0.0	0.0	0.0	0.0	0.0	0.0	0.0	0.0	0.0	0.0	0.0	0.0	0.0	0.0	0.0	26.0	0.0	0.0	0.0	0.0	0.0	0.0	0.0	0.0	0.0	0.0	0.0	0.0	0.0	0.0	43.0	0.0	0.0	0.0	0.0	0.0	0.0	0.0	0.0	0.0	0.0	0.0	0.0	0.0	0.0	0.0	0.0	0.0	0.0
Bacteria;Proteobacteria;Deltaproteobacteria;Bdellovibrionales;Bdellovibrionaceae;Bdellovibrio;Other	92.0	594.0	269.0	171.0	858.0	144.0	797.0	459.0	80.0	136.0	0.0	0.0	21.0	629.0	143.0	160.0	17.0	104.0	146.0	23.0	619.0	169.0	71.0	82.0	219.0	192.0	127.0	5.0	157.0	0.0	0.0	333.0	110.0	143.0	28.0	64.0	247.0	504.0	111.0	947.0	29.0	1.0	48.0	149.0	183.0	1395.0	284.0	252.0	94.0	93.0	86.0	187.0	105.0	263.0	312.0	37.0	0.0	70.0	31.0	2.0	453.0	0.0	365.0	295.0	0.0	196.0	149.0	76.0	10.0	314.0	351.0	42.0	146.0	28.0	1.0	316.0	0.0	422.0	120.0	0.0	247.0	23.0	75.0	70.0	244.0	111.0	81.0	208.0
Bacteria;Proteobacteria;Deltaproteobacteria;Desulfovibrionales;Desulfovibrionaceae;Bilophila;Bilophila_wadsworthia	366.0	0.0	0.0	0.0	0.0	0.0	0.0	28.0	0.0	0.0	0.0	53.0	5.0	46.0	1.0	0.0	1.0	6.0	1.0	143.0	0.0	13.0	8.0	88.0	3.0	21.0	0.0	0.0	34.0	0.0	0.0	0.0	16.0	19.0	6.0	69.0	144.0	0.0	119.0	0.0	92.0	0.0	5.0	28.0	0.0	0.0	0.0	124.0	1.0	0.0	24.0	0.0	0.0	181.0	0.0	0.0	30.0	142.0	0.0	0.0	0.0	553.0	0.0	177.0	0.0	0.0	0.0	0.0	52.0	23.0	0.0	0.0	119.0	0.0	832.0	2.0	93.0	0.0	0.0	134.0	225.0	0.0	0.0	48.0	385.0	0.0	0.0	38.0
Bacteria;Proteobacteria;Deltaproteobacteria;Desulfovibrionales;Desulfovibrionaceae;Desulfovibrio;Desulfovibrio_piger	0.0	0.0	0.0	0.0	0.0	0.0	0.0	0.0	28.0	49.0	0.0	2.0	5.0	0.0	0.0	0.0	0.0	0.0	0.0	0.0	0.0	0.0	0.0	93.0	0.0	0.0	0.0	0.0	0.0	0.0	0.0	0.0	0.0	0.0	0.0	0.0	0.0	0.0	0.0	0.0	13.0	0.0	0.0	0.0	0.0	0.0	0.0	0.0	0.0	0.0	0.0	0.0	0.0	0.0	25.0	0.0	0.0	0.0	0.0	0.0	0.0	83.0	0.0	0.0	0.0	0.0	0.0	0.0	17.0	0.0	0.0	0.0	0.0	52.0	198.0	0.0	0.0	0.0	0.0	109.0	0.0	0.0	0.0	1.0	0.0	0.0	0.0	0.0
Bacteria;Proteobacteria;Deltaproteobacteria;Desulfovibrionales;Desulfovibrionaceae;Desulfovibrio;Desulfovibrio_simplex	0.0	0.0	0.0	0.0	0.0	0.0	0.0	0.0	0.0	0.0	76.0	2.0	0.0	0.0	0.0	0.0	0.0	0.0	0.0	0.0	0.0	0.0	0.0	0.0	0.0	0.0	0.0	0.0	0.0	0.0	0.0	0.0	0.0	0.0	0.0	0.0	0.0	0.0	0.0	0.0	0.0	0.0	0.0	0.0	0.0	0.0	0.0	0.0	0.0	0.0	0.0	0.0	0.0	0.0	0.0	0.0	0.0	0.0	0.0	0.0	0.0	0.0	0.0	0.0	0.0	0.0	0.0	0.0	0.0	0.0	0.0	0.0	0.0	0.0	0.0	0.0	0.0	0.0	0.0	0.0	0.0	0.0	0.0	0.0	0.0	0.0	0.0	0.0
Bacteria;Proteobacteria;Deltaproteobacteria;Desulfovibrionales;Desulfovibrionaceae;Desulfovibrio;Other	4.0	2.0	0.0	1.0	0.0	3.0	2.0	0.0	0.0	0.0	4.0	0.0	1.0	0.0	2.0	1.0	0.0	0.0	1.0	0.0	2.0	1.0	0.0	0.0	2.0	1.0	1.0	3.0	3.0	1.0	0.0	0.0	0.0	0.0	0.0	1.0	0.0	0.0	0.0	0.0	0.0	0.0	1.0	0.0	3.0	0.0	1.0	1.0	1.0	0.0	3.0	1.0	0.0	0.0	0.0	0.0	14.0	0.0	1.0	1.0	1.0	7.0	0.0	1.0	0.0	1.0	0.0	1.0	2.0	0.0	0.0	0.0	2.0	0.0	1.0	0.0	1.0	2.0	2.0	4.0	0.0	0.0	3.0	0.0	3.0	2.0	0.0	1.0
Bacteria;Proteobacteria;Deltaproteobacteria;Desulfovibrionales;Desulfovibrionaceae;Desulfovibrio;bacterium_'New_Zealand_D'	0.0	0.0	0.0	18.0	0.0	0.0	0.0	0.0	0.0	0.0	0.0	0.0	0.0	0.0	0.0	0.0	0.0	0.0	0.0	0.0	0.0	0.0	0.0	0.0	0.0	0.0	0.0	0.0	0.0	0.0	0.0	0.0	0.0	0.0	0.0	0.0	0.0	0.0	0.0	0.0	0.0	0.0	0.0	0.0	0.0	0.0	0.0	0.0	0.0	0.0	0.0	0.0	0.0	0.0	0.0	0.0	0.0	0.0	0.0	0.0	0.0	0.0	0.0	0.0	0.0	0.0	0.0	0.0	0.0	0.0	0.0	0.0	0.0	0.0	0.0	0.0	0.0	0.0	0.0	0.0	0.0	0.0	0.0	0.0	0.0	0.0	0.0	0.0
Bacteria;Proteobacteria;Deltaproteobacteria;Myxococcales;Cystobacteraceae;Anaeromyxobacter;Other	0.0	0.0	0.0	0.0	0.0	0.0	0.0	0.0	0.0	0.0	0.0	0.0	0.0	0.0	0.0	0.0	0.0	0.0	0.0	0.0	0.0	0.0	0.0	0.0	0.0	0.0	0.0	0.0	0.0	0.0	0.0	0.0	0.0	0.0	0.0	0.0	0.0	0.0	0.0	0.0	0.0	0.0	0.0	0.0	0.0	0.0	0.0	30.0	0.0	0.0	0.0	0.0	0.0	0.0	0.0	0.0	0.0	0.0	0.0	0.0	0.0	0.0	0.0	0.0	0.0	0.0	0.0	0.0	0.0	0.0	0.0	0.0	0.0	0.0	0.0	0.0	0.0	0.0	0.0	0.0	0.0	0.0	0.0	0.0	0.0	0.0	0.0	0.0
Bacteria;Proteobacteria;Deltaproteobacteria;Myxococcales;Nannocystaceae;Enhygromyxa;Other	0.0	0.0	0.0	0.0	0.0	0.0	0.0	0.0	0.0	0.0	0.0	0.0	0.0	0.0	0.0	0.0	0.0	0.0	0.0	0.0	0.0	0.0	0.0	0.0	0.0	0.0	0.0	0.0	0.0	0.0	0.0	0.0	0.0	0.0	0.0	0.0	0.0	0.0	0.0	0.0	17.0	0.0	0.0	0.0	0.0	0.0	0.0	0.0	0.0	0.0	0.0	0.0	0.0	0.0	0.0	0.0	0.0	0.0	0.0	0.0	0.0	0.0	0.0	0.0	0.0	0.0	0.0	0.0	0.0	0.0	0.0	0.0	0.0	0.0	0.0	0.0	0.0	0.0	0.0	0.0	0.0	0.0	0.0	0.0	0.0	0.0	0.0	0.0
Bacteria;Proteobacteria;Deltaproteobacteria;Myxococcales;Other;Other;Other	0.0	87.0	0.0	0.0	53.0	214.0	0.0	36.0	48.0	0.0	1.0	0.0	0.0	85.0	0.0	0.0	0.0	0.0	0.0	5.0	0.0	0.0	0.0	0.0	0.0	57.0	145.0	0.0	27.0	0.0	0.0	0.0	0.0	0.0	37.0	162.0	89.0	0.0	13.0	208.0	0.0	0.0	0.0	0.0	0.0	0.0	0.0	0.0	1.0	0.0	21.0	115.0	0.0	72.0	0.0	0.0	0.0	7.0	0.0	0.0	0.0	1.0	0.0	0.0	0.0	190.0	0.0	0.0	0.0	6.0	0.0	1.0	0.0	54.0	15.0	0.0	0.0	1.0	0.0	0.0	0.0	0.0	0.0	0.0	0.0	0.0	0.0	0.0
Bacteria;Proteobacteria;Deltaproteobacteria;Myxococcales;Polyangiaceae;Sorangium;Other	215.0	224.0	95.0	16.0	0.0	115.0	78.0	82.0	310.0	214.0	11.0	0.0	2.0	0.0	523.0	0.0	12.0	190.0	14.0	256.0	137.0	339.0	240.0	44.0	0.0	104.0	604.0	9.0	253.0	7.0	0.0	24.0	0.0	0.0	43.0	0.0	207.0	12.0	64.0	267.0	10.0	30.0	2.0	18.0	16.0	325.0	297.0	3.0	102.0	380.0	194.0	64.0	80.0	148.0	73.0	116.0	6.0	29.0	0.0	59.0	10.0	5.0	0.0	146.0	785.0	130.0	0.0	113.0	36.0	27.0	39.0	1.0	37.0	47.0	0.0	203.0	1.0	191.0	67.0	3.0	0.0	10.0	56.0	0.0	0.0	0.0	197.0	0.0
Bacteria;Proteobacteria;Deltaproteobacteria;Myxococcales;Polyangiaceae;Sorangium;Sorangiineae_bacterium_706	0.0	0.0	0.0	0.0	0.0	0.0	0.0	27.0	0.0	0.0	0.0	0.0	0.0	0.0	0.0	0.0	0.0	0.0	0.0	0.0	0.0	0.0	0.0	0.0	0.0	0.0	0.0	0.0	0.0	0.0	0.0	0.0	0.0	0.0	0.0	0.0	0.0	0.0	0.0	0.0	0.0	0.0	0.0	0.0	0.0	0.0	0.0	0.0	0.0	0.0	0.0	0.0	0.0	0.0	0.0	0.0	0.0	0.0	0.0	0.0	0.0	0.0	0.0	0.0	0.0	0.0	0.0	0.0	0.0	0.0	0.0	0.0	0.0	0.0	0.0	0.0	0.0	0.0	0.0	0.0	0.0	0.0	0.0	0.0	0.0	0.0	0.0	0.0
Bacteria;Proteobacteria;Deltaproteobacteria;Myxococcales;Sandaracinaceae;Other;Other	0.0	0.0	0.0	0.0	0.0	0.0	0.0	0.0	0.0	0.0	0.0	0.0	0.0	0.0	0.0	0.0	0.0	20.0	0.0	0.0	0.0	0.0	0.0	0.0	0.0	0.0	0.0	0.0	0.0	0.0	0.0	1.0	0.0	0.0	0.0	0.0	0.0	22.0	0.0	0.0	0.0	0.0	0.0	0.0	0.0	0.0	0.0	0.0	0.0	0.0	0.0	0.0	0.0	0.0	0.0	0.0	0.0	0.0	0.0	0.0	0.0	0.0	0.0	0.0	0.0	0.0	0.0	0.0	0.0	0.0	0.0	0.0	133.0	0.0	0.0	0.0	0.0	0.0	0.0	0.0	0.0	0.0	0.0	0.0	0.0	303.0	0.0	0.0
Bacteria;Proteobacteria;Deltaproteobacteria;Myxococcales;Sandaracinaceae;Sandaracinus;Other	0.0	0.0	0.0	0.0	0.0	0.0	0.0	0.0	0.0	0.0	0.0	0.0	0.0	0.0	0.0	0.0	0.0	0.0	0.0	0.0	0.0	0.0	0.0	0.0	0.0	0.0	0.0	0.0	0.0	0.0	0.0	0.0	0.0	0.0	0.0	0.0	0.0	0.0	0.0	0.0	0.0	0.0	0.0	0.0	0.0	0.0	0.0	0.0	0.0	0.0	0.0	0.0	0.0	0.0	0.0	0.0	0.0	0.0	0.0	0.0	0.0	0.0	0.0	0.0	0.0	0.0	0.0	0.0	0.0	0.0	0.0	0.0	0.0	0.0	0.0	0.0	0.0	0.0	0.0	0.0	0.0	0.0	80.0	0.0	0.0	0.0	0.0	0.0
Bacteria;Proteobacteria;Deltaproteobacteria;Myxococcales;Unclassified;Haliangium;Other	0.0	112.0	0.0	0.0	0.0	0.0	0.0	0.0	0.0	0.0	0.0	0.0	0.0	0.0	0.0	0.0	0.0	0.0	0.0	0.0	0.0	0.0	0.0	0.0	0.0	0.0	0.0	0.0	0.0	0.0	0.0	0.0	0.0	0.0	0.0	0.0	0.0	0.0	0.0	0.0	0.0	0.0	0.0	0.0	0.0	0.0	0.0	0.0	0.0	26.0	0.0	0.0	0.0	0.0	0.0	0.0	0.0	14.0	0.0	0.0	0.0	0.0	0.0	0.0	0.0	0.0	0.0	0.0	0.0	0.0	0.0	0.0	0.0	0.0	0.0	0.0	0.0	0.0	0.0	0.0	0.0	0.0	0.0	0.0	0.0	0.0	0.0	0.0
Bacteria;Proteobacteria;Deltaproteobacteria;Myxococcales;Unclassified;Unclassified;Geobacter_sp._enrichment_culture_clone_VanCtr1	0.0	0.0	0.0	0.0	0.0	0.0	0.0	0.0	0.0	0.0	0.0	0.0	0.0	0.0	0.0	0.0	0.0	0.0	0.0	0.0	0.0	0.0	0.0	0.0	0.0	0.0	0.0	0.0	0.0	0.0	0.0	0.0	0.0	0.0	0.0	0.0	0.0	0.0	0.0	0.0	0.0	0.0	0.0	0.0	0.0	0.0	0.0	0.0	0.0	0.0	0.0	0.0	0.0	0.0	0.0	0.0	0.0	0.0	0.0	0.0	0.0	0.0	0.0	0.0	0.0	6.0	0.0	0.0	0.0	0.0	0.0	0.0	0.0	0.0	0.0	0.0	0.0	0.0	0.0	0.0	0.0	0.0	0.0	0.0	0.0	0.0	0.0	0.0
Bacteria;Proteobacteria;Deltaproteobacteria;Myxococcales;Unclassified;Unclassified;bacterium_Shr3	0.0	0.0	0.0	0.0	0.0	0.0	0.0	0.0	0.0	0.0	0.0	0.0	0.0	0.0	0.0	0.0	0.0	0.0	0.0	0.0	0.0	0.0	0.0	0.0	0.0	0.0	0.0	0.0	0.0	0.0	0.0	0.0	0.0	0.0	0.0	0.0	0.0	0.0	0.0	0.0	0.0	0.0	0.0	0.0	0.0	0.0	0.0	0.0	0.0	0.0	0.0	0.0	0.0	0.0	5.0	0.0	0.0	0.0	0.0	0.0	0.0	0.0	0.0	0.0	0.0	0.0	0.0	0.0	0.0	0.0	0.0	0.0	0.0	0.0	0.0	0.0	0.0	0.0	0.0	0.0	0.0	0.0	0.0	0.0	0.0	0.0	0.0	0.0
Bacteria;Proteobacteria;Deltaproteobacteria;Myxococcales;Unclassified;Unclassified;bacterium_enrichment_culture_clone_auto112_4W	0.0	0.0	0.0	0.0	0.0	0.0	0.0	0.0	0.0	0.0	0.0	0.0	0.0	0.0	0.0	0.0	8.0	0.0	0.0	0.0	0.0	0.0	0.0	0.0	0.0	0.0	0.0	0.0	0.0	0.0	0.0	0.0	0.0	0.0	0.0	0.0	0.0	0.0	0.0	0.0	0.0	0.0	0.0	0.0	0.0	0.0	0.0	0.0	0.0	0.0	0.0	0.0	0.0	0.0	0.0	0.0	0.0	0.0	0.0	0.0	0.0	0.0	0.0	0.0	0.0	0.0	0.0	0.0	0.0	0.0	0.0	0.0	0.0	0.0	0.0	0.0	0.0	0.0	0.0	0.0	0.0	0.0	0.0	0.0	0.0	0.0	0.0	0.0
Bacteria;Proteobacteria;Deltaproteobacteria;Myxococcales;Unclassified;Unclassified;bacterium_enrichment_culture_clone_heteroC6_4W	0.0	0.0	0.0	0.0	0.0	0.0	0.0	0.0	0.0	0.0	0.0	0.0	0.0	0.0	0.0	0.0	39.0	0.0	0.0	0.0	0.0	0.0	0.0	0.0	0.0	0.0	0.0	0.0	0.0	0.0	0.0	0.0	0.0	0.0	0.0	0.0	0.0	0.0	0.0	0.0	0.0	0.0	0.0	0.0	0.0	0.0	0.0	0.0	0.0	0.0	25.0	0.0	0.0	0.0	0.0	0.0	0.0	0.0	0.0	0.0	0.0	0.0	0.0	0.0	0.0	0.0	0.0	0.0	0.0	0.0	0.0	0.0	0.0	0.0	0.0	0.0	0.0	0.0	0.0	0.0	0.0	0.0	0.0	0.0	0.0	0.0	0.0	0.0
Bacteria;Proteobacteria;Deltaproteobacteria;Other;Other;Other;Other	0.0	0.0	0.0	0.0	0.0	0.0	0.0	0.0	0.0	0.0	0.0	0.0	0.0	22.0	0.0	0.0	0.0	0.0	0.0	0.0	0.0	0.0	0.0	0.0	0.0	0.0	0.0	0.0	0.0	0.0	0.0	0.0	0.0	0.0	0.0	0.0	0.0	0.0	0.0	0.0	0.0	0.0	0.0	0.0	0.0	0.0	0.0	0.0	0.0	0.0	0.0	0.0	0.0	0.0	0.0	0.0	0.0	0.0	0.0	0.0	0.0	0.0	7.0	0.0	0.0	0.0	0.0	0.0	0.0	0.0	0.0	0.0	0.0	0.0	0.0	0.0	24.0	0.0	0.0	0.0	0.0	0.0	0.0	0.0	0.0	0.0	0.0	0.0
Bacteria;Proteobacteria;Epsilonproteobacteria;Campylobacterales;Campylobacteraceae;Arcobacter;Arcobacter_butzleri	0.0	0.0	0.0	0.0	0.0	0.0	0.0	0.0	0.0	0.0	10.0	0.0	0.0	0.0	0.0	0.0	0.0	0.0	0.0	0.0	0.0	0.0	0.0	0.0	0.0	0.0	0.0	0.0	0.0	0.0	0.0	0.0	0.0	0.0	0.0	0.0	0.0	0.0	0.0	0.0	0.0	0.0	0.0	0.0	0.0	0.0	0.0	0.0	0.0	0.0	0.0	0.0	0.0	0.0	0.0	0.0	0.0	0.0	0.0	0.0	0.0	0.0	0.0	0.0	0.0	0.0	0.0	0.0	0.0	0.0	0.0	0.0	0.0	0.0	0.0	0.0	0.0	0.0	0.0	0.0	0.0	0.0	0.0	0.0	0.0	0.0	0.0	0.0
Bacteria;Proteobacteria;Epsilonproteobacteria;Campylobacterales;Campylobacteraceae;Campylobacter;Campylobacter_concisus	0.0	0.0	0.0	0.0	0.0	0.0	0.0	0.0	0.0	0.0	0.0	2.0	0.0	0.0	0.0	0.0	0.0	0.0	0.0	0.0	0.0	0.0	0.0	0.0	0.0	0.0	0.0	1.0	0.0	0.0	0.0	0.0	0.0	0.0	0.0	0.0	0.0	0.0	0.0	0.0	0.0	0.0	0.0	0.0	0.0	0.0	0.0	0.0	0.0	0.0	0.0	3.0	0.0	0.0	2.0	0.0	2.0	0.0	0.0	0.0	0.0	0.0	0.0	0.0	0.0	0.0	0.0	0.0	0.0	0.0	0.0	0.0	0.0	0.0	0.0	0.0	0.0	0.0	0.0	0.0	0.0	0.0	0.0	0.0	0.0	0.0	0.0	0.0
Bacteria;Proteobacteria;Epsilonproteobacteria;Campylobacterales;Campylobacteraceae;Campylobacter;Campylobacter_jejuni	0.0	0.0	0.0	1.0	0.0	1.0	0.0	0.0	1.0	0.0	0.0	0.0	0.0	0.0	0.0	0.0	0.0	0.0	0.0	0.0	0.0	1.0	0.0	2.0	0.0	0.0	0.0	0.0	0.0	0.0	0.0	0.0	0.0	0.0	0.0	0.0	0.0	0.0	0.0	0.0	0.0	0.0	0.0	0.0	0.0	0.0	0.0	0.0	0.0	0.0	0.0	0.0	0.0	0.0	0.0	0.0	0.0	0.0	0.0	0.0	0.0	0.0	0.0	0.0	0.0	0.0	0.0	0.0	0.0	0.0	1.0	1.0	3.0	0.0	0.0	0.0	0.0	0.0	0.0	1.0	0.0	0.0	0.0	0.0	0.0	1.0	0.0	0.0
Bacteria;Proteobacteria;Epsilonproteobacteria;Campylobacterales;Campylobacteraceae;Campylobacter;Campylobacter_ureolyticus	0.0	0.0	0.0	0.0	0.0	0.0	0.0	0.0	0.0	0.0	0.0	0.0	0.0	0.0	0.0	0.0	0.0	0.0	0.0	0.0	0.0	0.0	0.0	0.0	0.0	0.0	0.0	0.0	0.0	0.0	0.0	0.0	0.0	0.0	7.0	0.0	0.0	0.0	0.0	0.0	0.0	0.0	0.0	0.0	0.0	0.0	0.0	0.0	0.0	0.0	0.0	0.0	0.0	0.0	0.0	0.0	0.0	0.0	0.0	0.0	0.0	0.0	0.0	0.0	0.0	0.0	0.0	0.0	0.0	0.0	0.0	0.0	0.0	0.0	0.0	0.0	0.0	0.0	0.0	0.0	0.0	0.0	0.0	0.0	0.0	0.0	0.0	0.0
Bacteria;Proteobacteria;Epsilonproteobacteria;Campylobacterales;Helicobacteraceae;Helicobacter;Helicobacter_ganmani	1.0	0.0	1.0	0.0	0.0	0.0	0.0	0.0	1.0	0.0	1.0	0.0	0.0	1.0	0.0	0.0	0.0	0.0	0.0	0.0	0.0	0.0	0.0	0.0	0.0	1.0	0.0	0.0	0.0	1.0	0.0	0.0	0.0	0.0	0.0	0.0	0.0	0.0	0.0	0.0	1.0	0.0	0.0	0.0	0.0	0.0	0.0	0.0	0.0	0.0	0.0	1.0	0.0	0.0	0.0	0.0	0.0	1.0	0.0	0.0	0.0	0.0	0.0	1.0	0.0	1.0	0.0	0.0	0.0	0.0	0.0	0.0	2.0	0.0	0.0	0.0	0.0	0.0	0.0	2.0	0.0	1.0	0.0	0.0	0.0	0.0	0.0	0.0
Bacteria;Proteobacteria;Gammaproteobacteria;Acidithiobacillales;Other;Other;Other	0.0	0.0	0.0	0.0	0.0	0.0	0.0	0.0	0.0	0.0	0.0	0.0	0.0	0.0	0.0	0.0	0.0	0.0	0.0	0.0	0.0	0.0	0.0	0.0	0.0	0.0	0.0	0.0	113.0	0.0	0.0	0.0	0.0	0.0	0.0	0.0	0.0	0.0	0.0	0.0	0.0	0.0	0.0	0.0	0.0	0.0	0.0	0.0	0.0	0.0	0.0	0.0	0.0	0.0	0.0	0.0	0.0	0.0	0.0	0.0	0.0	0.0	0.0	0.0	0.0	0.0	0.0	0.0	0.0	0.0	0.0	0.0	0.0	0.0	0.0	0.0	0.0	0.0	0.0	0.0	0.0	0.0	0.0	0.0	0.0	0.0	0.0	0.0
Bacteria;Proteobacteria;Gammaproteobacteria;Aeromonadales;Aeromonadaceae;Aeromonas;Aeromonas_salmonicida	0.0	0.0	0.0	0.0	0.0	0.0	0.0	0.0	0.0	118.0	0.0	0.0	0.0	0.0	0.0	0.0	0.0	0.0	27.0	0.0	0.0	0.0	25.0	0.0	0.0	0.0	0.0	0.0	0.0	0.0	0.0	0.0	0.0	0.0	0.0	0.0	0.0	0.0	0.0	0.0	0.0	0.0	0.0	0.0	0.0	0.0	0.0	0.0	0.0	0.0	0.0	0.0	0.0	0.0	0.0	0.0	0.0	0.0	0.0	0.0	0.0	0.0	0.0	0.0	0.0	1.0	0.0	0.0	0.0	0.0	174.0	0.0	1.0	0.0	0.0	0.0	0.0	0.0	0.0	0.0	0.0	0.0	0.0	0.0	0.0	0.0	0.0	0.0
Bacteria;Proteobacteria;Gammaproteobacteria;Aeromonadales;Aeromonadaceae;Aeromonas;Other	0.0	0.0	0.0	0.0	0.0	0.0	0.0	0.0	0.0	0.0	0.0	0.0	0.0	0.0	0.0	0.0	0.0	0.0	0.0	0.0	0.0	0.0	0.0	0.0	22.0	0.0	0.0	0.0	0.0	0.0	0.0	0.0	0.0	0.0	0.0	0.0	0.0	0.0	0.0	0.0	0.0	0.0	0.0	0.0	0.0	0.0	0.0	0.0	0.0	0.0	0.0	0.0	0.0	0.0	0.0	0.0	0.0	0.0	0.0	0.0	0.0	0.0	0.0	206.0	0.0	0.0	0.0	0.0	0.0	0.0	0.0	0.0	0.0	0.0	0.0	0.0	0.0	0.0	0.0	0.0	0.0	0.0	0.0	0.0	0.0	0.0	0.0	0.0
Bacteria;Proteobacteria;Gammaproteobacteria;Alteromonadales;Alteromonadaceae;Alishewanella;Other	0.0	0.0	0.0	0.0	0.0	0.0	0.0	0.0	0.0	0.0	0.0	0.0	0.0	0.0	0.0	0.0	0.0	0.0	0.0	0.0	0.0	0.0	0.0	0.0	0.0	0.0	0.0	0.0	5.0	0.0	0.0	0.0	0.0	0.0	0.0	0.0	0.0	0.0	0.0	0.0	0.0	0.0	15.0	0.0	0.0	0.0	0.0	0.0	0.0	0.0	0.0	0.0	0.0	0.0	154.0	0.0	0.0	0.0	0.0	0.0	0.0	0.0	0.0	0.0	63.0	0.0	0.0	0.0	0.0	0.0	0.0	0.0	0.0	0.0	0.0	0.0	0.0	0.0	0.0	0.0	0.0	333.0	0.0	0.0	0.0	0.0	0.0	0.0
Bacteria;Proteobacteria;Gammaproteobacteria;Alteromonadales;Alteromonadaceae;Microbulbifer;Microbulbifer_taiwanensis	0.0	0.0	0.0	0.0	0.0	0.0	111.0	0.0	0.0	0.0	0.0	0.0	0.0	0.0	0.0	0.0	0.0	0.0	0.0	0.0	0.0	0.0	0.0	0.0	0.0	0.0	0.0	0.0	0.0	0.0	0.0	0.0	0.0	18.0	0.0	0.0	62.0	0.0	0.0	0.0	0.0	0.0	0.0	0.0	0.0	0.0	0.0	0.0	0.0	52.0	0.0	0.0	0.0	0.0	0.0	0.0	0.0	0.0	0.0	0.0	0.0	0.0	0.0	0.0	0.0	0.0	0.0	0.0	0.0	0.0	0.0	0.0	0.0	0.0	0.0	0.0	0.0	0.0	0.0	0.0	0.0	0.0	0.0	0.0	0.0	0.0	0.0	0.0
Bacteria;Proteobacteria;Gammaproteobacteria;Alteromonadales;Alteromonadaceae;Simiduia;Other	0.0	0.0	0.0	0.0	0.0	0.0	0.0	0.0	0.0	0.0	0.0	0.0	0.0	0.0	0.0	0.0	0.0	0.0	0.0	0.0	0.0	0.0	0.0	0.0	0.0	0.0	0.0	0.0	0.0	0.0	0.0	0.0	0.0	0.0	0.0	0.0	0.0	0.0	0.0	0.0	0.0	0.0	0.0	0.0	0.0	0.0	0.0	0.0	0.0	0.0	0.0	0.0	0.0	0.0	0.0	0.0	0.0	0.0	0.0	0.0	0.0	15.0	0.0	29.0	0.0	0.0	0.0	0.0	0.0	0.0	0.0	0.0	0.0	0.0	0.0	0.0	0.0	0.0	0.0	0.0	0.0	0.0	0.0	0.0	0.0	0.0	0.0	0.0
Bacteria;Proteobacteria;Gammaproteobacteria;Alteromonadales;Pseudoalteromonadaceae;Pseudoalteromonas;Other	123.0	0.0	0.0	0.0	0.0	0.0	0.0	0.0	0.0	0.0	0.0	0.0	0.0	0.0	0.0	0.0	0.0	0.0	0.0	0.0	0.0	0.0	0.0	0.0	0.0	0.0	0.0	0.0	0.0	0.0	0.0	0.0	0.0	0.0	0.0	0.0	0.0	0.0	0.0	0.0	0.0	0.0	0.0	0.0	0.0	0.0	0.0	0.0	0.0	0.0	0.0	0.0	0.0	0.0	0.0	0.0	1.0	0.0	0.0	0.0	0.0	0.0	0.0	0.0	0.0	0.0	0.0	0.0	0.0	0.0	0.0	0.0	0.0	0.0	0.0	0.0	0.0	0.0	0.0	0.0	0.0	0.0	0.0	0.0	0.0	0.0	0.0	0.0
Bacteria;Proteobacteria;Gammaproteobacteria;Chromatiales;Chromatiaceae;Rheinheimera;Other	0.0	0.0	0.0	0.0	0.0	0.0	0.0	0.0	0.0	0.0	0.0	0.0	0.0	0.0	6.0	0.0	0.0	0.0	0.0	0.0	0.0	0.0	0.0	0.0	0.0	0.0	0.0	0.0	0.0	0.0	0.0	0.0	0.0	0.0	0.0	0.0	0.0	0.0	0.0	0.0	0.0	0.0	0.0	0.0	0.0	0.0	0.0	0.0	0.0	0.0	0.0	0.0	0.0	0.0	0.0	0.0	0.0	0.0	0.0	0.0	0.0	0.0	0.0	0.0	0.0	0.0	0.0	0.0	0.0	0.0	0.0	0.0	0.0	0.0	0.0	0.0	0.0	0.0	0.0	0.0	0.0	0.0	0.0	0.0	0.0	0.0	7.0	0.0
Bacteria;Proteobacteria;Gammaproteobacteria;Chromatiales;Ectothiorhodospiraceae;Acidiferrobacter;Other	0.0	0.0	0.0	0.0	0.0	0.0	0.0	5.0	0.0	0.0	0.0	0.0	0.0	0.0	0.0	0.0	0.0	0.0	0.0	0.0	0.0	0.0	0.0	0.0	0.0	0.0	0.0	0.0	0.0	0.0	0.0	0.0	0.0	0.0	32.0	0.0	0.0	0.0	0.0	0.0	0.0	0.0	0.0	0.0	0.0	0.0	0.0	0.0	0.0	0.0	0.0	0.0	0.0	0.0	0.0	0.0	0.0	0.0	0.0	0.0	0.0	0.0	0.0	0.0	0.0	0.0	0.0	0.0	0.0	0.0	0.0	0.0	0.0	0.0	0.0	0.0	0.0	0.0	0.0	0.0	0.0	0.0	0.0	0.0	0.0	0.0	0.0	0.0
Bacteria;Proteobacteria;Gammaproteobacteria;Enterobacteriales;Enterobacteriaceae;Hafnia;Hafnia_alvei	0.0	0.0	47.0	162.0	0.0	0.0	0.0	0.0	0.0	0.0	0.0	0.0	0.0	40.0	0.0	2.0	22.0	3.0	1.0	0.0	142.0	84.0	0.0	60.0	0.0	0.0	0.0	0.0	0.0	0.0	247.0	0.0	1.0	0.0	0.0	0.0	0.0	366.0	25.0	0.0	2.0	0.0	4.0	0.0	0.0	0.0	0.0	0.0	0.0	108.0	62.0	0.0	0.0	0.0	0.0	1.0	0.0	0.0	0.0	2.0	0.0	0.0	0.0	32.0	45.0	890.0	0.0	0.0	0.0	8.0	0.0	0.0	2.0	0.0	0.0	208.0	0.0	0.0	32.0	0.0	0.0	0.0	14.0	0.0	0.0	0.0	0.0	0.0
Bacteria;Proteobacteria;Gammaproteobacteria;Enterobacteriales;Enterobacteriaceae;Klebsiella;Other	426.0	889.0	252.0	128.0	925.0	1027.0	1275.0	329.0	1126.0	225.0	659.0	37.0	38.0	129.0	7.0	0.0	33.0	339.0	306.0	144.0	108.0	720.0	236.0	406.0	859.0	307.0	0.0	134.0	161.0	765.0	36.0	303.0	111.0	530.0	65.0	222.0	115.0	1.0	177.0	287.0	111.0	16.0	117.0	5.0	7.0	241.0	4.0	58.0	25.0	0.0	586.0	574.0	559.0	2038.0	79.0	1.0	60.0	360.0	85.0	546.0	38.0	346.0	13.0	149.0	76.0	1.0	24.0	232.0	53.0	64.0	27.0	586.0	469.0	320.0	855.0	191.0	899.0	622.0	238.0	53.0	678.0	630.0	253.0	511.0	521.0	147.0	312.0	7.0
Bacteria;Proteobacteria;Gammaproteobacteria;Enterobacteriales;Enterobacteriaceae;Morganella;Morganella_morganii	0.0	0.0	0.0	0.0	0.0	0.0	0.0	0.0	0.0	0.0	0.0	0.0	0.0	0.0	0.0	0.0	0.0	0.0	0.0	0.0	0.0	0.0	0.0	0.0	0.0	0.0	0.0	0.0	0.0	0.0	0.0	0.0	0.0	0.0	0.0	0.0	0.0	0.0	0.0	0.0	0.0	0.0	0.0	0.0	0.0	0.0	0.0	0.0	0.0	0.0	0.0	0.0	0.0	0.0	0.0	0.0	0.0	0.0	0.0	0.0	0.0	0.0	0.0	0.0	0.0	0.0	0.0	0.0	0.0	0.0	0.0	0.0	0.0	0.0	0.0	0.0	0.0	0.0	0.0	0.0	0.0	40.0	0.0	0.0	0.0	0.0	0.0	0.0
Bacteria;Proteobacteria;Gammaproteobacteria;Enterobacteriales;Enterobacteriaceae;Pantoea;Other	0.0	0.0	0.0	0.0	0.0	0.0	0.0	0.0	0.0	0.0	0.0	0.0	0.0	0.0	0.0	0.0	0.0	0.0	0.0	0.0	9.0	0.0	0.0	0.0	0.0	0.0	0.0	0.0	0.0	0.0	0.0	0.0	0.0	0.0	0.0	0.0	0.0	0.0	0.0	0.0	0.0	0.0	0.0	0.0	0.0	0.0	0.0	0.0	0.0	0.0	0.0	0.0	0.0	0.0	0.0	0.0	0.0	0.0	0.0	0.0	0.0	0.0	0.0	0.0	0.0	0.0	0.0	0.0	0.0	0.0	0.0	0.0	0.0	0.0	0.0	0.0	0.0	0.0	0.0	0.0	0.0	0.0	0.0	0.0	0.0	0.0	0.0	0.0
Bacteria;Proteobacteria;Gammaproteobacteria;Enterobacteriales;Enterobacteriaceae;Pantoea;Pantoea_dispersa	79.0	118.0	1.0	1.0	19.0	263.0	79.0	10.0	400.0	46.0	128.0	103.0	2.0	60.0	2.0	0.0	83.0	84.0	193.0	1.0	3.0	1.0	0.0	47.0	0.0	28.0	0.0	0.0	0.0	75.0	28.0	254.0	57.0	220.0	118.0	0.0	13.0	0.0	226.0	16.0	43.0	0.0	1.0	24.0	226.0	0.0	74.0	235.0	0.0	0.0	45.0	0.0	0.0	27.0	0.0	0.0	215.0	246.0	38.0	0.0	378.0	193.0	1.0	193.0	744.0	4.0	0.0	0.0	52.0	351.0	9.0	635.0	39.0	104.0	108.0	2.0	153.0	55.0	1.0	4.0	151.0	24.0	0.0	83.0	32.0	19.0	98.0	0.0
Bacteria;Proteobacteria;Gammaproteobacteria;Enterobacteriales;Enterobacteriaceae;Proteus;Proteus_mirabilis	0.0	0.0	0.0	0.0	0.0	0.0	0.0	0.0	0.0	0.0	1.0	0.0	0.0	79.0	0.0	0.0	0.0	0.0	0.0	0.0	0.0	0.0	0.0	0.0	0.0	0.0	0.0	0.0	0.0	0.0	0.0	0.0	0.0	20.0	0.0	0.0	0.0	0.0	1.0	0.0	1.0	0.0	0.0	103.0	0.0	0.0	0.0	0.0	0.0	44.0	0.0	0.0	0.0	0.0	0.0	0.0	0.0	0.0	0.0	396.0	0.0	2.0	0.0	0.0	0.0	0.0	0.0	278.0	10.0	0.0	0.0	0.0	0.0	0.0	0.0	0.0	0.0	0.0	0.0	0.0	0.0	0.0	0.0	0.0	0.0	0.0	0.0	0.0
Bacteria;Proteobacteria;Gammaproteobacteria;Enterobacteriales;Enterobacteriaceae;Providencia;Providencia_rettgeri	0.0	0.0	0.0	0.0	0.0	0.0	0.0	0.0	0.0	0.0	28.0	0.0	0.0	1.0	2.0	0.0	0.0	0.0	0.0	0.0	0.0	0.0	0.0	0.0	0.0	0.0	0.0	0.0	0.0	0.0	0.0	0.0	0.0	0.0	0.0	0.0	0.0	0.0	0.0	0.0	5.0	0.0	0.0	0.0	0.0	0.0	0.0	19.0	0.0	0.0	0.0	91.0	0.0	0.0	0.0	0.0	0.0	0.0	0.0	0.0	0.0	0.0	0.0	0.0	0.0	0.0	0.0	0.0	0.0	0.0	0.0	0.0	0.0	0.0	28.0	0.0	0.0	0.0	0.0	0.0	214.0	0.0	0.0	0.0	0.0	0.0	0.0	0.0
Bacteria;Proteobacteria;Gammaproteobacteria;Enterobacteriales;Enterobacteriaceae;Serratia;Serratia_marcescens	0.0	0.0	0.0	0.0	0.0	0.0	0.0	0.0	0.0	0.0	18.0	0.0	0.0	0.0	0.0	0.0	0.0	0.0	0.0	0.0	0.0	141.0	0.0	9.0	0.0	0.0	0.0	0.0	0.0	0.0	0.0	0.0	0.0	0.0	0.0	0.0	0.0	0.0	0.0	0.0	0.0	0.0	0.0	1.0	0.0	0.0	0.0	0.0	0.0	0.0	2.0	0.0	0.0	0.0	0.0	0.0	0.0	0.0	0.0	0.0	0.0	27.0	0.0	0.0	0.0	0.0	64.0	0.0	0.0	0.0	0.0	0.0	14.0	208.0	108.0	0.0	3.0	0.0	0.0	21.0	0.0	0.0	0.0	1.0	0.0	0.0	0.0	0.0
Bacteria;Proteobacteria;Gammaproteobacteria;Enterobacteriales;Enterobacteriaceae;Tatumella;Rosenbergiella_nectarea	0.0	0.0	0.0	0.0	0.0	0.0	0.0	0.0	0.0	0.0	0.0	0.0	0.0	0.0	0.0	0.0	0.0	0.0	0.0	0.0	0.0	0.0	0.0	0.0	0.0	18.0	0.0	0.0	0.0	0.0	0.0	0.0	0.0	0.0	0.0	0.0	0.0	0.0	0.0	0.0	0.0	0.0	0.0	0.0	0.0	0.0	0.0	0.0	0.0	0.0	0.0	0.0	0.0	0.0	0.0	0.0	0.0	0.0	0.0	0.0	0.0	0.0	0.0	0.0	0.0	0.0	0.0	0.0	0.0	0.0	11.0	0.0	0.0	0.0	0.0	0.0	0.0	0.0	0.0	0.0	0.0	0.0	0.0	0.0	0.0	0.0	0.0	0.0
Bacteria;Proteobacteria;Gammaproteobacteria;Enterobacteriales;Enterobacteriaceae;Unclassified;Escherichia_coli	128.0	1422.0	2045.0	930.0	1748.0	278.0	184.0	190.0	1.0	477.0	143.0	199.0	414.0	485.0	3.0	1.0	2132.0	498.0	1381.0	783.0	1335.0	153.0	135.0	293.0	526.0	73.0	36.0	1449.0	51.0	2503.0	10.0	5.0	1357.0	93.0	140.0	3271.0	1374.0	1.0	62.0	346.0	19.0	1450.0	2781.0	4.0	463.0	2077.0	37.0	6.0	3003.0	2709.0	867.0	507.0	135.0	457.0	109.0	1417.0	153.0	43.0	2172.0	417.0	173.0	1119.0	516.0	174.0	185.0	15.0	1851.0	57.0	258.0	30.0	30.0	922.0	111.0	0.0	1214.0	1332.0	6.0	24.0	1328.0	784.0	717.0	0.0	3655.0	124.0	2.0	660.0	1134.0	600.0
Bacteria;Proteobacteria;Gammaproteobacteria;Legionellales;Coxiellaceae;Aquicella;Other	0.0	0.0	0.0	0.0	0.0	0.0	0.0	0.0	0.0	0.0	0.0	0.0	1.0	0.0	0.0	0.0	0.0	0.0	15.0	48.0	0.0	0.0	0.0	0.0	0.0	0.0	0.0	0.0	0.0	0.0	0.0	0.0	0.0	0.0	0.0	0.0	0.0	0.0	0.0	0.0	0.0	0.0	0.0	0.0	0.0	0.0	0.0	0.0	0.0	0.0	0.0	0.0	0.0	23.0	0.0	0.0	0.0	0.0	0.0	0.0	0.0	0.0	0.0	0.0	0.0	0.0	0.0	0.0	0.0	0.0	0.0	0.0	0.0	0.0	0.0	0.0	0.0	0.0	0.0	0.0	0.0	0.0	0.0	0.0	0.0	0.0	0.0	0.0
Bacteria;Proteobacteria;Gammaproteobacteria;Legionellales;Coxiellaceae;Coxiella;Other	0.0	0.0	0.0	0.0	0.0	0.0	0.0	0.0	0.0	0.0	0.0	0.0	0.0	0.0	0.0	0.0	0.0	0.0	0.0	0.0	0.0	0.0	0.0	0.0	0.0	0.0	0.0	0.0	0.0	0.0	0.0	0.0	0.0	0.0	0.0	0.0	0.0	0.0	45.0	0.0	0.0	0.0	0.0	0.0	0.0	0.0	0.0	0.0	0.0	0.0	0.0	0.0	0.0	0.0	0.0	0.0	0.0	0.0	0.0	0.0	0.0	0.0	0.0	0.0	0.0	0.0	0.0	0.0	0.0	0.0	0.0	0.0	0.0	0.0	0.0	0.0	0.0	0.0	0.0	0.0	0.0	0.0	0.0	0.0	0.0	0.0	0.0	0.0
Bacteria;Proteobacteria;Gammaproteobacteria;Legionellales;Legionellaceae;Legionella;Other	0.0	0.0	0.0	0.0	0.0	0.0	0.0	106.0	0.0	0.0	0.0	0.0	4.0	0.0	0.0	0.0	0.0	0.0	0.0	0.0	0.0	0.0	0.0	0.0	0.0	0.0	0.0	0.0	0.0	0.0	0.0	0.0	0.0	0.0	0.0	0.0	0.0	0.0	0.0	0.0	5.0	0.0	0.0	0.0	0.0	0.0	0.0	0.0	0.0	0.0	0.0	0.0	0.0	0.0	0.0	0.0	0.0	0.0	0.0	0.0	0.0	0.0	0.0	0.0	0.0	0.0	0.0	0.0	0.0	0.0	0.0	0.0	0.0	0.0	0.0	0.0	0.0	0.0	0.0	0.0	1.0	0.0	0.0	3.0	0.0	0.0	0.0	0.0
Bacteria;Proteobacteria;Gammaproteobacteria;Oceanospirillales;Alcanivoracaceae;Alcanivorax;Other	0.0	0.0	0.0	0.0	0.0	0.0	0.0	0.0	0.0	0.0	0.0	0.0	6.0	0.0	0.0	0.0	0.0	0.0	0.0	0.0	0.0	0.0	0.0	0.0	0.0	0.0	0.0	0.0	0.0	0.0	0.0	0.0	0.0	0.0	0.0	0.0	0.0	0.0	0.0	0.0	30.0	0.0	0.0	0.0	0.0	0.0	0.0	0.0	0.0	0.0	0.0	0.0	0.0	0.0	0.0	0.0	0.0	0.0	0.0	0.0	0.0	0.0	0.0	0.0	0.0	0.0	0.0	0.0	0.0	0.0	0.0	0.0	0.0	0.0	0.0	0.0	0.0	0.0	0.0	0.0	0.0	0.0	0.0	0.0	0.0	0.0	0.0	0.0
Bacteria;Proteobacteria;Gammaproteobacteria;Oceanospirillales;Halomonadaceae;Halomonas;Halomonas_stevensii_S18214	0.0	0.0	0.0	0.0	0.0	0.0	0.0	0.0	0.0	194.0	0.0	0.0	0.0	0.0	0.0	0.0	0.0	0.0	0.0	0.0	0.0	0.0	0.0	0.0	0.0	0.0	0.0	0.0	0.0	0.0	0.0	0.0	0.0	0.0	0.0	0.0	0.0	0.0	0.0	0.0	0.0	0.0	0.0	48.0	0.0	0.0	0.0	0.0	0.0	0.0	0.0	0.0	0.0	0.0	0.0	0.0	0.0	0.0	0.0	0.0	0.0	0.0	0.0	0.0	0.0	0.0	0.0	0.0	0.0	0.0	0.0	0.0	0.0	0.0	0.0	0.0	0.0	0.0	0.0	0.0	0.0	0.0	0.0	0.0	0.0	0.0	0.0	0.0
Bacteria;Proteobacteria;Gammaproteobacteria;Oceanospirillales;Oceanospirillaceae;Marinomonas;Achromobacter_cholinophagum	0.0	0.0	0.0	0.0	0.0	0.0	0.0	0.0	0.0	0.0	0.0	0.0	0.0	0.0	0.0	0.0	0.0	0.0	0.0	0.0	0.0	0.0	0.0	0.0	0.0	0.0	0.0	0.0	0.0	0.0	0.0	0.0	0.0	0.0	0.0	0.0	0.0	0.0	0.0	0.0	0.0	0.0	0.0	0.0	0.0	0.0	0.0	0.0	0.0	0.0	0.0	0.0	0.0	0.0	0.0	0.0	0.0	0.0	0.0	0.0	0.0	0.0	0.0	0.0	0.0	233.0	0.0	0.0	0.0	0.0	0.0	0.0	0.0	0.0	0.0	0.0	0.0	0.0	0.0	0.0	0.0	0.0	0.0	0.0	0.0	0.0	0.0	0.0
Bacteria;Proteobacteria;Gammaproteobacteria;Oceanospirillales;Oceanospirillaceae;Pseudospirillum;Other	0.0	0.0	0.0	0.0	0.0	0.0	0.0	0.0	0.0	0.0	0.0	0.0	59.0	0.0	0.0	0.0	1.0	0.0	0.0	1.0	0.0	0.0	0.0	0.0	0.0	0.0	0.0	0.0	0.0	0.0	0.0	0.0	0.0	0.0	0.0	0.0	0.0	0.0	0.0	0.0	10.0	0.0	0.0	0.0	0.0	0.0	0.0	0.0	0.0	0.0	0.0	0.0	0.0	0.0	0.0	0.0	0.0	0.0	0.0	0.0	0.0	0.0	0.0	0.0	0.0	0.0	0.0	1.0	0.0	41.0	0.0	0.0	0.0	0.0	0.0	0.0	0.0	0.0	0.0	0.0	0.0	0.0	0.0	0.0	0.0	0.0	0.0	0.0
Bacteria;Proteobacteria;Gammaproteobacteria;Oceanospirillales;Oleiphilaceae;Oleiphilus;Other	0.0	0.0	0.0	0.0	0.0	0.0	0.0	0.0	0.0	0.0	0.0	0.0	0.0	0.0	0.0	0.0	32.0	0.0	0.0	0.0	0.0	0.0	0.0	0.0	0.0	0.0	0.0	0.0	0.0	0.0	0.0	0.0	0.0	0.0	0.0	0.0	0.0	0.0	0.0	0.0	0.0	0.0	0.0	0.0	0.0	0.0	0.0	0.0	0.0	0.0	0.0	0.0	0.0	0.0	0.0	0.0	0.0	0.0	0.0	0.0	0.0	0.0	0.0	0.0	0.0	0.0	0.0	0.0	0.0	0.0	0.0	0.0	0.0	0.0	0.0	0.0	0.0	0.0	0.0	0.0	0.0	0.0	0.0	0.0	0.0	0.0	0.0	0.0
Bacteria;Proteobacteria;Gammaproteobacteria;Other;Other;Other;Other	0.0	0.0	1.0	0.0	0.0	0.0	164.0	0.0	0.0	0.0	0.0	0.0	0.0	0.0	0.0	0.0	2.0	0.0	0.0	0.0	74.0	0.0	0.0	0.0	0.0	4.0	0.0	0.0	0.0	0.0	0.0	0.0	0.0	0.0	0.0	0.0	11.0	0.0	0.0	0.0	0.0	0.0	0.0	0.0	0.0	0.0	0.0	0.0	0.0	29.0	0.0	0.0	0.0	0.0	0.0	0.0	0.0	0.0	0.0	0.0	0.0	0.0	0.0	0.0	0.0	0.0	0.0	0.0	8.0	0.0	0.0	0.0	0.0	0.0	25.0	0.0	13.0	0.0	0.0	0.0	0.0	0.0	63.0	0.0	0.0	0.0	0.0	4.0
Bacteria;Proteobacteria;Gammaproteobacteria;Pasteurellales;Pasteurellaceae;Aggregatibacter;Other	0.0	0.0	0.0	0.0	0.0	0.0	0.0	0.0	0.0	0.0	0.0	0.0	0.0	0.0	0.0	0.0	0.0	0.0	0.0	0.0	0.0	0.0	0.0	0.0	0.0	0.0	0.0	0.0	0.0	0.0	0.0	0.0	0.0	0.0	0.0	0.0	0.0	0.0	0.0	0.0	0.0	0.0	0.0	0.0	0.0	0.0	0.0	0.0	0.0	0.0	0.0	0.0	0.0	0.0	12.0	0.0	4.0	0.0	0.0	0.0	0.0	0.0	1.0	0.0	0.0	0.0	0.0	0.0	0.0	0.0	0.0	0.0	0.0	0.0	0.0	0.0	0.0	0.0	0.0	0.0	0.0	0.0	0.0	0.0	0.0	0.0	0.0	0.0
Bacteria;Proteobacteria;Gammaproteobacteria;Pasteurellales;Pasteurellaceae;Haemophilus;Haemophilus_influenzae	0.0	0.0	0.0	0.0	0.0	0.0	0.0	0.0	0.0	0.0	0.0	0.0	0.0	0.0	0.0	0.0	2.0	0.0	0.0	0.0	0.0	0.0	0.0	0.0	0.0	0.0	0.0	0.0	0.0	3.0	0.0	0.0	0.0	0.0	0.0	0.0	0.0	0.0	0.0	0.0	0.0	0.0	0.0	0.0	0.0	0.0	0.0	0.0	0.0	0.0	0.0	21.0	0.0	0.0	15.0	0.0	0.0	0.0	0.0	0.0	0.0	0.0	1.0	0.0	0.0	0.0	0.0	0.0	0.0	0.0	0.0	0.0	0.0	0.0	0.0	0.0	0.0	0.0	0.0	0.0	0.0	0.0	0.0	0.0	0.0	0.0	0.0	0.0
Bacteria;Proteobacteria;Gammaproteobacteria;Pasteurellales;Pasteurellaceae;Haemophilus;Haemophilus_parainfluenzae	0.0	0.0	0.0	0.0	0.0	0.0	0.0	0.0	0.0	74.0	0.0	80.0	7.0	0.0	0.0	0.0	17.0	0.0	111.0	0.0	0.0	0.0	0.0	2.0	0.0	0.0	0.0	0.0	0.0	0.0	0.0	0.0	0.0	0.0	156.0	0.0	203.0	0.0	1.0	0.0	4.0	0.0	2.0	0.0	0.0	0.0	0.0	0.0	12.0	0.0	42.0	0.0	0.0	0.0	0.0	10.0	16.0	35.0	2.0	0.0	42.0	0.0	115.0	0.0	0.0	1.0	58.0	0.0	19.0	0.0	0.0	0.0	0.0	0.0	0.0	0.0	0.0	0.0	0.0	0.0	0.0	0.0	0.0	43.0	0.0	0.0	0.0	0.0
Bacteria;Proteobacteria;Gammaproteobacteria;Pasteurellales;Pasteurellaceae;Haemophilus;Haemophilus_parainfluenzae_T3T1	0.0	0.0	0.0	0.0	115.0	0.0	10.0	176.0	93.0	0.0	0.0	162.0	10.0	22.0	0.0	0.0	149.0	1.0	227.0	11.0	168.0	3.0	20.0	0.0	0.0	37.0	0.0	0.0	0.0	43.0	112.0	0.0	202.0	59.0	98.0	115.0	18.0	264.0	1.0	0.0	25.0	0.0	52.0	37.0	0.0	0.0	48.0	217.0	75.0	0.0	184.0	0.0	0.0	138.0	0.0	10.0	171.0	103.0	21.0	0.0	0.0	0.0	1.0	146.0	0.0	2.0	134.0	1.0	222.0	0.0	100.0	1.0	83.0	223.0	0.0	1.0	103.0	2.0	59.0	0.0	0.0	0.0	61.0	30.0	0.0	148.0	30.0	52.0
Bacteria;Proteobacteria;Gammaproteobacteria;Pseudomonadales;Moraxellaceae;Acinetobacter;Acinetobacter_calcoaceticus	98.0	48.0	0.0	36.0	0.0	0.0	162.0	0.0	0.0	0.0	0.0	0.0	0.0	1.0	0.0	2.0	4.0	24.0	2.0	0.0	0.0	93.0	1.0	106.0	0.0	0.0	0.0	107.0	223.0	332.0	272.0	99.0	0.0	152.0	42.0	0.0	7.0	0.0	0.0	0.0	10.0	0.0	0.0	0.0	0.0	0.0	0.0	161.0	5.0	1.0	144.0	9.0	89.0	0.0	0.0	0.0	9.0	1.0	0.0	0.0	0.0	40.0	17.0	0.0	0.0	1244.0	42.0	7.0	16.0	0.0	0.0	0.0	0.0	0.0	136.0	38.0	21.0	0.0	0.0	0.0	15.0	0.0	0.0	0.0	0.0	0.0	120.0	0.0
Bacteria;Proteobacteria;Gammaproteobacteria;Pseudomonadales;Moraxellaceae;Acinetobacter;Acinetobacter_guillouiae	788.0	1253.0	986.0	391.0	1861.0	1276.0	662.0	761.0	1531.0	921.0	145.0	6.0	75.0	460.0	1945.0	1147.0	245.0	725.0	420.0	1221.0	1306.0	254.0	559.0	89.0	1081.0	163.0	1252.0	635.0	1598.0	574.0	819.0	1637.0	459.0	743.0	491.0	765.0	430.0	2551.0	444.0	1536.0	60.0	1605.0	53.0	456.0	2955.0	2839.0	1993.0	1463.0	231.0	1307.0	572.0	1384.0	1266.0	1103.0	521.0	260.0	76.0	605.0	82.0	1375.0	1116.0	86.0	522.0	937.0	1998.0	2024.0	85.0	885.0	6.0	979.0	412.0	562.0	498.0	163.0	187.0	1913.0	509.0	2630.0	359.0	373.0	730.0	1077.0	268.0	447.0	1439.0	2198.0	414.0	929.0
Bacteria;Proteobacteria;Gammaproteobacteria;Pseudomonadales;Moraxellaceae;Acinetobacter;Acinetobacter_lwoffii	91.0	464.0	0.0	18.0	0.0	161.0	56.0	103.0	0.0	0.0	1.0	0.0	0.0	43.0	0.0	69.0	0.0	0.0	0.0	0.0	38.0	21.0	70.0	0.0	0.0	1.0	0.0	0.0	63.0	1.0	0.0	191.0	0.0	0.0	21.0	0.0	88.0	0.0	0.0	0.0	30.0	29.0	0.0	0.0	1.0	0.0	121.0	22.0	5.0	0.0	0.0	0.0	8.0	3.0	0.0	0.0	1.0	0.0	0.0	312.0	0.0	0.0	0.0	70.0	0.0	0.0	0.0	6849.0	8.0	0.0	130.0	0.0	42.0	0.0	0.0	212.0	29.0	0.0	93.0	0.0	0.0	0.0	0.0	7.0	0.0	0.0	62.0	0.0
Bacteria;Proteobacteria;Gammaproteobacteria;Pseudomonadales;Moraxellaceae;Acinetobacter;Acinetobacter_marinus	0.0	0.0	0.0	0.0	0.0	0.0	0.0	0.0	0.0	0.0	0.0	0.0	0.0	0.0	0.0	0.0	0.0	0.0	0.0	0.0	0.0	0.0	0.0	0.0	0.0	0.0	0.0	0.0	0.0	0.0	0.0	0.0	0.0	0.0	0.0	0.0	0.0	0.0	0.0	0.0	0.0	0.0	0.0	0.0	0.0	0.0	0.0	0.0	0.0	0.0	0.0	0.0	0.0	0.0	43.0	0.0	0.0	0.0	0.0	0.0	0.0	0.0	0.0	0.0	0.0	0.0	0.0	0.0	0.0	0.0	0.0	0.0	0.0	0.0	0.0	0.0	0.0	0.0	0.0	0.0	0.0	0.0	0.0	0.0	0.0	0.0	0.0	0.0
Bacteria;Proteobacteria;Gammaproteobacteria;Pseudomonadales;Moraxellaceae;Acinetobacter;Acinetobacter_ursingii	0.0	0.0	0.0	0.0	0.0	0.0	0.0	0.0	0.0	0.0	0.0	0.0	0.0	0.0	0.0	142.0	0.0	0.0	0.0	0.0	0.0	0.0	0.0	0.0	0.0	0.0	0.0	0.0	0.0	0.0	0.0	0.0	0.0	0.0	0.0	0.0	0.0	0.0	0.0	0.0	0.0	0.0	0.0	0.0	0.0	0.0	0.0	1.0	0.0	0.0	0.0	0.0	0.0	0.0	0.0	0.0	3.0	0.0	0.0	0.0	0.0	0.0	0.0	0.0	0.0	0.0	0.0	0.0	0.0	0.0	0.0	68.0	101.0	0.0	0.0	0.0	0.0	0.0	0.0	0.0	0.0	0.0	0.0	0.0	0.0	0.0	0.0	0.0
Bacteria;Proteobacteria;Gammaproteobacteria;Pseudomonadales;Moraxellaceae;Acinetobacter;Other	1612.0	1763.0	2133.0	1026.0	1999.0	1011.0	2650.0	952.0	1648.0	1323.0	203.0	3.0	60.0	1923.0	1776.0	3514.0	246.0	2233.0	844.0	1305.0	1459.0	599.0	618.0	651.0	1073.0	873.0	1202.0	758.0	1449.0	820.0	2974.0	1356.0	728.0	1608.0	209.0	1322.0	470.0	1109.0	438.0	1334.0	124.0	1200.0	212.0	1316.0	2946.0	3481.0	2500.0	2789.0	269.0	1167.0	409.0	1508.0	3738.0	321.0	596.0	580.0	55.0	248.0	172.0	882.0	1125.0	47.0	1941.0	922.0	2783.0	4617.0	303.0	10212.0	151.0	605.0	1612.0	2527.0	592.0	849.0	257.0	3721.0	843.0	2085.0	749.0	353.0	429.0	1345.0	933.0	597.0	727.0	2919.0	616.0	1553.0
Bacteria;Proteobacteria;Gammaproteobacteria;Pseudomonadales;Moraxellaceae;Alkanindiges;Other	0.0	54.0	0.0	0.0	0.0	0.0	0.0	0.0	0.0	0.0	0.0	0.0	0.0	0.0	0.0	0.0	0.0	0.0	0.0	0.0	0.0	0.0	0.0	0.0	0.0	3.0	0.0	0.0	82.0	0.0	0.0	0.0	0.0	0.0	0.0	0.0	0.0	0.0	0.0	0.0	0.0	0.0	0.0	0.0	0.0	0.0	0.0	0.0	0.0	0.0	0.0	0.0	0.0	0.0	0.0	0.0	0.0	0.0	0.0	0.0	0.0	0.0	0.0	0.0	0.0	0.0	0.0	0.0	0.0	0.0	0.0	0.0	0.0	163.0	0.0	0.0	0.0	0.0	0.0	0.0	0.0	0.0	0.0	3.0	0.0	0.0	0.0	0.0
Bacteria;Proteobacteria;Gammaproteobacteria;Pseudomonadales;Moraxellaceae;Enhydrobacter;Moraxella_osloensis	306.0	361.0	0.0	0.0	126.0	0.0	0.0	0.0	0.0	0.0	25.0	5.0	4.0	862.0	143.0	106.0	1.0	52.0	0.0	0.0	0.0	0.0	4.0	0.0	5.0	2.0	0.0	16.0	0.0	129.0	0.0	0.0	81.0	111.0	128.0	6.0	63.0	0.0	403.0	1.0	8.0	134.0	33.0	357.0	2.0	125.0	351.0	282.0	0.0	0.0	178.0	0.0	0.0	0.0	0.0	45.0	2.0	4.0	0.0	120.0	0.0	1.0	0.0	69.0	0.0	314.0	0.0	173.0	8.0	75.0	64.0	557.0	91.0	94.0	8.0	0.0	0.0	541.0	115.0	0.0	61.0	0.0	0.0	97.0	943.0	0.0	614.0	308.0
Bacteria;Proteobacteria;Gammaproteobacteria;Pseudomonadales;Moraxellaceae;Moraxella;Moraxella_lacunata	0.0	0.0	0.0	0.0	0.0	0.0	0.0	0.0	0.0	0.0	0.0	0.0	0.0	0.0	0.0	0.0	0.0	0.0	0.0	0.0	0.0	0.0	0.0	0.0	0.0	0.0	0.0	0.0	0.0	0.0	0.0	0.0	0.0	0.0	0.0	0.0	0.0	0.0	0.0	0.0	0.0	0.0	0.0	0.0	0.0	0.0	0.0	0.0	0.0	0.0	0.0	8.0	0.0	0.0	0.0	0.0	0.0	0.0	0.0	0.0	0.0	0.0	0.0	0.0	0.0	0.0	0.0	0.0	0.0	0.0	0.0	0.0	0.0	0.0	0.0	0.0	0.0	0.0	0.0	0.0	0.0	0.0	0.0	0.0	0.0	0.0	0.0	0.0
Bacteria;Proteobacteria;Gammaproteobacteria;Pseudomonadales;Moraxellaceae;Psychrobacter;Other	0.0	58.0	0.0	0.0	0.0	0.0	0.0	0.0	16.0	0.0	0.0	0.0	0.0	0.0	0.0	0.0	0.0	0.0	0.0	0.0	0.0	0.0	0.0	0.0	0.0	0.0	0.0	0.0	0.0	0.0	0.0	0.0	0.0	0.0	0.0	0.0	0.0	0.0	0.0	0.0	0.0	0.0	0.0	0.0	0.0	0.0	0.0	0.0	0.0	0.0	0.0	0.0	0.0	0.0	0.0	0.0	0.0	0.0	0.0	0.0	0.0	0.0	0.0	0.0	0.0	0.0	0.0	0.0	0.0	0.0	0.0	0.0	0.0	0.0	0.0	0.0	0.0	0.0	0.0	0.0	0.0	0.0	0.0	0.0	0.0	0.0	0.0	0.0
Bacteria;Proteobacteria;Gammaproteobacteria;Pseudomonadales;Pseudomonadaceae;Pseudomonas;Other	694.0	1770.0	1438.0	993.0	1893.0	307.0	599.0	2751.0	1761.0	2663.0	42.0	0.0	45.0	679.0	6898.0	11605.0	91.0	591.0	553.0	1196.0	1296.0	313.0	325.0	2185.0	1599.0	5239.0	3595.0	2634.0	539.0	300.0	268.0	1039.0	598.0	228.0	305.0	3000.0	179.0	529.0	2014.0	571.0	384.0	1186.0	162.0	653.0	2174.0	1144.0	96.0	664.0	126.0	689.0	312.0	2632.0	3952.0	1431.0	1261.0	320.0	118.0	86.0	7656.0	3071.0	354.0	73.0	2260.0	1711.0	1332.0	1965.0	196.0	396.0	30.0	514.0	191.0	710.0	365.0	415.0	233.0	1006.0	235.0	1069.0	21524.0	778.0	200.0	311.0	358.0	448.0	1476.0	1264.0	1793.0	16922.0
Bacteria;Proteobacteria;Gammaproteobacteria;Pseudomonadales;Pseudomonadaceae;Pseudomonas;Pseudomonas_azotoformans	241.0	222.0	299.0	111.0	30.0	387.0	24.0	0.0	228.0	23.0	51.0	1.0	2.0	32.0	155.0	80.0	0.0	87.0	1.0	440.0	264.0	48.0	273.0	98.0	32.0	84.0	1758.0	310.0	218.0	191.0	322.0	233.0	30.0	84.0	90.0	183.0	31.0	216.0	0.0	3.0	15.0	72.0	4.0	146.0	702.0	98.0	635.0	283.0	12.0	0.0	128.0	31.0	524.0	807.0	0.0	55.0	5.0	42.0	48.0	103.0	615.0	1.0	55.0	74.0	354.0	1081.0	87.0	249.0	4.0	1.0	260.0	357.0	222.0	86.0	32.0	588.0	162.0	50.0	719.0	206.0	192.0	282.0	167.0	327.0	302.0	271.0	0.0	101.0
Bacteria;Proteobacteria;Gammaproteobacteria;Pseudomonadales;Pseudomonadaceae;Pseudomonas;Pseudomonas_caeni	0.0	0.0	0.0	0.0	0.0	0.0	0.0	0.0	0.0	0.0	0.0	0.0	0.0	0.0	0.0	0.0	0.0	0.0	0.0	0.0	0.0	0.0	0.0	0.0	0.0	0.0	0.0	0.0	0.0	0.0	0.0	0.0	0.0	0.0	0.0	0.0	0.0	0.0	0.0	0.0	0.0	0.0	0.0	0.0	0.0	0.0	0.0	0.0	0.0	0.0	0.0	0.0	0.0	0.0	0.0	0.0	0.0	0.0	0.0	0.0	0.0	0.0	0.0	0.0	0.0	0.0	0.0	38.0	0.0	0.0	0.0	0.0	0.0	0.0	0.0	0.0	0.0	0.0	0.0	0.0	0.0	0.0	0.0	0.0	0.0	0.0	0.0	0.0
Bacteria;Proteobacteria;Gammaproteobacteria;Pseudomonadales;Pseudomonadaceae;Pseudomonas;Pseudomonas_psychrotolerans	0.0	0.0	0.0	0.0	1.0	0.0	0.0	0.0	0.0	0.0	0.0	0.0	0.0	0.0	0.0	0.0	0.0	0.0	0.0	0.0	0.0	0.0	0.0	0.0	0.0	0.0	0.0	0.0	0.0	0.0	0.0	0.0	0.0	0.0	0.0	0.0	2.0	0.0	0.0	234.0	0.0	26.0	0.0	0.0	0.0	0.0	0.0	4.0	0.0	0.0	0.0	0.0	0.0	0.0	0.0	0.0	0.0	0.0	0.0	0.0	0.0	0.0	0.0	0.0	0.0	0.0	0.0	0.0	0.0	0.0	7.0	282.0	0.0	0.0	0.0	0.0	0.0	363.0	0.0	0.0	0.0	0.0	0.0	0.0	0.0	0.0	0.0	0.0
Bacteria;Proteobacteria;Gammaproteobacteria;Pseudomonadales;Pseudomonadaceae;Pseudomonas;Pseudomonas_stutzeri	219.0	0.0	0.0	3780.0	996.0	0.0	138.0	0.0	261.0	91.0	4.0	0.0	130.0	0.0	94.0	536.0	63.0	127.0	8.0	115.0	606.0	129.0	294.0	10.0	28.0	8.0	950.0	48.0	463.0	60.0	83.0	34.0	153.0	1907.0	4.0	455.0	76.0	10.0	1099.0	3053.0	4.0	311.0	0.0	327.0	10.0	449.0	1.0	15.0	9.0	693.0	100.0	0.0	68.0	221.0	41.0	43.0	11.0	91.0	55.0	68.0	77.0	17.0	139.0	195.0	2.0	246.0	105.0	411.0	17.0	84.0	39.0	111.0	0.0	835.0	78.0	370.0	1.0	73.0	330.0	0.0	0.0	460.0	55.0	100.0	81.0	213.0	116.0	49.0
Bacteria;Proteobacteria;Gammaproteobacteria;Vibrionales;Vibrionaceae;Vibrio;Other	0.0	0.0	0.0	0.0	0.0	0.0	0.0	0.0	0.0	0.0	0.0	18.0	28.0	0.0	0.0	0.0	32.0	0.0	0.0	0.0	0.0	14.0	56.0	0.0	0.0	7.0	0.0	0.0	0.0	6.0	0.0	45.0	49.0	2.0	128.0	0.0	6.0	40.0	1.0	0.0	51.0	2.0	23.0	28.0	0.0	0.0	254.0	0.0	0.0	29.0	1.0	0.0	0.0	0.0	0.0	0.0	34.0	7.0	0.0	0.0	0.0	10.0	76.0	0.0	0.0	0.0	0.0	0.0	4.0	44.0	17.0	40.0	67.0	0.0	0.0	1.0	33.0	0.0	0.0	20.0	0.0	9.0	0.0	60.0	88.0	16.0	6.0	0.0
Bacteria;Proteobacteria;Gammaproteobacteria;Vibrionales;Vibrionaceae;Vibrio;Vibrio_chagasii	0.0	0.0	60.0	0.0	0.0	0.0	151.0	0.0	0.0	0.0	0.0	0.0	0.0	0.0	0.0	0.0	0.0	0.0	0.0	0.0	0.0	0.0	0.0	0.0	0.0	0.0	0.0	64.0	0.0	0.0	0.0	0.0	29.0	0.0	0.0	0.0	0.0	0.0	0.0	0.0	36.0	0.0	0.0	0.0	0.0	64.0	0.0	0.0	11.0	0.0	0.0	0.0	0.0	0.0	0.0	0.0	0.0	0.0	0.0	0.0	0.0	0.0	0.0	0.0	0.0	0.0	0.0	38.0	0.0	0.0	0.0	0.0	0.0	0.0	0.0	0.0	0.0	0.0	0.0	0.0	0.0	0.0	0.0	0.0	0.0	0.0	155.0	0.0
Bacteria;Proteobacteria;Gammaproteobacteria;Xanthomonadales;Other;Other;Other	0.0	0.0	0.0	0.0	0.0	0.0	0.0	0.0	0.0	0.0	0.0	0.0	0.0	24.0	0.0	0.0	0.0	0.0	0.0	0.0	0.0	0.0	0.0	0.0	0.0	0.0	0.0	0.0	0.0	0.0	0.0	0.0	0.0	0.0	0.0	0.0	0.0	0.0	3.0	0.0	0.0	0.0	0.0	0.0	0.0	0.0	0.0	0.0	0.0	0.0	0.0	0.0	0.0	0.0	0.0	43.0	0.0	44.0	0.0	0.0	0.0	0.0	0.0	0.0	0.0	0.0	0.0	0.0	0.0	0.0	196.0	0.0	0.0	0.0	0.0	0.0	0.0	0.0	0.0	0.0	0.0	60.0	0.0	0.0	0.0	0.0	0.0	0.0
Bacteria;Proteobacteria;Gammaproteobacteria;Xanthomonadales;Unclassified;Hydrocarboniphaga;Hydrocarboniphaga_daqingensis	0.0	0.0	0.0	0.0	0.0	0.0	0.0	0.0	0.0	0.0	0.0	0.0	0.0	0.0	0.0	0.0	0.0	0.0	0.0	0.0	0.0	0.0	0.0	0.0	0.0	0.0	0.0	0.0	0.0	0.0	0.0	0.0	0.0	0.0	0.0	0.0	0.0	0.0	0.0	0.0	0.0	0.0	0.0	0.0	0.0	0.0	0.0	0.0	0.0	0.0	0.0	0.0	0.0	0.0	0.0	0.0	1.0	0.0	0.0	0.0	1.0	0.0	0.0	0.0	118.0	0.0	0.0	0.0	0.0	0.0	5.0	0.0	0.0	0.0	0.0	0.0	0.0	0.0	0.0	0.0	0.0	0.0	0.0	0.0	0.0	0.0	0.0	0.0
Bacteria;Proteobacteria;Gammaproteobacteria;Xanthomonadales;Unclassified;Hydrocarboniphaga;Other	0.0	0.0	0.0	0.0	0.0	0.0	0.0	0.0	0.0	0.0	0.0	0.0	166.0	0.0	0.0	0.0	17.0	0.0	0.0	0.0	0.0	0.0	0.0	0.0	0.0	0.0	0.0	0.0	0.0	0.0	0.0	0.0	0.0	0.0	0.0	0.0	0.0	0.0	0.0	0.0	0.0	0.0	0.0	0.0	0.0	0.0	0.0	0.0	0.0	0.0	0.0	0.0	0.0	0.0	0.0	0.0	0.0	0.0	0.0	0.0	0.0	0.0	0.0	0.0	0.0	0.0	0.0	2.0	0.0	0.0	0.0	0.0	0.0	0.0	0.0	0.0	0.0	0.0	0.0	0.0	0.0	0.0	0.0	0.0	0.0	0.0	0.0	0.0
Bacteria;Proteobacteria;Gammaproteobacteria;Xanthomonadales;Unclassified;Nevskia;Other	0.0	0.0	0.0	0.0	0.0	0.0	0.0	0.0	343.0	0.0	0.0	0.0	0.0	1.0	0.0	0.0	73.0	0.0	0.0	0.0	0.0	0.0	1.0	0.0	0.0	0.0	0.0	0.0	0.0	0.0	0.0	0.0	0.0	0.0	2.0	0.0	54.0	263.0	8.0	0.0	0.0	320.0	1.0	0.0	702.0	0.0	179.0	136.0	0.0	0.0	0.0	57.0	0.0	0.0	0.0	0.0	0.0	0.0	0.0	0.0	1.0	0.0	153.0	47.0	149.0	0.0	5.0	0.0	0.0	0.0	55.0	0.0	13.0	0.0	0.0	0.0	0.0	0.0	0.0	0.0	0.0	0.0	6.0	0.0	0.0	0.0	0.0	146.0
Bacteria;Proteobacteria;Gammaproteobacteria;Xanthomonadales;Unclassified;Steroidobacter;Other	0.0	0.0	0.0	0.0	0.0	0.0	0.0	0.0	0.0	0.0	4.0	0.0	16.0	0.0	0.0	0.0	0.0	0.0	0.0	0.0	0.0	0.0	0.0	0.0	0.0	0.0	0.0	0.0	0.0	0.0	0.0	0.0	0.0	0.0	0.0	0.0	0.0	0.0	0.0	0.0	0.0	0.0	0.0	0.0	0.0	0.0	0.0	0.0	0.0	0.0	0.0	0.0	0.0	0.0	0.0	0.0	0.0	0.0	0.0	0.0	0.0	0.0	0.0	0.0	0.0	0.0	0.0	0.0	0.0	0.0	0.0	0.0	60.0	0.0	0.0	0.0	0.0	0.0	0.0	0.0	0.0	0.0	0.0	0.0	0.0	0.0	0.0	0.0
Bacteria;Proteobacteria;Gammaproteobacteria;Xanthomonadales;Unclassified;Unclassified;proteobacterium_Ellin181	0.0	0.0	1.0	0.0	0.0	0.0	166.0	0.0	0.0	0.0	0.0	0.0	0.0	0.0	0.0	0.0	0.0	0.0	0.0	0.0	0.0	0.0	0.0	0.0	0.0	0.0	0.0	0.0	0.0	0.0	0.0	0.0	0.0	0.0	0.0	0.0	0.0	0.0	0.0	0.0	0.0	0.0	0.0	0.0	0.0	0.0	0.0	0.0	0.0	0.0	0.0	0.0	0.0	0.0	0.0	0.0	0.0	0.0	0.0	0.0	0.0	0.0	0.0	0.0	0.0	0.0	0.0	0.0	0.0	0.0	0.0	0.0	0.0	0.0	0.0	0.0	0.0	0.0	0.0	0.0	0.0	0.0	0.0	0.0	0.0	0.0	0.0	0.0
Bacteria;Proteobacteria;Gammaproteobacteria;Xanthomonadales;Xanthomonadaceae;Arenimonas;Other	0.0	0.0	0.0	0.0	0.0	0.0	0.0	0.0	0.0	0.0	2.0	0.0	0.0	0.0	0.0	0.0	0.0	0.0	0.0	0.0	0.0	0.0	0.0	0.0	0.0	0.0	0.0	0.0	0.0	0.0	0.0	0.0	0.0	0.0	0.0	0.0	0.0	0.0	0.0	0.0	0.0	0.0	0.0	0.0	0.0	0.0	0.0	0.0	0.0	0.0	0.0	0.0	0.0	0.0	0.0	0.0	0.0	0.0	0.0	0.0	0.0	0.0	0.0	0.0	0.0	0.0	0.0	0.0	0.0	0.0	0.0	0.0	0.0	0.0	0.0	0.0	0.0	0.0	0.0	0.0	0.0	0.0	0.0	0.0	0.0	0.0	0.0	0.0
Bacteria;Proteobacteria;Gammaproteobacteria;Xanthomonadales;Xanthomonadaceae;Ignatzschineria;Other	0.0	0.0	0.0	0.0	0.0	0.0	0.0	0.0	0.0	0.0	0.0	0.0	0.0	0.0	0.0	0.0	0.0	0.0	0.0	0.0	0.0	0.0	0.0	20.0	0.0	0.0	0.0	0.0	0.0	0.0	0.0	0.0	0.0	0.0	0.0	0.0	0.0	0.0	0.0	0.0	0.0	0.0	0.0	0.0	0.0	0.0	0.0	0.0	0.0	0.0	0.0	0.0	0.0	0.0	0.0	0.0	0.0	0.0	0.0	0.0	0.0	0.0	0.0	0.0	0.0	0.0	0.0	0.0	0.0	0.0	0.0	0.0	0.0	0.0	0.0	0.0	0.0	0.0	0.0	0.0	0.0	0.0	0.0	0.0	0.0	0.0	0.0	0.0
Bacteria;Proteobacteria;Gammaproteobacteria;Xanthomonadales;Xanthomonadaceae;Luteimonas;Other	0.0	0.0	0.0	0.0	0.0	0.0	0.0	4.0	0.0	1.0	0.0	0.0	3795.0	2.0	0.0	0.0	0.0	1.0	0.0	0.0	0.0	0.0	12.0	0.0	0.0	0.0	0.0	0.0	0.0	0.0	0.0	288.0	0.0	170.0	0.0	0.0	0.0	0.0	0.0	0.0	124.0	0.0	0.0	0.0	0.0	0.0	0.0	0.0	0.0	0.0	0.0	0.0	0.0	0.0	0.0	0.0	163.0	0.0	0.0	0.0	0.0	6.0	0.0	45.0	0.0	0.0	0.0	21.0	2.0	0.0	0.0	0.0	0.0	0.0	0.0	0.0	0.0	0.0	0.0	0.0	0.0	0.0	0.0	0.0	0.0	0.0	30.0	0.0
Bacteria;Proteobacteria;Gammaproteobacteria;Xanthomonadales;Xanthomonadaceae;Lysobacter;Lysobacter_daejeonensis	0.0	0.0	0.0	0.0	0.0	0.0	0.0	0.0	0.0	0.0	0.0	0.0	0.0	0.0	0.0	0.0	0.0	0.0	0.0	0.0	0.0	0.0	0.0	0.0	0.0	0.0	0.0	0.0	0.0	0.0	0.0	0.0	0.0	0.0	0.0	0.0	0.0	0.0	0.0	0.0	0.0	0.0	0.0	0.0	0.0	0.0	0.0	0.0	0.0	0.0	0.0	0.0	0.0	0.0	0.0	0.0	0.0	0.0	0.0	0.0	34.0	0.0	0.0	0.0	0.0	0.0	0.0	0.0	0.0	0.0	0.0	0.0	0.0	0.0	0.0	0.0	0.0	0.0	0.0	0.0	0.0	20.0	0.0	0.0	0.0	0.0	0.0	0.0
Bacteria;Proteobacteria;Gammaproteobacteria;Xanthomonadales;Xanthomonadaceae;Lysobacter;Other	0.0	0.0	0.0	0.0	0.0	0.0	0.0	0.0	0.0	0.0	0.0	0.0	0.0	0.0	0.0	0.0	0.0	0.0	0.0	0.0	0.0	0.0	0.0	0.0	0.0	0.0	0.0	0.0	0.0	0.0	0.0	0.0	0.0	0.0	3.0	0.0	0.0	0.0	0.0	0.0	0.0	424.0	0.0	0.0	0.0	0.0	0.0	0.0	0.0	0.0	0.0	0.0	0.0	0.0	0.0	0.0	0.0	0.0	0.0	0.0	0.0	0.0	0.0	0.0	0.0	0.0	0.0	0.0	0.0	0.0	0.0	0.0	0.0	0.0	0.0	0.0	0.0	0.0	0.0	0.0	0.0	0.0	0.0	0.0	0.0	0.0	0.0	0.0
Bacteria;Proteobacteria;Gammaproteobacteria;Xanthomonadales;Xanthomonadaceae;Pseudoxanthomonas;Pseudoxanthomonas_mexicana	0.0	0.0	0.0	0.0	0.0	0.0	0.0	0.0	0.0	0.0	0.0	0.0	0.0	0.0	0.0	0.0	0.0	0.0	0.0	0.0	0.0	0.0	0.0	0.0	0.0	0.0	0.0	0.0	0.0	0.0	0.0	0.0	28.0	0.0	0.0	0.0	0.0	0.0	0.0	0.0	0.0	0.0	0.0	0.0	0.0	0.0	0.0	0.0	0.0	0.0	0.0	0.0	0.0	0.0	0.0	0.0	0.0	0.0	0.0	0.0	0.0	0.0	0.0	0.0	0.0	0.0	0.0	0.0	0.0	0.0	0.0	0.0	33.0	0.0	0.0	0.0	0.0	0.0	0.0	0.0	0.0	0.0	0.0	0.0	0.0	0.0	0.0	0.0
Bacteria;Proteobacteria;Gammaproteobacteria;Xanthomonadales;Xanthomonadaceae;Pseudoxanthomonas;Pseudoxanthomonas_sp._L-s-28.1	0.0	0.0	0.0	0.0	0.0	0.0	0.0	0.0	0.0	0.0	0.0	0.0	0.0	0.0	0.0	0.0	0.0	0.0	0.0	0.0	0.0	0.0	0.0	0.0	0.0	0.0	0.0	0.0	0.0	0.0	0.0	0.0	0.0	0.0	0.0	0.0	0.0	0.0	0.0	0.0	0.0	0.0	0.0	0.0	0.0	0.0	0.0	0.0	0.0	0.0	0.0	0.0	0.0	0.0	0.0	0.0	0.0	0.0	0.0	0.0	9.0	0.0	0.0	0.0	0.0	0.0	0.0	0.0	0.0	0.0	0.0	0.0	0.0	0.0	0.0	0.0	0.0	0.0	0.0	0.0	0.0	0.0	0.0	0.0	0.0	0.0	0.0	0.0
Bacteria;Proteobacteria;Gammaproteobacteria;Xanthomonadales;Xanthomonadaceae;Silanimonas;Other	0.0	0.0	0.0	0.0	0.0	23.0	0.0	0.0	0.0	0.0	0.0	0.0	0.0	0.0	0.0	62.0	0.0	0.0	0.0	0.0	0.0	0.0	0.0	0.0	0.0	0.0	0.0	0.0	0.0	0.0	0.0	0.0	0.0	0.0	0.0	0.0	0.0	0.0	0.0	0.0	0.0	0.0	0.0	0.0	0.0	0.0	0.0	0.0	0.0	0.0	0.0	0.0	13.0	0.0	0.0	0.0	0.0	0.0	0.0	0.0	0.0	0.0	0.0	0.0	0.0	0.0	0.0	0.0	0.0	0.0	0.0	0.0	0.0	0.0	0.0	0.0	0.0	0.0	0.0	0.0	0.0	0.0	0.0	0.0	0.0	0.0	0.0	0.0
Bacteria;Proteobacteria;Gammaproteobacteria;Xanthomonadales;Xanthomonadaceae;Stenotrophomonas;Other	45.0	15.0	0.0	116.0	0.0	0.0	22.0	78.0	0.0	387.0	45.0	3.0	10.0	259.0	0.0	0.0	43.0	4.0	74.0	64.0	0.0	390.0	26.0	8.0	0.0	42.0	0.0	163.0	44.0	122.0	459.0	293.0	0.0	269.0	0.0	11.0	82.0	0.0	122.0	0.0	106.0	41.0	24.0	171.0	1.0	0.0	76.0	126.0	27.0	1.0	136.0	0.0	70.0	15.0	49.0	220.0	18.0	32.0	60.0	0.0	3.0	106.0	1.0	85.0	0.0	1.0	0.0	62.0	18.0	21.0	0.0	0.0	227.0	437.0	335.0	0.0	42.0	212.0	0.0	138.0	0.0	28.0	0.0	308.0	0.0	0.0	25.0	0.0
Bacteria;Proteobacteria;Gammaproteobacteria;Xanthomonadales;Xanthomonadaceae;Stenotrophomonas;Stenotrophomonas_acidaminiphila	0.0	0.0	0.0	0.0	0.0	0.0	0.0	0.0	0.0	0.0	0.0	0.0	0.0	0.0	0.0	0.0	0.0	0.0	0.0	0.0	0.0	0.0	0.0	0.0	0.0	0.0	0.0	0.0	0.0	0.0	0.0	0.0	0.0	0.0	0.0	0.0	0.0	0.0	0.0	12.0	0.0	0.0	0.0	0.0	0.0	0.0	0.0	0.0	0.0	0.0	0.0	0.0	0.0	0.0	0.0	0.0	0.0	0.0	0.0	0.0	0.0	0.0	0.0	0.0	0.0	0.0	0.0	4.0	18.0	0.0	0.0	0.0	0.0	0.0	0.0	0.0	0.0	0.0	0.0	0.0	0.0	0.0	0.0	0.0	0.0	0.0	0.0	0.0
Bacteria;Proteobacteria;Gammaproteobacteria;Xanthomonadales;Xanthomonadaceae;Stenotrophomonas;Stenotrophomonas_rhizophila	0.0	0.0	0.0	0.0	0.0	0.0	0.0	0.0	0.0	0.0	0.0	0.0	0.0	0.0	0.0	0.0	0.0	0.0	0.0	0.0	0.0	0.0	2.0	0.0	0.0	0.0	0.0	0.0	0.0	0.0	0.0	0.0	0.0	0.0	0.0	0.0	0.0	54.0	0.0	0.0	2.0	0.0	0.0	0.0	0.0	0.0	0.0	0.0	0.0	0.0	0.0	0.0	0.0	0.0	0.0	0.0	0.0	0.0	0.0	0.0	0.0	0.0	0.0	0.0	0.0	0.0	0.0	457.0	0.0	0.0	4.0	0.0	0.0	0.0	0.0	0.0	0.0	0.0	0.0	0.0	0.0	0.0	1.0	0.0	0.0	0.0	0.0	105.0
Bacteria;Proteobacteria;Gammaproteobacteria;Xanthomonadales;Xanthomonadaceae;Thermomonas;Other	0.0	0.0	0.0	0.0	0.0	0.0	0.0	300.0	0.0	0.0	0.0	2.0	0.0	0.0	0.0	0.0	0.0	0.0	0.0	0.0	0.0	0.0	0.0	28.0	0.0	0.0	0.0	38.0	0.0	0.0	0.0	0.0	0.0	0.0	0.0	0.0	0.0	0.0	0.0	0.0	0.0	0.0	0.0	0.0	0.0	0.0	0.0	0.0	0.0	0.0	0.0	0.0	0.0	0.0	0.0	0.0	0.0	0.0	0.0	0.0	0.0	0.0	0.0	0.0	0.0	0.0	0.0	0.0	0.0	41.0	0.0	0.0	0.0	0.0	0.0	0.0	0.0	0.0	0.0	0.0	0.0	0.0	0.0	0.0	0.0	0.0	0.0	0.0
Bacteria;Proteobacteria;Gammaproteobacteria;Xanthomonadales;Xanthomonadaceae;Unclassified;Xanthomonas_sp._NBRC_14591	0.0	0.0	0.0	0.0	0.0	0.0	0.0	0.0	0.0	0.0	0.0	0.0	0.0	0.0	0.0	0.0	0.0	0.0	0.0	0.0	0.0	0.0	0.0	0.0	0.0	0.0	0.0	0.0	0.0	0.0	0.0	0.0	0.0	0.0	0.0	0.0	0.0	0.0	0.0	0.0	0.0	0.0	0.0	0.0	0.0	0.0	0.0	0.0	0.0	197.0	0.0	0.0	0.0	0.0	0.0	0.0	0.0	0.0	0.0	1.0	0.0	0.0	0.0	0.0	0.0	0.0	0.0	0.0	0.0	0.0	0.0	0.0	0.0	0.0	0.0	46.0	0.0	0.0	0.0	0.0	0.0	0.0	0.0	0.0	0.0	0.0	0.0	0.0
Bacteria;Proteobacteria;Other;Other;Other;Other;Other	0.0	0.0	0.0	0.0	0.0	0.0	0.0	0.0	0.0	0.0	0.0	0.0	0.0	0.0	0.0	0.0	0.0	0.0	0.0	0.0	0.0	0.0	0.0	0.0	0.0	0.0	0.0	0.0	0.0	0.0	0.0	0.0	0.0	0.0	0.0	0.0	0.0	0.0	0.0	0.0	0.0	0.0	0.0	0.0	0.0	0.0	0.0	0.0	4.0	0.0	0.0	0.0	0.0	0.0	0.0	0.0	0.0	0.0	0.0	0.0	0.0	0.0	0.0	0.0	0.0	0.0	0.0	0.0	0.0	14.0	0.0	0.0	0.0	0.0	0.0	0.0	0.0	0.0	0.0	0.0	0.0	0.0	0.0	0.0	0.0	0.0	0.0	0.0
Bacteria;Spirochaetes;Unclassified;Spirochaetales;Spirochaetaceae;Treponema;Other	0.0	0.0	0.0	0.0	0.0	0.0	0.0	0.0	0.0	0.0	0.0	0.0	0.0	0.0	0.0	0.0	0.0	0.0	0.0	0.0	0.0	0.0	0.0	0.0	0.0	0.0	0.0	0.0	0.0	1.0	0.0	0.0	0.0	0.0	0.0	0.0	0.0	7.0	0.0	0.0	0.0	0.0	0.0	0.0	0.0	0.0	0.0	0.0	0.0	0.0	0.0	0.0	0.0	0.0	0.0	0.0	0.0	0.0	0.0	0.0	0.0	0.0	0.0	0.0	0.0	0.0	0.0	0.0	0.0	0.0	0.0	0.0	0.0	0.0	0.0	0.0	0.0	0.0	0.0	0.0	0.0	0.0	0.0	0.0	0.0	0.0	0.0	0.0
Bacteria;Spirochaetes;Unclassified;Spirochaetales;Spirochaetaceae;Treponema;Treponema_amylovorum	0.0	0.0	0.0	0.0	0.0	0.0	0.0	0.0	0.0	0.0	0.0	5.0	0.0	0.0	0.0	0.0	0.0	0.0	0.0	0.0	0.0	0.0	0.0	0.0	0.0	0.0	0.0	0.0	0.0	0.0	0.0	0.0	0.0	0.0	0.0	0.0	0.0	0.0	0.0	0.0	0.0	0.0	0.0	0.0	0.0	0.0	0.0	0.0	0.0	0.0	0.0	0.0	0.0	0.0	0.0	0.0	0.0	0.0	0.0	0.0	0.0	0.0	0.0	0.0	0.0	0.0	0.0	0.0	0.0	0.0	0.0	0.0	0.0	0.0	0.0	0.0	0.0	0.0	0.0	0.0	0.0	0.0	0.0	0.0	0.0	0.0	0.0	0.0
Bacteria;Spirochaetes;Unclassified;Spirochaetales;Spirochaetaceae;Treponema;Treponema_denticola	0.0	0.0	0.0	0.0	0.0	0.0	0.0	0.0	0.0	0.0	0.0	0.0	0.0	0.0	0.0	0.0	0.0	0.0	0.0	0.0	0.0	0.0	0.0	0.0	0.0	0.0	0.0	0.0	0.0	2.0	0.0	0.0	0.0	0.0	0.0	0.0	0.0	0.0	0.0	0.0	0.0	0.0	0.0	1.0	0.0	0.0	0.0	0.0	0.0	0.0	0.0	0.0	0.0	0.0	0.0	0.0	0.0	0.0	0.0	0.0	0.0	0.0	0.0	0.0	0.0	0.0	0.0	0.0	0.0	0.0	0.0	0.0	0.0	0.0	0.0	0.0	0.0	0.0	0.0	0.0	0.0	0.0	0.0	0.0	0.0	0.0	0.0	0.0
Bacteria;Synergistetes;Synergistia;Synergistales;Synergistaceae;Cloacibacillus;Other	535.0	0.0	0.0	367.0	0.0	0.0	0.0	105.0	0.0	0.0	0.0	1.0	13.0	1.0	2.0	1.0	0.0	408.0	1.0	0.0	0.0	106.0	380.0	426.0	0.0	1.0	0.0	0.0	247.0	139.0	0.0	184.0	285.0	150.0	1.0	698.0	304.0	0.0	485.0	2.0	237.0	50.0	50.0	87.0	0.0	0.0	0.0	0.0	90.0	0.0	183.0	0.0	0.0	210.0	148.0	107.0	125.0	312.0	1.0	90.0	863.0	635.0	0.0	76.0	1122.0	2.0	54.0	0.0	152.0	2.0	100.0	0.0	521.0	443.0	421.0	56.0	205.0	0.0	0.0	333.0	187.0	488.0	0.0	126.0	0.0	0.0	0.0	0.0
Bacteria;Synergistetes;Synergistia;Synergistales;Synergistaceae;Pyramidobacter;Pyramidobacter_piscolens	0.0	0.0	0.0	0.0	0.0	0.0	0.0	0.0	0.0	0.0	0.0	10.0	0.0	0.0	0.0	0.0	0.0	0.0	0.0	0.0	0.0	0.0	0.0	0.0	0.0	0.0	0.0	0.0	0.0	7.0	0.0	0.0	0.0	0.0	0.0	0.0	0.0	0.0	0.0	0.0	0.0	0.0	0.0	0.0	0.0	0.0	0.0	0.0	0.0	0.0	132.0	0.0	0.0	0.0	0.0	0.0	0.0	0.0	0.0	0.0	0.0	0.0	0.0	0.0	0.0	0.0	0.0	0.0	0.0	0.0	0.0	0.0	0.0	0.0	0.0	0.0	0.0	0.0	0.0	0.0	0.0	0.0	0.0	0.0	0.0	0.0	0.0	0.0
Bacteria;Tenericutes;Mollicutes;Haloplasmatales;Haloplasmataceae;Haloplasma;Other	0.0	0.0	0.0	0.0	0.0	0.0	0.0	0.0	0.0	0.0	0.0	0.0	0.0	112.0	0.0	0.0	0.0	0.0	0.0	0.0	0.0	0.0	0.0	0.0	0.0	0.0	0.0	0.0	0.0	0.0	0.0	0.0	0.0	0.0	0.0	0.0	0.0	0.0	0.0	0.0	0.0	0.0	0.0	0.0	0.0	0.0	0.0	0.0	0.0	0.0	0.0	0.0	0.0	0.0	0.0	0.0	0.0	0.0	4.0	0.0	0.0	0.0	0.0	0.0	0.0	0.0	0.0	0.0	0.0	0.0	0.0	0.0	0.0	0.0	0.0	0.0	0.0	0.0	0.0	0.0	0.0	0.0	0.0	0.0	0.0	0.0	16.0	0.0
Bacteria;Tenericutes;Mollicutes;Other;Other;Other;Other	0.0	0.0	297.0	0.0	0.0	0.0	293.0	0.0	4.0	128.0	0.0	44.0	0.0	27.0	0.0	0.0	4.0	0.0	0.0	0.0	0.0	0.0	0.0	0.0	0.0	0.0	288.0	66.0	0.0	0.0	0.0	0.0	0.0	0.0	1.0	0.0	8.0	0.0	0.0	1.0	44.0	0.0	8.0	140.0	0.0	0.0	0.0	0.0	0.0	0.0	37.0	0.0	0.0	6.0	0.0	0.0	167.0	0.0	0.0	0.0	0.0	0.0	0.0	22.0	0.0	0.0	0.0	0.0	79.0	0.0	30.0	0.0	3.0	0.0	0.0	0.0	0.0	0.0	0.0	0.0	0.0	0.0	0.0	1.0	0.0	0.0	0.0	0.0
Bacteria;Unclassified;Unclassified;Unclassified;Unclassified;Candidatus_Saccharimonas;Other	0.0	0.0	0.0	0.0	1.0	1.0	1.0	0.0	0.0	2.0	2.0	0.0	0.0	0.0	0.0	1.0	0.0	0.0	0.0	0.0	0.0	0.0	0.0	0.0	0.0	0.0	0.0	0.0	1.0	0.0	0.0	0.0	0.0	12.0	0.0	0.0	0.0	0.0	0.0	0.0	1.0	0.0	0.0	0.0	0.0	0.0	0.0	0.0	0.0	0.0	2.0	0.0	0.0	45.0	0.0	0.0	0.0	0.0	0.0	0.0	1.0	0.0	0.0	1.0	0.0	1.0	0.0	0.0	0.0	0.0	0.0	0.0	12.0	0.0	1.0	0.0	0.0	0.0	0.0	0.0	0.0	2.0	0.0	0.0	0.0	1.0	0.0	0.0
Bacteria;Unclassified;Unclassified;Unclassified;Unclassified;Candidatus_Saccharimonas;unidentified	0.0	0.0	0.0	8.0	0.0	0.0	0.0	0.0	0.0	0.0	0.0	0.0	0.0	0.0	20.0	542.0	0.0	0.0	0.0	0.0	0.0	0.0	0.0	0.0	2.0	0.0	0.0	0.0	0.0	0.0	0.0	0.0	0.0	0.0	1.0	0.0	0.0	0.0	54.0	0.0	0.0	206.0	0.0	0.0	0.0	168.0	0.0	0.0	0.0	0.0	45.0	0.0	1.0	0.0	0.0	0.0	1.0	0.0	0.0	0.0	0.0	0.0	0.0	0.0	0.0	0.0	0.0	0.0	0.0	1.0	0.0	0.0	0.0	0.0	0.0	0.0	0.0	0.0	49.0	0.0	147.0	0.0	0.0	0.0	469.0	20.0	0.0	0.0
Bacteria;Unclassified;Unclassified;Unclassified;Unclassified;Unclassified;Candidatus_Saccharibacteria_bacterium_RAAC3_TM7_1	0.0	0.0	1.0	0.0	0.0	0.0	204.0	0.0	0.0	0.0	0.0	0.0	0.0	0.0	142.0	0.0	0.0	0.0	0.0	0.0	0.0	0.0	0.0	0.0	0.0	0.0	0.0	0.0	0.0	0.0	0.0	0.0	0.0	0.0	0.0	0.0	0.0	0.0	0.0	0.0	0.0	0.0	0.0	0.0	0.0	0.0	0.0	0.0	0.0	0.0	0.0	0.0	0.0	0.0	0.0	0.0	0.0	0.0	0.0	0.0	0.0	12.0	0.0	0.0	0.0	0.0	0.0	0.0	0.0	0.0	0.0	0.0	0.0	0.0	0.0	0.0	0.0	0.0	0.0	0.0	0.0	0.0	0.0	0.0	0.0	0.0	0.0	0.0
Bacteria;Unclassified;Unclassified;Unclassified;Unclassified;Unclassified;TM7_phylum_sp._canine_oral_taxon_308	0.0	0.0	0.0	0.0	0.0	0.0	0.0	0.0	0.0	0.0	0.0	0.0	0.0	0.0	0.0	0.0	0.0	0.0	0.0	0.0	0.0	0.0	0.0	0.0	0.0	0.0	0.0	0.0	0.0	0.0	0.0	0.0	0.0	0.0	0.0	0.0	0.0	0.0	0.0	0.0	0.0	0.0	0.0	0.0	0.0	0.0	0.0	0.0	0.0	0.0	0.0	4.0	0.0	0.0	0.0	0.0	0.0	0.0	0.0	0.0	0.0	0.0	0.0	0.0	1.0	0.0	0.0	0.0	18.0	0.0	0.0	0.0	0.0	0.0	0.0	0.0	0.0	0.0	0.0	0.0	0.0	0.0	0.0	0.0	0.0	0.0	0.0	0.0
Bacteria;Unclassified;Unclassified;Unclassified;Unclassified;Unclassified;Verrucomicrobia_bacterium_YJF2-48	0.0	0.0	0.0	0.0	0.0	0.0	0.0	0.0	0.0	0.0	0.0	0.0	0.0	0.0	0.0	0.0	0.0	0.0	0.0	0.0	0.0	0.0	0.0	0.0	0.0	0.0	0.0	0.0	0.0	0.0	0.0	0.0	0.0	0.0	0.0	0.0	0.0	0.0	0.0	0.0	0.0	0.0	0.0	0.0	0.0	0.0	0.0	0.0	30.0	0.0	0.0	0.0	0.0	0.0	0.0	0.0	0.0	0.0	0.0	0.0	0.0	0.0	0.0	0.0	0.0	0.0	0.0	0.0	0.0	0.0	0.0	0.0	0.0	0.0	0.0	0.0	0.0	0.0	0.0	0.0	0.0	0.0	0.0	0.0	0.0	0.0	0.0	0.0
Bacteria;Unclassified;Unclassified;Unclassified;Unclassified;Unclassified;bacterium_LWQ8	0.0	0.0	0.0	0.0	0.0	0.0	0.0	0.0	0.0	0.0	0.0	0.0	0.0	0.0	153.0	0.0	0.0	0.0	0.0	0.0	0.0	0.0	0.0	0.0	0.0	0.0	0.0	0.0	0.0	0.0	0.0	0.0	0.0	0.0	0.0	0.0	0.0	0.0	0.0	0.0	5.0	0.0	0.0	0.0	0.0	0.0	0.0	0.0	0.0	0.0	0.0	0.0	0.0	0.0	0.0	0.0	0.0	0.0	0.0	0.0	0.0	0.0	0.0	0.0	0.0	0.0	0.0	0.0	0.0	0.0	0.0	0.0	0.0	0.0	0.0	0.0	0.0	0.0	0.0	0.0	0.0	0.0	0.0	0.0	0.0	0.0	0.0	0.0
Bacteria;Unclassified;Unclassified;Unclassified;Unclassified;Unclassified;bacterium_SH4-10	0.0	0.0	0.0	0.0	52.0	0.0	0.0	0.0	0.0	0.0	0.0	0.0	0.0	0.0	0.0	0.0	0.0	0.0	0.0	0.0	0.0	0.0	0.0	0.0	0.0	0.0	0.0	0.0	0.0	0.0	0.0	0.0	0.0	0.0	0.0	0.0	0.0	0.0	0.0	0.0	0.0	0.0	0.0	0.0	0.0	0.0	0.0	0.0	0.0	0.0	0.0	0.0	0.0	0.0	0.0	0.0	0.0	0.0	0.0	0.0	0.0	0.0	0.0	0.0	0.0	0.0	0.0	0.0	0.0	0.0	0.0	0.0	0.0	0.0	0.0	0.0	0.0	0.0	0.0	0.0	0.0	0.0	0.0	0.0	0.0	0.0	0.0	0.0
Bacteria;Unclassified;Unclassified;Unclassified;Unclassified;Unclassified;metal-contaminated_soil_clone_K20-27	0.0	0.0	0.0	0.0	0.0	0.0	0.0	0.0	0.0	0.0	0.0	0.0	0.0	0.0	0.0	0.0	0.0	0.0	0.0	0.0	0.0	0.0	0.0	0.0	0.0	0.0	0.0	0.0	0.0	0.0	0.0	0.0	0.0	0.0	0.0	0.0	0.0	0.0	0.0	0.0	0.0	0.0	0.0	2.0	0.0	0.0	0.0	0.0	0.0	0.0	0.0	0.0	0.0	0.0	0.0	0.0	0.0	0.0	0.0	0.0	0.0	0.0	0.0	0.0	0.0	0.0	33.0	0.0	0.0	0.0	0.0	0.0	0.0	0.0	0.0	0.0	0.0	0.0	0.0	0.0	0.0	0.0	0.0	0.0	0.0	0.0	0.0	0.0
Bacteria;Unclassified;Unclassified;Unclassified;Unclassified;Unclassified;soil_bacterium_WF55	0.0	0.0	0.0	0.0	0.0	0.0	54.0	0.0	0.0	0.0	0.0	0.0	0.0	0.0	23.0	0.0	0.0	0.0	0.0	0.0	0.0	0.0	0.0	0.0	0.0	0.0	0.0	0.0	0.0	0.0	0.0	0.0	0.0	0.0	0.0	0.0	0.0	0.0	0.0	0.0	0.0	0.0	0.0	0.0	0.0	0.0	0.0	0.0	0.0	0.0	0.0	0.0	0.0	0.0	0.0	0.0	0.0	0.0	0.0	0.0	0.0	0.0	0.0	0.0	0.0	0.0	0.0	0.0	0.0	0.0	0.0	0.0	0.0	0.0	49.0	0.0	0.0	0.0	0.0	0.0	0.0	0.0	0.0	0.0	0.0	0.0	0.0	0.0
Bacteria;Unclassified;Unclassified;Unclassified;Unclassified;Unclassified;unidentified	0.0	0.0	0.0	0.0	0.0	0.0	0.0	0.0	0.0	0.0	0.0	0.0	0.0	0.0	0.0	0.0	0.0	0.0	0.0	0.0	0.0	0.0	0.0	0.0	0.0	0.0	0.0	0.0	0.0	0.0	0.0	0.0	0.0	0.0	9.0	0.0	0.0	0.0	0.0	0.0	0.0	976.0	0.0	0.0	0.0	0.0	0.0	0.0	0.0	0.0	0.0	0.0	0.0	0.0	0.0	0.0	0.0	0.0	0.0	0.0	0.0	0.0	0.0	0.0	0.0	0.0	0.0	0.0	0.0	0.0	0.0	0.0	0.0	0.0	0.0	0.0	0.0	0.0	0.0	0.0	42.0	0.0	0.0	0.0	0.0	290.0	0.0	0.0
Bacteria;Verrucomicrobia;Other;Other;Other;Other;Other	0.0	0.0	0.0	0.0	0.0	0.0	0.0	0.0	0.0	0.0	0.0	0.0	0.0	0.0	0.0	0.0	0.0	0.0	0.0	0.0	0.0	3.0	0.0	0.0	0.0	0.0	0.0	0.0	0.0	0.0	0.0	0.0	0.0	0.0	0.0	0.0	0.0	0.0	0.0	0.0	0.0	0.0	0.0	0.0	0.0	0.0	0.0	0.0	0.0	0.0	0.0	0.0	0.0	0.0	0.0	0.0	0.0	0.0	0.0	0.0	0.0	0.0	0.0	0.0	0.0	0.0	0.0	0.0	0.0	0.0	0.0	0.0	0.0	0.0	0.0	0.0	0.0	0.0	0.0	0.0	0.0	0.0	0.0	0.0	0.0	0.0	0.0	0.0
Bacteria;Verrucomicrobia;Spartobacteria;Unclassified;Unclassified;Unclassified;Spartobacteria_bacterium_Gsoil_144	0.0	11.0	0.0	0.0	0.0	0.0	0.0	53.0	0.0	0.0	0.0	0.0	0.0	0.0	0.0	0.0	0.0	0.0	0.0	0.0	0.0	0.0	0.0	0.0	0.0	0.0	0.0	0.0	0.0	0.0	7.0	0.0	0.0	0.0	0.0	0.0	0.0	0.0	0.0	0.0	0.0	0.0	0.0	0.0	0.0	0.0	0.0	0.0	0.0	0.0	0.0	0.0	0.0	0.0	0.0	0.0	0.0	0.0	0.0	0.0	0.0	0.0	0.0	0.0	0.0	0.0	0.0	0.0	0.0	0.0	0.0	0.0	0.0	0.0	0.0	0.0	0.0	0.0	0.0	0.0	0.0	0.0	0.0	0.0	0.0	0.0	0.0	0.0
Bacteria;Verrucomicrobia;Verrucomicrobiae;Verrucomicrobiales;Verrucomicrobiaceae;Akkermansia;Other	0.0	0.0	0.0	0.0	0.0	0.0	0.0	0.0	0.0	0.0	12.0	3.0	2.0	0.0	0.0	1.0	0.0	0.0	0.0	0.0	0.0	1.0	0.0	3.0	1.0	0.0	2.0	0.0	0.0	0.0	0.0	0.0	0.0	0.0	17.0	0.0	0.0	0.0	2.0	0.0	9.0	0.0	4.0	0.0	0.0	0.0	0.0	0.0	0.0	0.0	1.0	0.0	1.0	0.0	0.0	0.0	22.0	0.0	15.0	0.0	0.0	0.0	2.0	44.0	0.0	0.0	0.0	0.0	17.0	0.0	5.0	0.0	1.0	0.0	1.0	0.0	0.0	1.0	0.0	0.0	0.0	1.0	0.0	0.0	92.0	1.0	45.0	0.0
Bacteria;Verrucomicrobia;Verrucomicrobiae;Verrucomicrobiales;Verrucomicrobiaceae;Other;Other	0.0	0.0	0.0	0.0	0.0	0.0	0.0	0.0	0.0	0.0	0.0	0.0	0.0	0.0	0.0	0.0	0.0	0.0	0.0	0.0	0.0	0.0	0.0	0.0	0.0	0.0	0.0	0.0	0.0	0.0	0.0	0.0	0.0	0.0	0.0	0.0	0.0	0.0	0.0	0.0	0.0	0.0	0.0	0.0	0.0	0.0	0.0	0.0	0.0	0.0	0.0	0.0	0.0	0.0	0.0	0.0	0.0	0.0	0.0	0.0	0.0	0.0	0.0	0.0	0.0	0.0	0.0	0.0	0.0	0.0	0.0	0.0	0.0	0.0	0.0	0.0	0.0	0.0	0.0	0.0	0.0	0.0	0.0	0.0	0.0	0.0	0.0	22.0
Bacteria;Verrucomicrobia;Verrucomicrobiae;Verrucomicrobiales;Verrucomicrobiaceae;Verrucomicrobium;Other	0.0	0.0	0.0	0.0	0.0	0.0	0.0	0.0	0.0	0.0	0.0	0.0	0.0	0.0	0.0	0.0	0.0	0.0	0.0	0.0	0.0	0.0	0.0	0.0	0.0	0.0	0.0	0.0	0.0	0.0	0.0	0.0	0.0	0.0	0.0	0.0	0.0	0.0	0.0	0.0	0.0	0.0	0.0	0.0	0.0	0.0	0.0	0.0	0.0	0.0	0.0	0.0	0.0	0.0	0.0	0.0	0.0	0.0	0.0	0.0	0.0	0.0	0.0	0.0	0.0	0.0	27.0	0.0	0.0	0.0	0.0	0.0	0.0	0.0	0.0	0.0	0.0	0.0	0.0	0.0	0.0	0.0	0.0	0.0	0.0	0.0	0.0	0.0
