Taxon	H18676	1417.16	H19192	602.16	H18266	H18112	H19465A	1153.13	H19457A	1303.15	H657.17	H19259	1331.14	H19521A	H18788A	H192472A	1553.15	H19485A	H18398	950.13	H18910	1066.13	H18442	1069.14	H19142	H15.17	H617.17	H18362	888.16	1637.15	H19497A	H18128	1388.15	725.16	H18421	H18696	1134.15	H18388	1624.12	1093.13	H18786A	H13.17	250.16	H420.17	H18816	H658.17	H456.17	1097.16	H18199	H18122	1017.16	H17666A	H17432A	H694.17	H18689A	505.16	H19368	945.13	1045.16	H18828	125.13	172.14	100.16	783.16	H321.17	H18183	1095.16	H1866.18	H19261	H19556A	H18223	H18433	1948.15	856.16	727.16	H470.17	1714.14	H18108	H18598	H315.17	H1892.18	H18335	1659.14	788.16	H18.38	H19238	1529.16	421.13
Bacteria;Acidobacteria;Holophagae;Other;Other;Other	0.0	0.0	0.0	0.0	0.0	0.0	0.0	0.0	0.0	0.0	0.0	0.0	0.0	34.0	0.0	0.0	0.0	0.0	0.0	0.0	0.0	0.0	0.0	0.0	0.0	0.0	0.0	0.0	0.0	0.0	0.0	0.0	0.0	0.0	0.0	0.0	0.0	0.0	0.0	0.0	0.0	0.0	0.0	0.0	0.0	0.0	0.0	0.0	0.0	0.0	0.0	0.0	0.0	0.0	0.0	0.0	0.0	0.0	0.0	0.0	0.0	0.0	0.0	0.0	0.0	0.0	0.0	0.0	0.0	0.0	0.0	0.0	0.0	0.0	0.0	0.0	0.0	0.0	0.0	0.0	0.0	0.0	0.0	0.0	0.0	0.0	0.0	7.0
Bacteria;Acidobacteria;Other;Other;Other;Other	0.0	88.0	0.0	0.0	0.0	0.0	0.0	0.0	0.0	0.0	0.0	0.0	0.0	39.0	0.0	0.0	0.0	0.0	0.0	0.0	0.0	0.0	0.0	0.0	0.0	0.0	0.0	0.0	0.0	0.0	0.0	0.0	0.0	0.0	0.0	0.0	0.0	160.0	0.0	0.0	8.0	0.0	33.0	0.0	0.0	0.0	0.0	0.0	0.0	0.0	0.0	0.0	0.0	0.0	49.0	0.0	0.0	0.0	0.0	0.0	0.0	0.0	0.0	0.0	0.0	0.0	0.0	0.0	0.0	0.0	0.0	0.0	0.0	0.0	0.0	0.0	0.0	0.0	0.0	0.0	0.0	0.0	0.0	0.0	0.0	0.0	0.0	0.0
Bacteria;Acidobacteria;Unclassified;Unclassified;Unclassified;Blastocatella	0.0	0.0	0.0	0.0	0.0	0.0	0.0	0.0	0.0	0.0	0.0	0.0	0.0	0.0	100.0	0.0	0.0	0.0	0.0	0.0	0.0	0.0	0.0	0.0	128.0	0.0	0.0	0.0	0.0	0.0	0.0	0.0	0.0	0.0	0.0	0.0	0.0	178.0	0.0	0.0	0.0	0.0	0.0	0.0	0.0	0.0	0.0	0.0	0.0	0.0	0.0	0.0	109.0	0.0	0.0	0.0	0.0	0.0	0.0	0.0	0.0	0.0	0.0	0.0	0.0	0.0	0.0	82.0	0.0	0.0	0.0	0.0	0.0	0.0	0.0	0.0	0.0	0.0	0.0	0.0	0.0	0.0	0.0	0.0	40.0	0.0	0.0	0.0
Bacteria;Acidobacteria;Unclassified;Unclassified;Unclassified;Bryobacter	0.0	0.0	0.0	0.0	0.0	0.0	0.0	0.0	0.0	0.0	0.0	0.0	0.0	0.0	0.0	0.0	0.0	0.0	0.0	0.0	0.0	0.0	0.0	0.0	0.0	0.0	0.0	0.0	0.0	0.0	0.0	0.0	0.0	0.0	0.0	0.0	0.0	0.0	0.0	0.0	0.0	0.0	0.0	0.0	0.0	0.0	0.0	0.0	0.0	0.0	0.0	0.0	0.0	0.0	0.0	0.0	0.0	0.0	0.0	0.0	0.0	0.0	0.0	0.0	0.0	0.0	0.0	0.0	3.0	0.0	0.0	0.0	0.0	0.0	0.0	0.0	0.0	0.0	0.0	0.0	0.0	0.0	0.0	0.0	0.0	0.0	0.0	0.0
Bacteria;Actinobacteria;Actinobacteria;Acidimicrobiales;Acidimicrobiaceae;Other	0.0	0.0	0.0	0.0	0.0	0.0	0.0	0.0	1.0	0.0	0.0	0.0	3.0	80.0	0.0	0.0	0.0	0.0	0.0	0.0	0.0	0.0	0.0	65.0	0.0	0.0	35.0	0.0	0.0	0.0	0.0	0.0	0.0	0.0	0.0	0.0	0.0	0.0	0.0	0.0	26.0	0.0	0.0	0.0	0.0	0.0	0.0	0.0	0.0	0.0	0.0	0.0	0.0	0.0	0.0	0.0	0.0	0.0	0.0	0.0	0.0	0.0	0.0	0.0	0.0	0.0	0.0	0.0	0.0	0.0	0.0	0.0	0.0	0.0	0.0	0.0	0.0	0.0	0.0	0.0	0.0	0.0	0.0	0.0	0.0	0.0	0.0	0.0
Bacteria;Actinobacteria;Actinobacteria;Acidimicrobiales;Iamiaceae;Iamia	0.0	0.0	0.0	0.0	0.0	0.0	0.0	0.0	0.0	0.0	0.0	0.0	0.0	0.0	0.0	0.0	1.0	0.0	0.0	0.0	0.0	0.0	0.0	0.0	0.0	0.0	0.0	0.0	0.0	0.0	0.0	0.0	0.0	0.0	0.0	0.0	0.0	0.0	0.0	0.0	33.0	0.0	0.0	0.0	0.0	0.0	0.0	0.0	0.0	0.0	0.0	0.0	0.0	0.0	0.0	0.0	0.0	0.0	0.0	0.0	0.0	0.0	0.0	0.0	0.0	0.0	0.0	0.0	1.0	0.0	0.0	0.0	0.0	0.0	0.0	0.0	0.0	0.0	0.0	0.0	0.0	0.0	0.0	0.0	0.0	0.0	0.0	0.0
Bacteria;Actinobacteria;Actinobacteria;Acidimicrobiales;Other;Other	0.0	0.0	0.0	0.0	0.0	0.0	0.0	0.0	0.0	0.0	0.0	0.0	0.0	132.0	0.0	0.0	0.0	0.0	0.0	0.0	0.0	0.0	0.0	0.0	0.0	118.0	0.0	0.0	0.0	0.0	0.0	0.0	0.0	0.0	0.0	0.0	0.0	34.0	1.0	0.0	0.0	0.0	0.0	0.0	0.0	0.0	0.0	0.0	0.0	0.0	0.0	50.0	0.0	0.0	0.0	0.0	0.0	0.0	0.0	0.0	0.0	2.0	0.0	0.0	0.0	0.0	0.0	0.0	0.0	0.0	0.0	1.0	0.0	0.0	0.0	0.0	0.0	0.0	0.0	0.0	0.0	0.0	0.0	0.0	0.0	0.0	4.0	0.0
Bacteria;Actinobacteria;Actinobacteria;Actinomycetales;Actinomycetaceae;Actinobaculum	0.0	0.0	0.0	0.0	0.0	0.0	0.0	0.0	0.0	0.0	0.0	0.0	0.0	0.0	0.0	0.0	0.0	0.0	0.0	0.0	0.0	0.0	0.0	0.0	0.0	0.0	0.0	0.0	0.0	0.0	0.0	0.0	0.0	0.0	0.0	0.0	0.0	0.0	0.0	0.0	0.0	0.0	0.0	0.0	0.0	0.0	0.0	0.0	0.0	0.0	0.0	0.0	0.0	0.0	0.0	0.0	0.0	0.0	0.0	0.0	0.0	0.0	0.0	0.0	0.0	0.0	0.0	0.0	0.0	0.0	0.0	0.0	0.0	0.0	0.0	0.0	0.0	0.0	0.0	0.0	0.0	0.0	0.0	0.0	177.0	0.0	0.0	0.0
Bacteria;Actinobacteria;Actinobacteria;Actinomycetales;Actinomycetaceae;Actinomyces	0.0	0.0	25.0	121.0	0.0	203.0	0.0	23.0	0.0	0.0	0.0	11.0	0.0	11.0	0.0	0.0	30.0	0.0	72.0	0.0	32.0	0.0	0.0	51.0	0.0	0.0	0.0	17.0	72.0	230.0	110.0	0.0	0.0	14.0	88.0	0.0	0.0	0.0	0.0	2.0	6.0	271.0	12.0	1.0	0.0	1.0	1.0	136.0	21.0	1.0	0.0	12.0	0.0	0.0	128.0	62.0	28.0	1.0	67.0	0.0	7.0	4.0	0.0	0.0	1.0	0.0	32.0	1.0	16.0	4.0	0.0	0.0	0.0	0.0	0.0	0.0	0.0	0.0	0.0	0.0	1.0	391.0	23.0	0.0	0.0	0.0	229.0	0.0
Bacteria;Actinobacteria;Actinobacteria;Actinomycetales;Actinomycetaceae;Varibaculum	0.0	0.0	0.0	0.0	0.0	0.0	0.0	0.0	0.0	0.0	0.0	1.0	0.0	0.0	0.0	0.0	0.0	0.0	0.0	0.0	0.0	0.0	0.0	0.0	0.0	0.0	0.0	0.0	0.0	0.0	0.0	0.0	0.0	0.0	0.0	0.0	0.0	0.0	0.0	0.0	0.0	0.0	0.0	0.0	0.0	0.0	0.0	0.0	0.0	0.0	0.0	0.0	0.0	0.0	0.0	0.0	5.0	0.0	0.0	0.0	0.0	0.0	0.0	0.0	0.0	0.0	0.0	0.0	0.0	0.0	0.0	0.0	0.0	0.0	0.0	0.0	0.0	0.0	0.0	0.0	0.0	0.0	0.0	0.0	0.0	0.0	0.0	0.0
Bacteria;Actinobacteria;Actinobacteria;Bifidobacteriales;Bifidobacteriaceae;Bifidobacterium	1785.0	1487.0	1273.0	2761.0	188.0	29.0	801.0	961.0	1856.0	2547.0	78.0	196.0	215.0	1611.0	647.0	1857.0	1006.0	2750.0	1098.0	570.0	1169.0	1038.0	329.0	2002.0	1343.0	241.0	1256.0	888.0	2135.0	1596.0	645.0	1251.0	1401.0	2666.0	255.0	745.0	1622.0	392.0	1600.0	1105.0	868.0	1004.0	1135.0	1093.0	503.0	660.0	746.0	1481.0	1221.0	208.0	1109.0	333.0	800.0	1045.0	694.0	919.0	637.0	1314.0	1414.0	950.0	119.0	4299.0	775.0	1791.0	1135.0	546.0	1878.0	224.0	1810.0	738.0	373.0	306.0	1569.0	3602.0	1565.0	233.0	688.0	242.0	774.0	2375.0	1655.0	585.0	1417.0	1336.0	1285.0	47.0	1694.0	716.0
Bacteria;Actinobacteria;Actinobacteria;Bifidobacteriales;Bifidobacteriaceae;Gardnerella	0.0	0.0	0.0	0.0	0.0	0.0	0.0	0.0	0.0	0.0	0.0	0.0	0.0	0.0	0.0	0.0	0.0	0.0	21.0	0.0	0.0	0.0	0.0	0.0	0.0	0.0	0.0	0.0	0.0	0.0	0.0	0.0	0.0	0.0	0.0	0.0	0.0	0.0	0.0	0.0	0.0	0.0	0.0	0.0	0.0	0.0	0.0	0.0	0.0	0.0	0.0	0.0	0.0	0.0	4.0	0.0	0.0	0.0	0.0	0.0	0.0	0.0	0.0	0.0	0.0	0.0	0.0	0.0	0.0	0.0	0.0	0.0	0.0	0.0	0.0	0.0	0.0	0.0	0.0	0.0	0.0	0.0	0.0	0.0	0.0	0.0	0.0	0.0
Bacteria;Actinobacteria;Actinobacteria;Coriobacteriales;Coriobacteriaceae;Adlercreutzia	0.0	0.0	0.0	0.0	0.0	0.0	0.0	0.0	0.0	0.0	0.0	1.0	0.0	0.0	0.0	0.0	0.0	0.0	0.0	0.0	0.0	0.0	0.0	0.0	0.0	0.0	0.0	0.0	0.0	0.0	0.0	0.0	0.0	0.0	0.0	0.0	0.0	0.0	0.0	0.0	0.0	0.0	0.0	0.0	4.0	0.0	167.0	0.0	0.0	0.0	30.0	0.0	0.0	0.0	0.0	0.0	15.0	0.0	26.0	0.0	0.0	0.0	0.0	0.0	0.0	0.0	0.0	13.0	31.0	0.0	0.0	0.0	0.0	0.0	0.0	0.0	0.0	0.0	0.0	0.0	0.0	0.0	0.0	0.0	0.0	0.0	0.0	0.0
Bacteria;Actinobacteria;Actinobacteria;Coriobacteriales;Coriobacteriaceae;Atopobium	0.0	0.0	0.0	0.0	0.0	0.0	0.0	0.0	0.0	0.0	0.0	0.0	0.0	0.0	0.0	0.0	0.0	0.0	0.0	0.0	0.0	0.0	0.0	0.0	0.0	0.0	0.0	0.0	0.0	0.0	0.0	0.0	0.0	0.0	0.0	0.0	0.0	0.0	0.0	0.0	0.0	0.0	5.0	0.0	0.0	0.0	0.0	0.0	10.0	0.0	0.0	0.0	1.0	0.0	0.0	0.0	0.0	0.0	0.0	0.0	0.0	0.0	0.0	0.0	0.0	0.0	0.0	0.0	0.0	0.0	0.0	0.0	0.0	0.0	0.0	0.0	0.0	0.0	0.0	0.0	0.0	0.0	0.0	0.0	0.0	0.0	0.0	0.0
Bacteria;Actinobacteria;Actinobacteria;Coriobacteriales;Coriobacteriaceae;Collinsella	350.0	155.0	22.0	181.0	603.0	0.0	0.0	310.0	0.0	161.0	0.0	19.0	70.0	647.0	1.0	0.0	312.0	511.0	27.0	474.0	6.0	405.0	56.0	225.0	425.0	1.0	0.0	20.0	0.0	47.0	131.0	376.0	928.0	0.0	337.0	35.0	264.0	371.0	322.0	3.0	82.0	1.0	1112.0	1.0	2.0	0.0	396.0	1.0	805.0	1.0	207.0	0.0	3.0	469.0	0.0	164.0	53.0	104.0	351.0	498.0	2.0	197.0	358.0	179.0	207.0	3.0	213.0	3.0	49.0	130.0	209.0	293.0	168.0	346.0	25.0	1517.0	15.0	8.0	216.0	545.0	237.0	329.0	659.0	121.0	39.0	0.0	268.0	0.0
Bacteria;Actinobacteria;Actinobacteria;Coriobacteriales;Coriobacteriaceae;Eggerthella	0.0	101.0	0.0	283.0	9.0	0.0	0.0	0.0	4.0	15.0	0.0	37.0	17.0	51.0	3.0	0.0	54.0	23.0	21.0	144.0	0.0	61.0	0.0	2.0	0.0	72.0	747.0	474.0	0.0	190.0	2.0	0.0	12.0	0.0	0.0	0.0	0.0	0.0	19.0	0.0	19.0	1.0	114.0	0.0	0.0	202.0	4.0	0.0	171.0	0.0	71.0	0.0	25.0	0.0	0.0	333.0	21.0	13.0	101.0	0.0	0.0	0.0	0.0	0.0	0.0	0.0	115.0	17.0	97.0	45.0	143.0	149.0	0.0	167.0	0.0	0.0	0.0	0.0	238.0	25.0	429.0	183.0	36.0	1.0	0.0	6.0	80.0	0.0
Bacteria;Actinobacteria;Actinobacteria;Coriobacteriales;Coriobacteriaceae;Enterorhabdus	0.0	0.0	0.0	0.0	0.0	0.0	0.0	0.0	0.0	0.0	0.0	21.0	0.0	3.0	0.0	0.0	0.0	0.0	0.0	0.0	0.0	0.0	0.0	72.0	0.0	0.0	0.0	0.0	0.0	4.0	0.0	0.0	0.0	0.0	4.0	0.0	0.0	19.0	1.0	0.0	0.0	0.0	0.0	0.0	0.0	0.0	0.0	119.0	0.0	0.0	0.0	0.0	0.0	0.0	0.0	78.0	14.0	136.0	3.0	0.0	0.0	0.0	0.0	0.0	0.0	1.0	0.0	0.0	59.0	65.0	0.0	0.0	0.0	0.0	0.0	0.0	7.0	0.0	0.0	0.0	0.0	0.0	7.0	100.0	0.0	0.0	31.0	0.0
Bacteria;Actinobacteria;Actinobacteria;Coriobacteriales;Coriobacteriaceae;Gordonibacter	0.0	0.0	0.0	0.0	0.0	0.0	0.0	0.0	0.0	0.0	37.0	13.0	19.0	1.0	0.0	0.0	0.0	2.0	0.0	0.0	0.0	10.0	55.0	0.0	0.0	0.0	0.0	0.0	0.0	11.0	0.0	448.0	0.0	3.0	21.0	0.0	0.0	234.0	0.0	77.0	5.0	0.0	0.0	65.0	0.0	0.0	0.0	0.0	0.0	0.0	0.0	346.0	0.0	1.0	0.0	0.0	1.0	0.0	0.0	0.0	0.0	0.0	0.0	0.0	0.0	0.0	25.0	0.0	20.0	0.0	0.0	0.0	60.0	0.0	0.0	0.0	0.0	0.0	0.0	0.0	0.0	0.0	0.0	0.0	0.0	0.0	27.0	0.0
Bacteria;Actinobacteria;Actinobacteria;Coriobacteriales;Coriobacteriaceae;Olsenella	0.0	0.0	0.0	0.0	0.0	0.0	0.0	0.0	0.0	0.0	0.0	0.0	0.0	0.0	0.0	0.0	0.0	0.0	0.0	0.0	0.0	0.0	0.0	0.0	0.0	0.0	0.0	0.0	0.0	0.0	0.0	0.0	0.0	0.0	0.0	0.0	0.0	0.0	0.0	0.0	0.0	0.0	0.0	0.0	0.0	0.0	0.0	0.0	0.0	0.0	0.0	0.0	0.0	135.0	0.0	0.0	0.0	0.0	0.0	0.0	0.0	0.0	0.0	0.0	0.0	0.0	0.0	0.0	0.0	0.0	0.0	0.0	0.0	0.0	0.0	0.0	0.0	0.0	0.0	0.0	0.0	81.0	0.0	0.0	0.0	0.0	0.0	0.0
Bacteria;Actinobacteria;Actinobacteria;Coriobacteriales;Coriobacteriaceae;Other	0.0	97.0	0.0	0.0	0.0	0.0	1.0	0.0	0.0	0.0	0.0	0.0	0.0	0.0	0.0	0.0	24.0	41.0	93.0	0.0	0.0	0.0	0.0	0.0	0.0	2.0	0.0	0.0	0.0	0.0	0.0	0.0	5.0	0.0	0.0	0.0	0.0	0.0	0.0	0.0	0.0	0.0	0.0	0.0	0.0	0.0	0.0	0.0	0.0	211.0	0.0	0.0	0.0	0.0	0.0	0.0	0.0	0.0	0.0	0.0	0.0	0.0	0.0	7.0	0.0	0.0	0.0	0.0	0.0	0.0	0.0	0.0	0.0	357.0	0.0	0.0	0.0	0.0	1.0	0.0	0.0	0.0	0.0	4.0	0.0	1.0	0.0	0.0
Bacteria;Actinobacteria;Actinobacteria;Coriobacteriales;Coriobacteriaceae;Slackia	0.0	21.0	0.0	8.0	0.0	0.0	0.0	0.0	0.0	0.0	0.0	36.0	11.0	2.0	68.0	0.0	0.0	0.0	0.0	228.0	15.0	0.0	0.0	0.0	0.0	64.0	0.0	48.0	0.0	57.0	0.0	0.0	124.0	70.0	0.0	0.0	0.0	0.0	0.0	0.0	1.0	0.0	0.0	0.0	0.0	0.0	0.0	273.0	1.0	0.0	0.0	0.0	0.0	0.0	50.0	0.0	100.0	9.0	8.0	0.0	0.0	35.0	0.0	0.0	0.0	0.0	25.0	0.0	16.0	0.0	0.0	0.0	32.0	0.0	19.0	0.0	121.0	0.0	95.0	37.0	0.0	0.0	0.0	0.0	0.0	0.0	0.0	0.0
Bacteria;Actinobacteria;Actinobacteria;Coriobacteriales;Coriobacteriaceae;Unclassified	2420.0	203.0	7.0	539.0	605.0	871.0	118.0	1095.0	258.0	970.0	75.0	17.0	147.0	1114.0	5.0	8.0	239.0	1059.0	533.0	744.0	479.0	1042.0	127.0	2530.0	322.0	468.0	466.0	339.0	1479.0	557.0	105.0	902.0	873.0	2938.0	44.0	309.0	538.0	1280.0	2170.0	1.0	570.0	535.0	128.0	2640.0	605.0	413.0	706.0	911.0	19.0	1.0	753.0	0.0	140.0	1585.0	751.0	123.0	123.0	1414.0	118.0	971.0	281.0	1334.0	1616.0	378.0	358.0	534.0	325.0	137.0	285.0	539.0	758.0	155.0	1265.0	1583.0	1196.0	522.0	411.0	9.0	0.0	3184.0	589.0	494.0	37.0	647.0	1993.0	334.0	965.0	292.0
Bacteria;Actinobacteria;Actinobacteria;Other;Other;Other	0.0	294.0	0.0	0.0	174.0	0.0	1.0	0.0	0.0	0.0	0.0	0.0	8.0	8.0	0.0	0.0	0.0	0.0	0.0	0.0	0.0	0.0	235.0	0.0	0.0	0.0	0.0	0.0	0.0	0.0	0.0	0.0	0.0	0.0	0.0	0.0	0.0	0.0	1.0	0.0	58.0	0.0	0.0	0.0	2.0	0.0	157.0	1.0	0.0	0.0	43.0	0.0	0.0	75.0	0.0	0.0	0.0	0.0	0.0	0.0	0.0	0.0	0.0	0.0	0.0	0.0	0.0	0.0	0.0	1.0	3.0	301.0	34.0	29.0	0.0	0.0	0.0	2.0	237.0	0.0	0.0	0.0	0.0	1.0	0.0	0.0	0.0	0.0
Bacteria;Actinobacteria;Actinobacteria;Solirubrobacterales;Other;Other	0.0	0.0	0.0	0.0	1.0	0.0	0.0	0.0	0.0	0.0	7.0	0.0	6.0	0.0	0.0	0.0	0.0	1.0	0.0	0.0	0.0	0.0	0.0	0.0	0.0	0.0	0.0	0.0	0.0	0.0	0.0	0.0	0.0	69.0	0.0	0.0	0.0	0.0	0.0	0.0	3.0	0.0	0.0	0.0	0.0	0.0	0.0	0.0	0.0	0.0	5.0	0.0	0.0	0.0	8.0	0.0	0.0	0.0	0.0	0.0	0.0	0.0	0.0	0.0	0.0	0.0	0.0	0.0	3.0	0.0	0.0	0.0	0.0	0.0	0.0	0.0	0.0	604.0	0.0	0.0	0.0	0.0	0.0	0.0	0.0	506.0	0.0	0.0
Bacteria;Actinobacteria;Actinobacteria;Solirubrobacterales;Patulibacteraceae;Patulibacter	0.0	88.0	0.0	0.0	0.0	0.0	0.0	0.0	0.0	0.0	0.0	0.0	0.0	0.0	0.0	206.0	0.0	0.0	0.0	0.0	0.0	0.0	0.0	0.0	0.0	0.0	0.0	0.0	0.0	0.0	0.0	0.0	0.0	0.0	0.0	0.0	0.0	0.0	0.0	0.0	0.0	0.0	0.0	26.0	0.0	0.0	0.0	0.0	0.0	0.0	0.0	0.0	0.0	0.0	0.0	0.0	0.0	0.0	0.0	0.0	0.0	0.0	0.0	0.0	0.0	0.0	0.0	0.0	0.0	0.0	0.0	0.0	2.0	0.0	0.0	0.0	0.0	0.0	0.0	0.0	0.0	0.0	0.0	0.0	0.0	0.0	0.0	0.0
Bacteria;Actinobacteria;Actinobacteria;Solirubrobacterales;Solirubrobacteraceae;Solirubrobacter	0.0	0.0	0.0	0.0	0.0	0.0	0.0	0.0	0.0	0.0	0.0	0.0	0.0	0.0	0.0	0.0	0.0	0.0	0.0	0.0	0.0	0.0	0.0	0.0	0.0	0.0	0.0	0.0	0.0	0.0	0.0	0.0	0.0	0.0	0.0	0.0	0.0	0.0	0.0	0.0	0.0	0.0	0.0	0.0	0.0	0.0	0.0	0.0	0.0	0.0	0.0	0.0	0.0	0.0	0.0	0.0	0.0	0.0	0.0	0.0	0.0	0.0	0.0	0.0	0.0	0.0	0.0	28.0	0.0	0.0	0.0	0.0	0.0	0.0	0.0	0.0	0.0	0.0	0.0	0.0	0.0	0.0	0.0	0.0	0.0	0.0	0.0	0.0
Bacteria;Actinobacteria;Actinobacteria;Unclassified;Brevibacteriaceae;Brevibacterium	0.0	0.0	0.0	0.0	0.0	0.0	0.0	0.0	0.0	0.0	0.0	0.0	3.0	0.0	55.0	0.0	0.0	0.0	0.0	1.0	0.0	0.0	0.0	0.0	0.0	1.0	0.0	0.0	0.0	0.0	86.0	0.0	2.0	0.0	3.0	0.0	0.0	0.0	0.0	0.0	1.0	0.0	0.0	0.0	0.0	0.0	0.0	0.0	0.0	0.0	0.0	0.0	0.0	0.0	0.0	0.0	0.0	0.0	0.0	0.0	0.0	1.0	0.0	0.0	0.0	0.0	0.0	0.0	0.0	138.0	0.0	0.0	0.0	103.0	23.0	0.0	0.0	0.0	0.0	0.0	0.0	0.0	184.0	3.0	0.0	0.0	0.0	0.0
Bacteria;Actinobacteria;Actinobacteria;Unclassified;Cellulomonadaceae;Cellulomonas	0.0	0.0	0.0	0.0	0.0	0.0	0.0	0.0	0.0	0.0	0.0	0.0	0.0	0.0	0.0	0.0	0.0	0.0	0.0	0.0	0.0	0.0	0.0	0.0	0.0	0.0	0.0	0.0	0.0	0.0	0.0	1.0	0.0	0.0	0.0	0.0	0.0	0.0	0.0	0.0	0.0	0.0	0.0	0.0	0.0	0.0	0.0	0.0	0.0	0.0	0.0	0.0	0.0	0.0	0.0	0.0	0.0	0.0	0.0	0.0	0.0	0.0	0.0	53.0	0.0	0.0	0.0	0.0	0.0	0.0	0.0	0.0	0.0	0.0	0.0	0.0	0.0	0.0	0.0	0.0	0.0	0.0	0.0	0.0	0.0	0.0	0.0	0.0
Bacteria;Actinobacteria;Actinobacteria;Unclassified;Corynebacteriaceae;Corynebacterium	0.0	22.0	197.0	65.0	1.0	113.0	127.0	15.0	16.0	0.0	0.0	1.0	11.0	0.0	9.0	0.0	46.0	133.0	0.0	4.0	0.0	25.0	0.0	1.0	0.0	0.0	0.0	0.0	2.0	1.0	36.0	227.0	18.0	175.0	34.0	0.0	118.0	3.0	0.0	743.0	19.0	55.0	7.0	0.0	46.0	55.0	0.0	0.0	2.0	320.0	0.0	4.0	178.0	146.0	33.0	0.0	1.0	0.0	44.0	0.0	47.0	12.0	1.0	52.0	0.0	583.0	1.0	67.0	0.0	126.0	95.0	0.0	7.0	0.0	27.0	128.0	91.0	1577.0	17.0	0.0	0.0	0.0	0.0	187.0	0.0	0.0	0.0	0.0
Bacteria;Actinobacteria;Actinobacteria;Unclassified;Corynebacteriaceae;Turicella	0.0	0.0	0.0	0.0	0.0	0.0	0.0	0.0	0.0	0.0	0.0	0.0	0.0	0.0	0.0	0.0	0.0	0.0	0.0	0.0	0.0	0.0	0.0	0.0	0.0	0.0	0.0	0.0	0.0	0.0	0.0	0.0	0.0	0.0	0.0	0.0	0.0	0.0	0.0	0.0	0.0	0.0	0.0	0.0	0.0	0.0	0.0	0.0	0.0	0.0	0.0	0.0	0.0	0.0	405.0	0.0	0.0	0.0	0.0	0.0	0.0	0.0	0.0	0.0	0.0	0.0	0.0	0.0	0.0	0.0	0.0	0.0	0.0	0.0	0.0	0.0	0.0	0.0	0.0	0.0	0.0	0.0	0.0	0.0	0.0	0.0	0.0	0.0
Bacteria;Actinobacteria;Actinobacteria;Unclassified;Dermabacteraceae;Brachybacterium	0.0	0.0	0.0	0.0	0.0	0.0	0.0	0.0	0.0	0.0	0.0	0.0	129.0	0.0	0.0	0.0	31.0	0.0	1.0	0.0	0.0	0.0	0.0	60.0	0.0	0.0	0.0	0.0	1.0	0.0	0.0	0.0	0.0	0.0	0.0	0.0	0.0	0.0	0.0	0.0	0.0	0.0	0.0	0.0	188.0	0.0	0.0	0.0	0.0	54.0	42.0	0.0	0.0	0.0	0.0	0.0	0.0	0.0	0.0	0.0	0.0	0.0	0.0	0.0	0.0	0.0	1.0	1.0	0.0	0.0	0.0	0.0	0.0	0.0	0.0	0.0	0.0	0.0	0.0	0.0	0.0	0.0	26.0	0.0	0.0	0.0	0.0	0.0
Bacteria;Actinobacteria;Actinobacteria;Unclassified;Dermacoccaceae;Dermacoccus	0.0	0.0	0.0	0.0	0.0	0.0	0.0	0.0	0.0	0.0	0.0	0.0	0.0	74.0	0.0	0.0	0.0	0.0	0.0	0.0	0.0	0.0	0.0	0.0	0.0	0.0	0.0	0.0	0.0	0.0	1.0	0.0	0.0	0.0	0.0	0.0	0.0	0.0	1.0	0.0	0.0	0.0	0.0	0.0	0.0	0.0	0.0	311.0	0.0	0.0	0.0	0.0	0.0	0.0	0.0	0.0	0.0	1.0	0.0	0.0	0.0	0.0	32.0	0.0	0.0	0.0	0.0	0.0	0.0	0.0	0.0	0.0	0.0	0.0	0.0	0.0	0.0	0.0	0.0	0.0	0.0	0.0	0.0	0.0	0.0	0.0	0.0	0.0
Bacteria;Actinobacteria;Actinobacteria;Unclassified;Dermacoccaceae;Flexivirga	53.0	0.0	0.0	0.0	0.0	0.0	0.0	0.0	0.0	0.0	0.0	0.0	0.0	0.0	0.0	0.0	0.0	0.0	0.0	0.0	0.0	0.0	0.0	0.0	0.0	0.0	0.0	0.0	0.0	0.0	0.0	0.0	0.0	0.0	0.0	0.0	0.0	0.0	0.0	0.0	0.0	0.0	0.0	0.0	0.0	0.0	0.0	0.0	0.0	0.0	0.0	0.0	0.0	0.0	0.0	0.0	0.0	0.0	0.0	0.0	0.0	0.0	0.0	0.0	0.0	0.0	0.0	0.0	0.0	0.0	0.0	0.0	0.0	0.0	0.0	0.0	0.0	0.0	0.0	0.0	0.0	0.0	77.0	0.0	0.0	0.0	4.0	0.0
Bacteria;Actinobacteria;Actinobacteria;Unclassified;Dietziaceae;Dietzia	0.0	0.0	0.0	0.0	0.0	0.0	0.0	0.0	0.0	0.0	0.0	0.0	0.0	77.0	0.0	18.0	0.0	0.0	0.0	0.0	0.0	0.0	0.0	0.0	0.0	0.0	0.0	0.0	0.0	0.0	0.0	0.0	0.0	0.0	0.0	0.0	0.0	121.0	1.0	0.0	0.0	0.0	0.0	0.0	0.0	0.0	0.0	0.0	0.0	0.0	0.0	11.0	0.0	0.0	0.0	0.0	0.0	63.0	0.0	0.0	0.0	0.0	0.0	0.0	0.0	0.0	0.0	49.0	0.0	0.0	2.0	386.0	0.0	0.0	0.0	0.0	0.0	0.0	0.0	0.0	0.0	0.0	0.0	0.0	0.0	0.0	0.0	0.0
Bacteria;Actinobacteria;Actinobacteria;Unclassified;Geodermatophilaceae;Blastococcus	0.0	0.0	0.0	0.0	0.0	0.0	0.0	0.0	0.0	0.0	0.0	0.0	0.0	0.0	0.0	0.0	0.0	0.0	0.0	0.0	0.0	0.0	0.0	0.0	0.0	0.0	0.0	0.0	0.0	0.0	0.0	0.0	0.0	0.0	0.0	0.0	0.0	0.0	0.0	0.0	0.0	0.0	0.0	0.0	0.0	0.0	55.0	0.0	0.0	0.0	0.0	0.0	0.0	0.0	0.0	0.0	0.0	0.0	0.0	0.0	0.0	0.0	0.0	57.0	0.0	0.0	0.0	0.0	0.0	0.0	0.0	0.0	0.0	0.0	0.0	0.0	0.0	0.0	0.0	0.0	0.0	0.0	0.0	0.0	0.0	0.0	0.0	0.0
Bacteria;Actinobacteria;Actinobacteria;Unclassified;Geodermatophilaceae;Geodermatophilus	0.0	0.0	0.0	0.0	0.0	0.0	0.0	0.0	0.0	0.0	0.0	0.0	1.0	0.0	0.0	0.0	0.0	0.0	0.0	0.0	0.0	0.0	0.0	0.0	0.0	0.0	0.0	0.0	0.0	0.0	0.0	0.0	0.0	0.0	0.0	0.0	0.0	0.0	0.0	0.0	0.0	0.0	0.0	0.0	0.0	0.0	0.0	0.0	0.0	0.0	0.0	0.0	0.0	0.0	0.0	0.0	0.0	0.0	0.0	0.0	1.0	0.0	0.0	0.0	48.0	0.0	0.0	0.0	0.0	0.0	0.0	0.0	0.0	0.0	0.0	0.0	0.0	0.0	0.0	0.0	0.0	1.0	0.0	0.0	0.0	0.0	0.0	0.0
Bacteria;Actinobacteria;Actinobacteria;Unclassified;Geodermatophilaceae;Other	0.0	0.0	0.0	0.0	0.0	0.0	0.0	0.0	0.0	0.0	0.0	0.0	0.0	0.0	0.0	0.0	0.0	0.0	0.0	0.0	0.0	0.0	0.0	0.0	0.0	0.0	0.0	0.0	0.0	0.0	0.0	0.0	0.0	0.0	0.0	0.0	0.0	0.0	0.0	0.0	0.0	0.0	0.0	0.0	0.0	0.0	0.0	0.0	0.0	0.0	0.0	0.0	0.0	0.0	0.0	0.0	0.0	0.0	0.0	0.0	0.0	0.0	0.0	42.0	0.0	0.0	0.0	0.0	0.0	0.0	0.0	0.0	0.0	0.0	0.0	0.0	0.0	0.0	0.0	0.0	0.0	0.0	0.0	0.0	0.0	0.0	0.0	0.0
Bacteria;Actinobacteria;Actinobacteria;Unclassified;Intrasporangiaceae;Janibacter	0.0	0.0	0.0	777.0	0.0	0.0	47.0	13.0	0.0	0.0	0.0	14.0	5.0	0.0	1.0	0.0	1.0	2.0	0.0	0.0	0.0	0.0	0.0	0.0	0.0	1.0	0.0	0.0	2.0	0.0	0.0	0.0	43.0	139.0	0.0	0.0	4.0	0.0	46.0	0.0	48.0	1.0	0.0	9.0	0.0	131.0	0.0	0.0	0.0	171.0	3.0	0.0	1.0	0.0	54.0	0.0	0.0	26.0	6.0	43.0	0.0	9.0	0.0	0.0	0.0	1.0	0.0	28.0	0.0	13.0	0.0	0.0	64.0	127.0	0.0	0.0	0.0	0.0	0.0	0.0	162.0	0.0	0.0	19.0	0.0	0.0	0.0	0.0
Bacteria;Actinobacteria;Actinobacteria;Unclassified;Intrasporangiaceae;Ornithinicoccus	0.0	0.0	0.0	69.0	0.0	0.0	0.0	0.0	0.0	0.0	0.0	0.0	0.0	0.0	0.0	0.0	0.0	0.0	0.0	0.0	0.0	0.0	0.0	0.0	0.0	0.0	0.0	0.0	0.0	0.0	0.0	0.0	0.0	0.0	0.0	0.0	0.0	0.0	0.0	0.0	3.0	0.0	0.0	0.0	0.0	0.0	0.0	0.0	0.0	0.0	0.0	0.0	0.0	0.0	0.0	0.0	0.0	0.0	0.0	0.0	0.0	0.0	0.0	0.0	0.0	0.0	0.0	0.0	0.0	0.0	0.0	0.0	1.0	0.0	39.0	0.0	0.0	0.0	0.0	0.0	0.0	0.0	0.0	89.0	0.0	0.0	0.0	0.0
Bacteria;Actinobacteria;Actinobacteria;Unclassified;Intrasporangiaceae;Ornithinimicrobium	0.0	0.0	0.0	0.0	0.0	0.0	0.0	0.0	0.0	0.0	0.0	0.0	0.0	0.0	0.0	0.0	0.0	0.0	1.0	0.0	0.0	0.0	0.0	0.0	0.0	0.0	0.0	0.0	0.0	0.0	0.0	0.0	0.0	0.0	34.0	0.0	0.0	0.0	0.0	0.0	0.0	0.0	0.0	0.0	0.0	0.0	0.0	0.0	0.0	0.0	0.0	0.0	0.0	0.0	0.0	0.0	0.0	55.0	0.0	0.0	0.0	0.0	0.0	0.0	0.0	0.0	0.0	0.0	0.0	0.0	0.0	0.0	0.0	0.0	0.0	0.0	0.0	0.0	0.0	0.0	0.0	0.0	0.0	0.0	0.0	0.0	0.0	0.0
Bacteria;Actinobacteria;Actinobacteria;Unclassified;Kineosporiaceae;Pseudokineococcus	0.0	0.0	0.0	0.0	0.0	0.0	0.0	0.0	78.0	0.0	0.0	0.0	0.0	0.0	0.0	0.0	0.0	0.0	0.0	0.0	0.0	0.0	0.0	0.0	0.0	0.0	0.0	0.0	0.0	0.0	0.0	0.0	0.0	0.0	0.0	0.0	0.0	0.0	0.0	0.0	0.0	0.0	0.0	0.0	0.0	0.0	0.0	0.0	0.0	0.0	0.0	0.0	0.0	0.0	0.0	0.0	0.0	0.0	0.0	0.0	0.0	0.0	0.0	0.0	0.0	0.0	0.0	0.0	0.0	0.0	0.0	0.0	0.0	0.0	0.0	0.0	0.0	0.0	0.0	0.0	0.0	0.0	0.0	0.0	0.0	0.0	0.0	0.0
Bacteria;Actinobacteria;Actinobacteria;Unclassified;Microbacteriaceae;Agromyces	0.0	0.0	0.0	0.0	0.0	0.0	0.0	0.0	0.0	0.0	0.0	0.0	0.0	0.0	0.0	0.0	0.0	0.0	0.0	0.0	0.0	0.0	0.0	0.0	0.0	0.0	0.0	0.0	0.0	0.0	0.0	0.0	0.0	0.0	0.0	0.0	0.0	0.0	0.0	0.0	0.0	0.0	0.0	0.0	0.0	0.0	0.0	0.0	0.0	0.0	0.0	0.0	0.0	31.0	0.0	0.0	0.0	0.0	0.0	0.0	0.0	0.0	0.0	0.0	0.0	0.0	0.0	0.0	0.0	0.0	0.0	0.0	0.0	0.0	0.0	0.0	0.0	0.0	0.0	0.0	0.0	0.0	0.0	0.0	0.0	0.0	0.0	0.0
Bacteria;Actinobacteria;Actinobacteria;Unclassified;Microbacteriaceae;Leifsonia	0.0	0.0	0.0	158.0	0.0	0.0	1.0	0.0	0.0	18.0	1.0	0.0	11.0	0.0	0.0	0.0	0.0	0.0	0.0	0.0	0.0	0.0	0.0	0.0	1.0	34.0	0.0	0.0	45.0	0.0	0.0	0.0	0.0	0.0	15.0	0.0	0.0	48.0	0.0	0.0	5.0	123.0	3.0	0.0	0.0	0.0	0.0	0.0	0.0	70.0	84.0	0.0	0.0	0.0	0.0	0.0	0.0	0.0	0.0	0.0	0.0	3.0	370.0	0.0	15.0	0.0	34.0	1.0	0.0	1.0	0.0	0.0	0.0	0.0	0.0	0.0	0.0	0.0	0.0	0.0	0.0	0.0	0.0	0.0	121.0	0.0	0.0	0.0
Bacteria;Actinobacteria;Actinobacteria;Unclassified;Microbacteriaceae;Leucobacter	0.0	0.0	0.0	1.0	0.0	0.0	0.0	0.0	0.0	460.0	0.0	5.0	40.0	1.0	0.0	0.0	1.0	0.0	0.0	0.0	0.0	0.0	0.0	0.0	206.0	0.0	0.0	0.0	0.0	0.0	378.0	0.0	1.0	0.0	0.0	0.0	0.0	0.0	0.0	0.0	585.0	0.0	0.0	0.0	0.0	0.0	0.0	14.0	0.0	0.0	4.0	0.0	0.0	0.0	0.0	0.0	0.0	0.0	0.0	0.0	0.0	0.0	0.0	0.0	0.0	0.0	101.0	1.0	2.0	0.0	0.0	0.0	0.0	0.0	0.0	0.0	0.0	0.0	0.0	0.0	0.0	0.0	0.0	0.0	0.0	0.0	44.0	0.0
Bacteria;Actinobacteria;Actinobacteria;Unclassified;Microbacteriaceae;Microbacterium	0.0	0.0	1.0	0.0	3.0	0.0	12.0	1.0	0.0	1.0	0.0	0.0	2.0	0.0	0.0	0.0	0.0	1.0	1.0	1.0	7.0	2.0	0.0	0.0	0.0	0.0	3.0	2.0	0.0	0.0	3.0	0.0	0.0	0.0	0.0	0.0	0.0	0.0	1.0	3.0	3.0	2.0	0.0	0.0	0.0	0.0	0.0	0.0	1.0	1.0	1.0	1.0	0.0	1.0	0.0	0.0	0.0	0.0	0.0	0.0	3.0	0.0	4.0	0.0	0.0	0.0	0.0	18.0	0.0	0.0	3.0	0.0	0.0	1.0	0.0	0.0	0.0	2.0	10.0	0.0	0.0	1.0	0.0	7.0	2.0	0.0	1.0	0.0
Bacteria;Actinobacteria;Actinobacteria;Unclassified;Microbacteriaceae;Other	0.0	0.0	0.0	0.0	0.0	0.0	0.0	0.0	0.0	0.0	0.0	0.0	0.0	0.0	0.0	0.0	0.0	0.0	0.0	0.0	0.0	0.0	0.0	0.0	0.0	0.0	0.0	0.0	0.0	0.0	0.0	0.0	0.0	0.0	0.0	0.0	0.0	0.0	0.0	0.0	0.0	0.0	0.0	0.0	0.0	0.0	0.0	0.0	0.0	0.0	0.0	0.0	0.0	0.0	170.0	0.0	0.0	0.0	0.0	0.0	0.0	0.0	0.0	0.0	0.0	0.0	0.0	0.0	0.0	0.0	0.0	0.0	0.0	0.0	0.0	0.0	0.0	0.0	0.0	0.0	0.0	0.0	0.0	0.0	0.0	0.0	0.0	0.0
Bacteria;Actinobacteria;Actinobacteria;Unclassified;Microbacteriaceae;Rathayibacter	0.0	0.0	0.0	0.0	0.0	0.0	24.0	0.0	0.0	0.0	0.0	0.0	0.0	0.0	0.0	0.0	0.0	0.0	0.0	0.0	0.0	0.0	0.0	0.0	0.0	0.0	0.0	0.0	0.0	0.0	0.0	0.0	0.0	0.0	0.0	0.0	0.0	0.0	0.0	0.0	0.0	0.0	0.0	0.0	0.0	0.0	0.0	0.0	0.0	0.0	0.0	0.0	0.0	0.0	0.0	0.0	0.0	0.0	0.0	0.0	0.0	0.0	0.0	0.0	0.0	0.0	0.0	0.0	0.0	0.0	0.0	0.0	0.0	0.0	0.0	0.0	0.0	0.0	0.0	0.0	0.0	0.0	0.0	0.0	0.0	0.0	0.0	0.0
Bacteria;Actinobacteria;Actinobacteria;Unclassified;Micrococcaceae;Arthrobacter	0.0	0.0	6.0	0.0	2.0	0.0	1.0	0.0	0.0	0.0	0.0	0.0	0.0	0.0	0.0	2.0	1.0	2.0	0.0	0.0	1.0	0.0	0.0	0.0	0.0	1.0	0.0	0.0	1.0	0.0	1.0	0.0	0.0	182.0	0.0	0.0	0.0	0.0	0.0	0.0	0.0	0.0	0.0	0.0	0.0	0.0	0.0	0.0	0.0	0.0	2.0	0.0	3.0	4.0	0.0	0.0	0.0	0.0	0.0	0.0	0.0	0.0	3.0	254.0	0.0	0.0	0.0	2.0	0.0	1.0	1.0	0.0	0.0	2.0	0.0	0.0	0.0	1.0	0.0	1.0	0.0	0.0	4.0	10.0	1.0	0.0	0.0	0.0
Bacteria;Actinobacteria;Actinobacteria;Unclassified;Micrococcaceae;Citricoccus	0.0	3.0	0.0	4.0	0.0	0.0	0.0	5.0	0.0	0.0	0.0	0.0	0.0	0.0	0.0	0.0	17.0	0.0	91.0	0.0	0.0	31.0	3.0	1.0	393.0	0.0	187.0	0.0	0.0	0.0	0.0	0.0	0.0	2.0	0.0	0.0	45.0	0.0	12.0	30.0	0.0	40.0	0.0	0.0	54.0	79.0	0.0	0.0	0.0	0.0	141.0	0.0	0.0	0.0	0.0	9.0	0.0	17.0	0.0	6.0	0.0	0.0	0.0	0.0	0.0	2.0	0.0	113.0	0.0	0.0	0.0	0.0	100.0	0.0	0.0	430.0	0.0	0.0	0.0	0.0	0.0	0.0	0.0	0.0	0.0	0.0	0.0	0.0
Bacteria;Actinobacteria;Actinobacteria;Unclassified;Micrococcaceae;Nesterenkonia	0.0	0.0	15.0	125.0	1.0	56.0	147.0	41.0	421.0	86.0	0.0	0.0	0.0	271.0	111.0	0.0	0.0	188.0	110.0	70.0	79.0	0.0	22.0	0.0	6.0	21.0	0.0	137.0	16.0	0.0	0.0	0.0	0.0	103.0	0.0	43.0	4.0	364.0	1.0	261.0	0.0	0.0	7.0	0.0	626.0	317.0	0.0	88.0	1.0	80.0	85.0	0.0	1.0	1.0	30.0	66.0	8.0	2.0	9.0	254.0	343.0	1.0	92.0	0.0	908.0	1.0	13.0	33.0	0.0	0.0	221.0	1.0	94.0	0.0	36.0	249.0	2.0	189.0	331.0	19.0	50.0	105.0	0.0	18.0	758.0	125.0	119.0	31.0
Bacteria;Actinobacteria;Actinobacteria;Unclassified;Micrococcaceae;Renibacterium	0.0	359.0	3334.0	149.0	572.0	157.0	715.0	7.0	2.0	0.0	219.0	0.0	50.0	159.0	63.0	1158.0	222.0	525.0	62.0	346.0	193.0	110.0	57.0	290.0	339.0	62.0	191.0	39.0	249.0	0.0	511.0	300.0	100.0	233.0	62.0	47.0	0.0	126.0	130.0	74.0	125.0	35.0	43.0	142.0	1.0	294.0	115.0	94.0	29.0	158.0	153.0	0.0	609.0	1912.0	0.0	23.0	3.0	126.0	40.0	0.0	123.0	0.0	406.0	0.0	324.0	178.0	133.0	622.0	1.0	141.0	189.0	221.0	35.0	213.0	0.0	0.0	11.0	332.0	0.0	149.0	0.0	345.0	1033.0	103.0	424.0	249.0	5.0	351.0
Bacteria;Actinobacteria;Actinobacteria;Unclassified;Micrococcaceae;Rothia	0.0	0.0	12.0	0.0	0.0	0.0	0.0	0.0	0.0	0.0	3.0	46.0	1.0	0.0	13.0	0.0	0.0	259.0	1.0	169.0	0.0	0.0	0.0	61.0	2.0	0.0	0.0	0.0	0.0	0.0	84.0	0.0	0.0	0.0	0.0	0.0	0.0	0.0	23.0	55.0	0.0	0.0	10.0	0.0	1.0	0.0	98.0	0.0	0.0	0.0	0.0	2.0	0.0	124.0	0.0	0.0	19.0	207.0	34.0	34.0	0.0	0.0	0.0	0.0	0.0	0.0	0.0	0.0	45.0	65.0	0.0	0.0	0.0	0.0	0.0	0.0	16.0	0.0	60.0	0.0	0.0	41.0	0.0	0.0	83.0	0.0	0.0	0.0
Bacteria;Actinobacteria;Actinobacteria;Unclassified;Micromonosporaceae;Micromonospora	0.0	0.0	0.0	0.0	0.0	0.0	0.0	0.0	0.0	0.0	0.0	0.0	101.0	262.0	0.0	0.0	79.0	0.0	0.0	0.0	0.0	0.0	0.0	0.0	0.0	149.0	0.0	22.0	0.0	0.0	1.0	0.0	0.0	0.0	0.0	0.0	0.0	0.0	4.0	0.0	347.0	0.0	25.0	0.0	0.0	0.0	0.0	0.0	34.0	63.0	38.0	0.0	0.0	0.0	519.0	0.0	0.0	0.0	0.0	0.0	208.0	0.0	0.0	0.0	1.0	1.0	0.0	0.0	4.0	0.0	0.0	1.0	0.0	0.0	0.0	0.0	0.0	0.0	0.0	0.0	0.0	0.0	0.0	110.0	0.0	0.0	245.0	0.0
Bacteria;Actinobacteria;Actinobacteria;Unclassified;Micromonosporaceae;Other	0.0	0.0	0.0	0.0	0.0	0.0	0.0	0.0	0.0	146.0	0.0	0.0	104.0	0.0	0.0	0.0	0.0	0.0	0.0	0.0	0.0	0.0	0.0	0.0	0.0	0.0	0.0	0.0	0.0	0.0	0.0	0.0	0.0	0.0	0.0	0.0	0.0	0.0	0.0	0.0	39.0	0.0	0.0	0.0	0.0	0.0	0.0	0.0	0.0	0.0	0.0	0.0	0.0	29.0	0.0	0.0	0.0	0.0	0.0	0.0	0.0	0.0	0.0	0.0	0.0	0.0	0.0	1.0	1.0	0.0	0.0	0.0	0.0	0.0	0.0	0.0	0.0	0.0	0.0	0.0	0.0	0.0	0.0	0.0	0.0	0.0	0.0	0.0
Bacteria;Actinobacteria;Actinobacteria;Unclassified;Micromonosporaceae;Planosporangium	0.0	0.0	0.0	0.0	0.0	0.0	0.0	0.0	0.0	0.0	0.0	0.0	0.0	0.0	0.0	0.0	0.0	0.0	0.0	0.0	0.0	0.0	0.0	0.0	0.0	0.0	0.0	0.0	0.0	0.0	0.0	0.0	0.0	0.0	0.0	0.0	0.0	0.0	0.0	24.0	0.0	0.0	0.0	0.0	0.0	0.0	0.0	0.0	0.0	0.0	0.0	0.0	0.0	0.0	0.0	0.0	0.0	0.0	0.0	0.0	0.0	0.0	0.0	0.0	0.0	0.0	0.0	0.0	0.0	0.0	0.0	0.0	0.0	0.0	0.0	0.0	0.0	0.0	0.0	0.0	0.0	0.0	0.0	0.0	0.0	0.0	0.0	0.0
Bacteria;Actinobacteria;Actinobacteria;Unclassified;Micromonosporaceae;Stackebrandtia	0.0	0.0	0.0	0.0	0.0	0.0	0.0	0.0	0.0	0.0	0.0	0.0	7.0	0.0	0.0	0.0	0.0	0.0	0.0	0.0	0.0	0.0	0.0	0.0	0.0	0.0	0.0	0.0	0.0	0.0	0.0	0.0	0.0	0.0	0.0	0.0	0.0	0.0	0.0	0.0	0.0	0.0	0.0	0.0	0.0	0.0	0.0	0.0	0.0	0.0	0.0	0.0	0.0	0.0	0.0	0.0	0.0	0.0	0.0	0.0	0.0	0.0	0.0	0.0	0.0	0.0	0.0	0.0	0.0	0.0	0.0	0.0	0.0	0.0	0.0	0.0	0.0	0.0	0.0	0.0	0.0	0.0	0.0	0.0	0.0	0.0	0.0	0.0
Bacteria;Actinobacteria;Actinobacteria;Unclassified;Mycobacteriaceae;Mycobacterium	0.0	0.0	0.0	88.0	0.0	0.0	4.0	61.0	96.0	0.0	0.0	0.0	86.0	0.0	73.0	0.0	26.0	0.0	0.0	0.0	0.0	61.0	3.0	0.0	0.0	0.0	180.0	77.0	13.0	1.0	0.0	117.0	0.0	7.0	11.0	0.0	0.0	0.0	0.0	0.0	46.0	0.0	2.0	0.0	0.0	0.0	22.0	6.0	0.0	0.0	64.0	0.0	0.0	1.0	43.0	89.0	16.0	0.0	0.0	0.0	1.0	1.0	0.0	95.0	0.0	0.0	0.0	0.0	0.0	31.0	0.0	0.0	0.0	32.0	0.0	0.0	1.0	526.0	72.0	0.0	0.0	0.0	1.0	0.0	0.0	382.0	0.0	314.0
Bacteria;Actinobacteria;Actinobacteria;Unclassified;Nakamurellaceae;Nakamurella	0.0	0.0	0.0	0.0	0.0	0.0	0.0	0.0	0.0	0.0	0.0	0.0	0.0	0.0	0.0	0.0	0.0	0.0	0.0	0.0	0.0	0.0	0.0	0.0	0.0	0.0	0.0	0.0	0.0	0.0	0.0	0.0	0.0	0.0	0.0	0.0	0.0	0.0	0.0	0.0	0.0	0.0	0.0	0.0	0.0	56.0	0.0	0.0	0.0	0.0	0.0	0.0	1.0	0.0	0.0	0.0	0.0	0.0	0.0	0.0	0.0	0.0	0.0	0.0	0.0	0.0	0.0	0.0	0.0	0.0	0.0	0.0	0.0	0.0	0.0	0.0	0.0	0.0	0.0	0.0	0.0	0.0	0.0	0.0	0.0	0.0	0.0	0.0
Bacteria;Actinobacteria;Actinobacteria;Unclassified;Nocardiaceae;Nocardia	0.0	0.0	0.0	0.0	0.0	0.0	0.0	0.0	0.0	0.0	0.0	0.0	4.0	0.0	0.0	0.0	0.0	0.0	0.0	0.0	0.0	0.0	0.0	0.0	0.0	0.0	0.0	0.0	0.0	0.0	0.0	0.0	0.0	0.0	0.0	0.0	0.0	0.0	0.0	0.0	9.0	0.0	0.0	0.0	0.0	0.0	0.0	0.0	0.0	0.0	0.0	0.0	0.0	0.0	0.0	0.0	0.0	0.0	0.0	0.0	0.0	0.0	0.0	0.0	0.0	0.0	0.0	0.0	0.0	0.0	0.0	0.0	0.0	0.0	0.0	0.0	0.0	34.0	0.0	0.0	0.0	0.0	0.0	0.0	0.0	0.0	0.0	0.0
Bacteria;Actinobacteria;Actinobacteria;Unclassified;Nocardiaceae;Rhodococcus	357.0	0.0	402.0	0.0	514.0	434.0	2.0	43.0	0.0	0.0	36.0	1.0	1.0	5.0	0.0	323.0	0.0	55.0	152.0	10.0	18.0	10.0	2.0	166.0	2.0	0.0	0.0	0.0	2.0	1.0	0.0	20.0	0.0	1.0	0.0	45.0	30.0	103.0	3.0	0.0	0.0	71.0	47.0	151.0	98.0	0.0	31.0	77.0	1.0	240.0	6.0	324.0	68.0	197.0	2.0	0.0	0.0	3.0	20.0	87.0	0.0	0.0	56.0	0.0	0.0	359.0	0.0	3.0	9.0	26.0	134.0	48.0	0.0	1.0	24.0	21.0	1.0	42.0	68.0	0.0	1.0	0.0	25.0	239.0	0.0	3.0	17.0	247.0
Bacteria;Actinobacteria;Actinobacteria;Unclassified;Nocardiaceae;Williamsia	0.0	0.0	0.0	0.0	0.0	0.0	0.0	0.0	0.0	111.0	0.0	0.0	0.0	0.0	0.0	0.0	0.0	0.0	0.0	0.0	0.0	0.0	0.0	0.0	0.0	0.0	0.0	0.0	0.0	0.0	0.0	0.0	0.0	0.0	49.0	0.0	0.0	0.0	0.0	0.0	0.0	0.0	0.0	0.0	0.0	0.0	0.0	0.0	0.0	0.0	0.0	0.0	0.0	0.0	0.0	0.0	0.0	0.0	0.0	0.0	0.0	0.0	0.0	0.0	0.0	0.0	0.0	0.0	0.0	0.0	0.0	0.0	0.0	0.0	0.0	0.0	0.0	0.0	0.0	0.0	0.0	0.0	0.0	0.0	0.0	0.0	0.0	0.0
Bacteria;Actinobacteria;Actinobacteria;Unclassified;Nocardioidaceae;Aeromicrobium	20.0	0.0	0.0	0.0	0.0	0.0	0.0	0.0	0.0	0.0	0.0	0.0	17.0	0.0	0.0	0.0	0.0	0.0	0.0	0.0	0.0	0.0	0.0	12.0	0.0	0.0	0.0	0.0	0.0	0.0	0.0	7.0	0.0	0.0	41.0	0.0	0.0	0.0	0.0	0.0	0.0	0.0	0.0	0.0	0.0	0.0	0.0	0.0	0.0	0.0	4.0	0.0	0.0	0.0	0.0	0.0	0.0	0.0	0.0	0.0	0.0	0.0	0.0	0.0	0.0	0.0	0.0	0.0	0.0	0.0	0.0	0.0	0.0	0.0	0.0	0.0	0.0	0.0	0.0	0.0	0.0	0.0	0.0	46.0	0.0	1.0	0.0	0.0
Bacteria;Actinobacteria;Actinobacteria;Unclassified;Nocardioidaceae;Marmoricola	0.0	0.0	0.0	0.0	0.0	0.0	0.0	0.0	0.0	0.0	0.0	1.0	3.0	0.0	0.0	0.0	1.0	39.0	0.0	173.0	0.0	0.0	0.0	0.0	0.0	0.0	0.0	0.0	0.0	0.0	0.0	0.0	0.0	0.0	0.0	0.0	0.0	0.0	0.0	0.0	67.0	0.0	1.0	0.0	1.0	0.0	90.0	0.0	1.0	139.0	49.0	0.0	0.0	0.0	0.0	0.0	1.0	10.0	0.0	15.0	95.0	1.0	98.0	0.0	0.0	0.0	0.0	0.0	2.0	49.0	1.0	57.0	0.0	5.0	9.0	1.0	122.0	0.0	0.0	0.0	0.0	0.0	0.0	34.0	0.0	0.0	48.0	0.0
Bacteria;Actinobacteria;Actinobacteria;Unclassified;Nocardioidaceae;Nocardioides	0.0	0.0	0.0	0.0	0.0	0.0	45.0	0.0	21.0	0.0	0.0	3.0	0.0	0.0	0.0	10.0	17.0	0.0	0.0	0.0	0.0	0.0	0.0	0.0	0.0	0.0	0.0	0.0	186.0	0.0	18.0	0.0	0.0	0.0	31.0	0.0	0.0	0.0	12.0	0.0	16.0	0.0	0.0	0.0	0.0	0.0	91.0	0.0	0.0	0.0	1.0	23.0	0.0	4.0	71.0	0.0	0.0	0.0	2.0	0.0	0.0	0.0	0.0	0.0	0.0	0.0	0.0	95.0	15.0	107.0	1.0	18.0	75.0	0.0	0.0	0.0	0.0	0.0	0.0	0.0	0.0	0.0	0.0	0.0	0.0	0.0	0.0	0.0
Bacteria;Actinobacteria;Actinobacteria;Unclassified;Nocardioidaceae;Other	0.0	0.0	0.0	0.0	0.0	0.0	0.0	0.0	0.0	0.0	0.0	0.0	0.0	0.0	0.0	0.0	0.0	0.0	0.0	0.0	0.0	0.0	0.0	0.0	0.0	0.0	0.0	0.0	0.0	0.0	0.0	0.0	0.0	0.0	0.0	0.0	0.0	0.0	0.0	0.0	21.0	0.0	0.0	0.0	0.0	0.0	0.0	0.0	5.0	0.0	0.0	0.0	0.0	0.0	0.0	0.0	0.0	0.0	0.0	0.0	0.0	0.0	0.0	0.0	0.0	0.0	0.0	0.0	0.0	0.0	0.0	0.0	0.0	0.0	0.0	0.0	0.0	0.0	0.0	0.0	0.0	0.0	0.0	0.0	0.0	0.0	0.0	0.0
Bacteria;Actinobacteria;Actinobacteria;Unclassified;Nocardioidaceae;Thermasporomyces	0.0	0.0	0.0	61.0	0.0	0.0	0.0	335.0	0.0	103.0	0.0	5.0	257.0	205.0	1.0	0.0	4.0	0.0	19.0	0.0	0.0	32.0	101.0	1.0	39.0	306.0	0.0	0.0	0.0	0.0	0.0	0.0	0.0	10.0	0.0	0.0	0.0	0.0	6.0	0.0	655.0	167.0	0.0	41.0	123.0	0.0	1.0	0.0	0.0	0.0	0.0	0.0	0.0	219.0	11.0	26.0	82.0	316.0	0.0	0.0	0.0	0.0	0.0	0.0	0.0	0.0	0.0	1.0	16.0	120.0	10.0	2.0	130.0	124.0	0.0	0.0	0.0	0.0	0.0	0.0	1.0	0.0	0.0	72.0	0.0	0.0	103.0	0.0
Bacteria;Actinobacteria;Actinobacteria;Unclassified;Nocardiopsaceae;Nocardiopsis	0.0	0.0	0.0	0.0	0.0	0.0	0.0	0.0	0.0	0.0	0.0	0.0	86.0	0.0	0.0	0.0	0.0	0.0	0.0	0.0	0.0	0.0	0.0	0.0	2.0	0.0	0.0	0.0	0.0	0.0	0.0	0.0	0.0	0.0	0.0	0.0	0.0	0.0	0.0	0.0	0.0	0.0	0.0	0.0	0.0	0.0	0.0	0.0	0.0	0.0	0.0	0.0	0.0	0.0	14.0	0.0	0.0	0.0	0.0	0.0	0.0	0.0	0.0	0.0	0.0	0.0	0.0	0.0	0.0	0.0	0.0	0.0	0.0	0.0	0.0	0.0	0.0	0.0	0.0	0.0	0.0	0.0	0.0	0.0	63.0	0.0	0.0	0.0
Bacteria;Actinobacteria;Actinobacteria;Unclassified;Nocardiopsaceae;Thermobifida	0.0	26.0	153.0	0.0	0.0	0.0	52.0	65.0	0.0	127.0	0.0	4.0	335.0	10.0	0.0	0.0	2.0	1.0	0.0	34.0	0.0	0.0	62.0	0.0	0.0	2524.0	0.0	0.0	0.0	38.0	0.0	0.0	8.0	13.0	0.0	0.0	0.0	0.0	132.0	0.0	1204.0	9.0	0.0	0.0	0.0	0.0	0.0	0.0	1.0	0.0	0.0	114.0	0.0	0.0	432.0	0.0	10.0	176.0	0.0	88.0	0.0	0.0	0.0	1.0	0.0	0.0	0.0	1.0	11.0	0.0	0.0	9.0	0.0	0.0	14.0	0.0	0.0	0.0	0.0	0.0	0.0	258.0	0.0	0.0	0.0	0.0	152.0	0.0
Bacteria;Actinobacteria;Actinobacteria;Unclassified;Promicromonosporaceae;Cellulosimicrobium	0.0	0.0	0.0	0.0	0.0	0.0	0.0	0.0	0.0	0.0	0.0	0.0	0.0	0.0	0.0	0.0	0.0	0.0	0.0	0.0	0.0	0.0	0.0	0.0	0.0	0.0	0.0	0.0	0.0	0.0	0.0	239.0	0.0	0.0	0.0	0.0	0.0	0.0	0.0	0.0	0.0	0.0	0.0	0.0	0.0	0.0	0.0	0.0	0.0	0.0	0.0	0.0	0.0	0.0	0.0	0.0	0.0	0.0	0.0	0.0	0.0	0.0	0.0	0.0	0.0	0.0	0.0	0.0	0.0	0.0	0.0	0.0	0.0	0.0	0.0	0.0	0.0	0.0	0.0	0.0	0.0	0.0	0.0	0.0	0.0	0.0	0.0	0.0
Bacteria;Actinobacteria;Actinobacteria;Unclassified;Promicromonosporaceae;Promicromonospora	0.0	0.0	0.0	0.0	0.0	0.0	0.0	0.0	0.0	0.0	0.0	0.0	0.0	0.0	0.0	0.0	0.0	0.0	0.0	0.0	0.0	0.0	0.0	0.0	0.0	0.0	0.0	0.0	0.0	0.0	0.0	0.0	0.0	0.0	0.0	0.0	0.0	0.0	0.0	0.0	0.0	0.0	0.0	0.0	0.0	0.0	0.0	0.0	0.0	0.0	68.0	0.0	0.0	0.0	0.0	0.0	0.0	0.0	0.0	0.0	0.0	0.0	0.0	0.0	0.0	0.0	0.0	0.0	1.0	0.0	0.0	0.0	0.0	0.0	0.0	0.0	0.0	0.0	0.0	0.0	0.0	0.0	0.0	0.0	0.0	0.0	0.0	0.0
Bacteria;Actinobacteria;Actinobacteria;Unclassified;Propionibacteriaceae;Haloactinopolyspora	0.0	0.0	0.0	0.0	0.0	0.0	0.0	0.0	0.0	0.0	0.0	0.0	0.0	0.0	0.0	0.0	0.0	0.0	0.0	0.0	0.0	0.0	0.0	0.0	0.0	0.0	0.0	0.0	0.0	0.0	0.0	0.0	0.0	0.0	0.0	0.0	0.0	0.0	0.0	0.0	11.0	0.0	0.0	0.0	0.0	0.0	0.0	0.0	0.0	0.0	0.0	0.0	0.0	0.0	0.0	0.0	0.0	0.0	0.0	0.0	0.0	0.0	0.0	0.0	0.0	0.0	0.0	0.0	0.0	0.0	0.0	0.0	0.0	0.0	0.0	0.0	0.0	0.0	0.0	0.0	0.0	0.0	0.0	0.0	0.0	0.0	0.0	0.0
Bacteria;Actinobacteria;Actinobacteria;Unclassified;Propionibacteriaceae;Propionibacterium	8.0	4.0	0.0	1.0	0.0	4.0	2.0	10.0	0.0	1.0	5.0	0.0	0.0	9.0	3.0	2.0	18.0	7.0	3.0	28.0	0.0	1.0	1.0	4.0	13.0	0.0	0.0	0.0	0.0	0.0	0.0	18.0	4.0	9.0	1.0	10.0	24.0	10.0	0.0	2.0	1.0	6.0	2.0	17.0	0.0	20.0	8.0	1.0	2.0	2.0	2.0	0.0	10.0	4.0	3.0	0.0	0.0	1.0	0.0	14.0	8.0	2.0	27.0	14.0	26.0	1.0	0.0	5.0	0.0	10.0	1.0	2.0	5.0	5.0	2.0	7.0	0.0	18.0	0.0	0.0	0.0	1.0	0.0	2.0	40.0	0.0	5.0	21.0
Bacteria;Actinobacteria;Actinobacteria;Unclassified;Pseudonocardiaceae;Actinomycetospora	0.0	0.0	0.0	0.0	0.0	0.0	0.0	0.0	0.0	0.0	0.0	0.0	0.0	0.0	0.0	0.0	0.0	0.0	0.0	0.0	0.0	0.0	0.0	0.0	0.0	0.0	0.0	0.0	0.0	0.0	0.0	0.0	0.0	0.0	0.0	0.0	0.0	0.0	0.0	0.0	0.0	0.0	0.0	0.0	0.0	0.0	0.0	0.0	0.0	0.0	54.0	0.0	0.0	0.0	0.0	0.0	0.0	0.0	0.0	0.0	0.0	0.0	0.0	0.0	0.0	0.0	0.0	0.0	0.0	0.0	0.0	0.0	0.0	0.0	0.0	0.0	0.0	0.0	0.0	0.0	0.0	0.0	0.0	0.0	0.0	0.0	40.0	0.0
Bacteria;Actinobacteria;Actinobacteria;Unclassified;Pseudonocardiaceae;Pseudonocardia	0.0	0.0	0.0	0.0	0.0	0.0	0.0	0.0	0.0	23.0	0.0	0.0	19.0	0.0	0.0	0.0	0.0	0.0	1.0	0.0	0.0	0.0	0.0	0.0	0.0	0.0	0.0	0.0	0.0	0.0	0.0	0.0	0.0	0.0	0.0	0.0	0.0	0.0	2.0	0.0	185.0	0.0	0.0	0.0	2.0	0.0	314.0	0.0	0.0	0.0	2.0	0.0	0.0	0.0	0.0	9.0	2.0	31.0	0.0	0.0	0.0	40.0	0.0	0.0	0.0	0.0	0.0	0.0	0.0	0.0	0.0	0.0	44.0	0.0	0.0	0.0	0.0	0.0	0.0	0.0	0.0	0.0	0.0	0.0	0.0	0.0	14.0	0.0
Bacteria;Actinobacteria;Actinobacteria;Unclassified;Pseudonocardiaceae;Saccharomonospora	62.0	0.0	0.0	0.0	0.0	0.0	0.0	0.0	0.0	0.0	0.0	4.0	261.0	0.0	1.0	0.0	1.0	24.0	1.0	0.0	0.0	40.0	0.0	0.0	28.0	15356.0	0.0	0.0	0.0	91.0	0.0	0.0	69.0	1.0	37.0	0.0	0.0	0.0	21.0	0.0	769.0	191.0	0.0	115.0	0.0	0.0	0.0	3.0	20.0	48.0	0.0	0.0	0.0	143.0	316.0	0.0	3.0	89.0	0.0	0.0	0.0	0.0	131.0	0.0	0.0	1.0	107.0	6.0	13.0	0.0	0.0	83.0	117.0	0.0	8.0	0.0	0.0	0.0	0.0	0.0	78.0	0.0	0.0	0.0	0.0	0.0	28.0	0.0
Bacteria;Actinobacteria;Actinobacteria;Unclassified;Pseudonocardiaceae;Saccharopolyspora	0.0	0.0	0.0	0.0	0.0	0.0	0.0	0.0	0.0	0.0	0.0	0.0	0.0	0.0	0.0	0.0	0.0	0.0	0.0	0.0	0.0	0.0	0.0	0.0	0.0	47.0	0.0	0.0	0.0	0.0	0.0	0.0	0.0	0.0	0.0	0.0	0.0	0.0	0.0	0.0	0.0	0.0	0.0	0.0	0.0	0.0	211.0	0.0	0.0	0.0	0.0	0.0	0.0	0.0	0.0	0.0	0.0	0.0	0.0	0.0	0.0	0.0	0.0	0.0	0.0	0.0	0.0	0.0	0.0	0.0	0.0	0.0	0.0	0.0	0.0	0.0	0.0	0.0	0.0	0.0	0.0	0.0	0.0	0.0	0.0	0.0	0.0	0.0
Bacteria;Actinobacteria;Actinobacteria;Unclassified;Pseudonocardiaceae;Thermocrispum	0.0	0.0	0.0	0.0	0.0	0.0	0.0	0.0	0.0	0.0	0.0	0.0	4.0	0.0	0.0	0.0	0.0	0.0	0.0	0.0	0.0	0.0	0.0	0.0	0.0	0.0	0.0	0.0	0.0	0.0	0.0	0.0	0.0	0.0	0.0	0.0	0.0	0.0	0.0	0.0	73.0	0.0	0.0	0.0	0.0	0.0	0.0	0.0	0.0	0.0	0.0	0.0	0.0	0.0	0.0	0.0	0.0	0.0	0.0	0.0	0.0	0.0	0.0	0.0	0.0	0.0	0.0	0.0	0.0	0.0	0.0	0.0	0.0	0.0	0.0	0.0	0.0	0.0	0.0	0.0	0.0	0.0	0.0	31.0	0.0	0.0	0.0	0.0
Bacteria;Actinobacteria;Actinobacteria;Unclassified;Sporichthyaceae;Other	0.0	0.0	0.0	0.0	0.0	0.0	0.0	0.0	0.0	0.0	0.0	0.0	0.0	0.0	0.0	0.0	0.0	0.0	0.0	0.0	0.0	0.0	0.0	0.0	0.0	0.0	0.0	0.0	0.0	0.0	0.0	0.0	0.0	24.0	0.0	0.0	0.0	0.0	0.0	0.0	0.0	0.0	0.0	0.0	0.0	0.0	0.0	0.0	0.0	0.0	0.0	0.0	0.0	0.0	0.0	0.0	0.0	0.0	0.0	0.0	0.0	0.0	0.0	0.0	0.0	0.0	0.0	0.0	0.0	0.0	0.0	0.0	0.0	0.0	0.0	0.0	0.0	0.0	0.0	0.0	0.0	0.0	0.0	0.0	0.0	0.0	0.0	0.0
Bacteria;Actinobacteria;Actinobacteria;Unclassified;Streptomycetaceae;Streptomyces	0.0	33.0	0.0	0.0	192.0	0.0	0.0	0.0	0.0	0.0	0.0	0.0	24.0	0.0	1198.0	0.0	0.0	0.0	0.0	0.0	0.0	0.0	48.0	0.0	0.0	13.0	0.0	0.0	0.0	0.0	0.0	0.0	0.0	0.0	0.0	0.0	0.0	0.0	0.0	0.0	2.0	0.0	0.0	0.0	0.0	24.0	26.0	0.0	0.0	0.0	112.0	0.0	0.0	0.0	0.0	0.0	10.0	0.0	0.0	287.0	0.0	0.0	0.0	0.0	0.0	0.0	0.0	0.0	15.0	0.0	0.0	0.0	0.0	0.0	0.0	0.0	0.0	2.0	0.0	0.0	0.0	0.0	0.0	0.0	0.0	0.0	47.0	0.0
Bacteria;Actinobacteria;Actinobacteria;Unclassified;Streptosporangiaceae;Nonomuraea	0.0	0.0	0.0	0.0	0.0	0.0	0.0	0.0	0.0	0.0	0.0	0.0	0.0	0.0	0.0	0.0	2.0	0.0	0.0	0.0	0.0	0.0	0.0	0.0	0.0	0.0	0.0	0.0	0.0	0.0	0.0	0.0	0.0	0.0	0.0	0.0	0.0	0.0	0.0	0.0	115.0	0.0	0.0	0.0	0.0	0.0	0.0	0.0	0.0	0.0	0.0	0.0	0.0	0.0	0.0	0.0	0.0	0.0	0.0	0.0	0.0	0.0	0.0	0.0	0.0	0.0	0.0	0.0	0.0	0.0	0.0	0.0	0.0	0.0	0.0	0.0	0.0	0.0	0.0	0.0	0.0	0.0	0.0	0.0	0.0	0.0	0.0	0.0
Bacteria;Actinobacteria;Actinobacteria;Unclassified;Streptosporangiaceae;Thermopolyspora	0.0	0.0	0.0	0.0	0.0	0.0	0.0	0.0	0.0	0.0	0.0	0.0	46.0	0.0	0.0	0.0	1.0	0.0	0.0	0.0	0.0	0.0	0.0	0.0	0.0	0.0	0.0	0.0	0.0	0.0	0.0	0.0	0.0	0.0	0.0	0.0	0.0	0.0	0.0	0.0	117.0	0.0	0.0	0.0	0.0	0.0	0.0	0.0	0.0	0.0	0.0	0.0	0.0	0.0	24.0	0.0	0.0	0.0	0.0	0.0	0.0	0.0	0.0	0.0	0.0	0.0	0.0	1.0	0.0	0.0	0.0	0.0	0.0	0.0	0.0	0.0	0.0	3.0	0.0	0.0	0.0	0.0	0.0	0.0	0.0	0.0	0.0	0.0
Bacteria;Actinobacteria;Actinobacteria;Unclassified;Thermomonosporaceae;Actinocorallia	0.0	0.0	0.0	0.0	0.0	0.0	0.0	0.0	0.0	0.0	0.0	0.0	2.0	0.0	0.0	0.0	0.0	0.0	0.0	0.0	0.0	0.0	0.0	0.0	0.0	0.0	0.0	0.0	0.0	0.0	0.0	0.0	0.0	0.0	0.0	0.0	0.0	0.0	0.0	0.0	0.0	0.0	0.0	0.0	0.0	0.0	0.0	0.0	0.0	0.0	0.0	0.0	0.0	0.0	0.0	0.0	0.0	0.0	0.0	0.0	0.0	0.0	0.0	0.0	0.0	0.0	0.0	0.0	0.0	0.0	0.0	0.0	0.0	0.0	0.0	0.0	0.0	0.0	0.0	0.0	0.0	0.0	0.0	0.0	0.0	0.0	0.0	0.0
Bacteria;Actinobacteria;Actinobacteria;Unclassified;Thermomonosporaceae;Actinomadura	0.0	81.0	3.0	0.0	0.0	0.0	344.0	368.0	0.0	192.0	0.0	6.0	898.0	131.0	0.0	0.0	97.0	1.0	98.0	0.0	0.0	0.0	31.0	49.0	0.0	2777.0	0.0	0.0	0.0	0.0	75.0	0.0	0.0	73.0	0.0	0.0	0.0	0.0	30.0	0.0	1481.0	0.0	0.0	240.0	0.0	0.0	0.0	221.0	0.0	0.0	0.0	0.0	0.0	264.0	353.0	0.0	1.0	1.0	0.0	57.0	0.0	0.0	1.0	0.0	0.0	2.0	0.0	3.0	62.0	0.0	0.0	7.0	122.0	2.0	83.0	0.0	20.0	183.0	0.0	0.0	1.0	0.0	2646.0	31.0	0.0	0.0	0.0	0.0
Bacteria;Actinobacteria;Actinobacteria;Unclassified;Thermomonosporaceae;Thermobispora	0.0	0.0	0.0	0.0	0.0	0.0	0.0	0.0	0.0	124.0	0.0	0.0	13.0	0.0	0.0	0.0	0.0	0.0	0.0	0.0	0.0	0.0	0.0	0.0	0.0	0.0	0.0	0.0	0.0	2.0	0.0	0.0	29.0	0.0	0.0	0.0	0.0	0.0	0.0	0.0	53.0	0.0	0.0	0.0	0.0	0.0	0.0	0.0	0.0	0.0	87.0	0.0	0.0	0.0	0.0	0.0	0.0	0.0	0.0	0.0	0.0	9.0	0.0	28.0	0.0	31.0	0.0	0.0	12.0	82.0	0.0	0.0	0.0	1.0	0.0	0.0	0.0	0.0	0.0	0.0	0.0	0.0	86.0	0.0	0.0	0.0	0.0	0.0
Bacteria;Actinobacteria;Actinobacteria;Unclassified;Thermomonosporaceae;Thermomonospora	0.0	0.0	0.0	0.0	0.0	0.0	0.0	0.0	0.0	0.0	0.0	0.0	0.0	0.0	0.0	0.0	0.0	0.0	0.0	0.0	0.0	0.0	0.0	0.0	0.0	0.0	0.0	0.0	0.0	0.0	0.0	0.0	0.0	0.0	0.0	0.0	0.0	0.0	27.0	0.0	12.0	62.0	0.0	0.0	0.0	0.0	0.0	0.0	0.0	0.0	0.0	0.0	0.0	0.0	0.0	0.0	0.0	0.0	0.0	0.0	0.0	0.0	0.0	0.0	0.0	0.0	0.0	0.0	0.0	0.0	0.0	0.0	0.0	0.0	0.0	0.0	0.0	0.0	0.0	0.0	0.0	0.0	0.0	0.0	0.0	0.0	0.0	0.0
Bacteria;Armatimonadetes;Other;Other;Other;Other	0.0	0.0	0.0	0.0	0.0	0.0	0.0	0.0	0.0	0.0	0.0	0.0	0.0	0.0	0.0	0.0	0.0	0.0	0.0	0.0	0.0	0.0	0.0	2.0	0.0	0.0	0.0	0.0	0.0	0.0	0.0	0.0	0.0	0.0	0.0	0.0	0.0	0.0	0.0	0.0	0.0	0.0	0.0	0.0	0.0	0.0	0.0	0.0	0.0	0.0	0.0	0.0	0.0	0.0	0.0	0.0	0.0	0.0	0.0	0.0	0.0	0.0	0.0	0.0	0.0	0.0	0.0	0.0	0.0	0.0	0.0	0.0	0.0	0.0	0.0	0.0	0.0	0.0	0.0	0.0	0.0	0.0	0.0	0.0	0.0	0.0	0.0	0.0
Bacteria;Bacteroidetes;Bacteroidia;Bacteroidales;Bacteroidaceae;Bacteroides	1250.0	2498.0	2922.0	1517.0	1230.0	7794.0	1240.0	2396.0	231.0	1821.0	5626.0	7775.0	717.0	2195.0	356.0	573.0	2874.0	2298.0	1991.0	2516.0	1447.0	706.0	1136.0	1654.0	1404.0	469.0	643.0	606.0	924.0	2203.0	3776.0	381.0	3139.0	2666.0	1379.0	406.0	3414.0	3543.0	2106.0	510.0	898.0	958.0	3520.0	2052.0	956.0	231.0	870.0	1854.0	2135.0	918.0	2256.0	449.0	53.0	1029.0	349.0	4146.0	5819.0	2206.0	2613.0	1973.0	2007.0	2864.0	1548.0	2181.0	1154.0	38.0	3641.0	545.0	5719.0	1787.0	1102.0	1618.0	2512.0	4210.0	3325.0	984.0	1276.0	186.0	317.0	3494.0	967.0	884.0	2835.0	2701.0	225.0	752.0	2426.0	795.0
Bacteria;Bacteroidetes;Bacteroidia;Bacteroidales;Other;Other	1.0	0.0	1.0	0.0	1.0	10.0	41.0	2.0	0.0	0.0	9.0	17.0	7.0	142.0	1.0	193.0	1.0	0.0	0.0	1.0	0.0	111.0	1.0	2.0	0.0	35.0	0.0	0.0	0.0	0.0	2.0	1.0	0.0	49.0	0.0	0.0	0.0	116.0	2.0	6.0	34.0	0.0	1.0	141.0	0.0	0.0	0.0	0.0	1.0	0.0	0.0	10.0	0.0	0.0	0.0	0.0	15.0	2.0	6.0	0.0	1.0	1.0	0.0	106.0	1.0	1.0	0.0	0.0	3.0	2.0	1.0	0.0	21.0	0.0	68.0	0.0	0.0	5.0	0.0	2.0	0.0	20.0	39.0	0.0	0.0	0.0	2.0	1.0
Bacteria;Bacteroidetes;Bacteroidia;Bacteroidales;Porphyromonadaceae;Barnesiella	0.0	0.0	0.0	9.0	0.0	0.0	0.0	0.0	0.0	0.0	0.0	5.0	0.0	0.0	0.0	0.0	0.0	0.0	0.0	0.0	0.0	0.0	0.0	0.0	0.0	0.0	0.0	0.0	0.0	0.0	0.0	0.0	0.0	0.0	0.0	0.0	0.0	0.0	0.0	0.0	0.0	0.0	0.0	0.0	0.0	0.0	0.0	0.0	0.0	0.0	0.0	0.0	0.0	0.0	0.0	0.0	18.0	0.0	0.0	0.0	0.0	0.0	0.0	0.0	0.0	0.0	0.0	0.0	7.0	0.0	0.0	0.0	0.0	0.0	0.0	0.0	0.0	0.0	0.0	0.0	0.0	0.0	0.0	0.0	0.0	0.0	0.0	0.0
Bacteria;Bacteroidetes;Bacteroidia;Bacteroidales;Porphyromonadaceae;Butyricimonas	0.0	0.0	0.0	0.0	0.0	0.0	0.0	0.0	0.0	0.0	0.0	14.0	0.0	0.0	0.0	0.0	0.0	0.0	0.0	0.0	0.0	0.0	0.0	0.0	0.0	0.0	0.0	0.0	48.0	0.0	0.0	1.0	50.0	5.0	0.0	0.0	0.0	0.0	0.0	0.0	0.0	0.0	0.0	0.0	0.0	0.0	0.0	0.0	0.0	0.0	0.0	0.0	0.0	0.0	0.0	0.0	24.0	0.0	0.0	0.0	1.0	0.0	0.0	0.0	286.0	0.0	0.0	0.0	22.0	0.0	0.0	0.0	0.0	0.0	0.0	0.0	0.0	0.0	0.0	0.0	0.0	0.0	0.0	0.0	0.0	0.0	0.0	2.0
Bacteria;Bacteroidetes;Bacteroidia;Bacteroidales;Porphyromonadaceae;Coprobacter	0.0	0.0	0.0	0.0	0.0	0.0	0.0	0.0	0.0	0.0	0.0	19.0	0.0	0.0	0.0	0.0	0.0	0.0	0.0	0.0	0.0	0.0	0.0	0.0	0.0	0.0	0.0	0.0	0.0	0.0	0.0	0.0	0.0	0.0	11.0	0.0	0.0	0.0	0.0	0.0	0.0	0.0	0.0	0.0	0.0	0.0	0.0	0.0	0.0	0.0	0.0	0.0	0.0	0.0	0.0	0.0	24.0	0.0	0.0	0.0	0.0	0.0	0.0	42.0	0.0	0.0	0.0	0.0	13.0	0.0	0.0	0.0	0.0	0.0	0.0	0.0	0.0	0.0	0.0	0.0	0.0	0.0	0.0	0.0	0.0	0.0	0.0	0.0
Bacteria;Bacteroidetes;Bacteroidia;Bacteroidales;Porphyromonadaceae;Dysgonomonas	0.0	0.0	0.0	0.0	0.0	0.0	0.0	0.0	0.0	0.0	0.0	0.0	0.0	0.0	0.0	0.0	0.0	0.0	0.0	0.0	0.0	0.0	0.0	0.0	0.0	0.0	0.0	0.0	0.0	0.0	0.0	0.0	0.0	0.0	0.0	0.0	32.0	0.0	0.0	0.0	0.0	0.0	0.0	0.0	1.0	0.0	154.0	0.0	0.0	0.0	0.0	0.0	0.0	0.0	0.0	0.0	0.0	0.0	0.0	0.0	0.0	0.0	0.0	0.0	0.0	0.0	0.0	0.0	0.0	0.0	0.0	0.0	0.0	0.0	0.0	0.0	0.0	0.0	0.0	0.0	0.0	0.0	0.0	0.0	0.0	0.0	0.0	0.0
Bacteria;Bacteroidetes;Bacteroidia;Bacteroidales;Porphyromonadaceae;Odoribacter	0.0	0.0	0.0	0.0	0.0	0.0	0.0	0.0	1.0	0.0	0.0	8.0	7.0	10.0	0.0	0.0	0.0	0.0	0.0	0.0	0.0	0.0	0.0	0.0	0.0	0.0	130.0	0.0	0.0	0.0	0.0	0.0	0.0	0.0	0.0	0.0	0.0	0.0	0.0	0.0	0.0	0.0	0.0	0.0	0.0	0.0	0.0	0.0	0.0	0.0	0.0	0.0	0.0	0.0	0.0	5.0	37.0	0.0	0.0	0.0	0.0	0.0	0.0	0.0	0.0	0.0	0.0	0.0	0.0	0.0	0.0	0.0	0.0	0.0	0.0	0.0	0.0	0.0	0.0	0.0	0.0	0.0	0.0	0.0	0.0	0.0	0.0	0.0
Bacteria;Bacteroidetes;Bacteroidia;Bacteroidales;Porphyromonadaceae;Paludibacter	0.0	0.0	0.0	0.0	0.0	0.0	0.0	0.0	0.0	0.0	0.0	0.0	0.0	0.0	0.0	0.0	0.0	0.0	0.0	0.0	0.0	0.0	0.0	0.0	0.0	0.0	0.0	0.0	0.0	2.0	0.0	0.0	0.0	0.0	0.0	0.0	0.0	0.0	0.0	0.0	0.0	0.0	0.0	0.0	0.0	0.0	0.0	0.0	0.0	0.0	0.0	1.0	0.0	0.0	0.0	0.0	0.0	0.0	0.0	0.0	0.0	0.0	0.0	0.0	0.0	0.0	0.0	0.0	0.0	0.0	0.0	0.0	0.0	0.0	7.0	0.0	0.0	0.0	0.0	0.0	0.0	0.0	0.0	0.0	0.0	0.0	0.0	0.0
Bacteria;Bacteroidetes;Bacteroidia;Bacteroidales;Porphyromonadaceae;Parabacteroides	194.0	0.0	0.0	196.0	0.0	4.0	10.0	360.0	0.0	64.0	172.0	784.0	18.0	89.0	2.0	1.0	46.0	520.0	27.0	155.0	0.0	283.0	101.0	182.0	0.0	7.0	0.0	0.0	317.0	65.0	520.0	0.0	70.0	197.0	93.0	45.0	94.0	106.0	118.0	22.0	224.0	28.0	81.0	97.0	6.0	0.0	909.0	141.0	21.0	0.0	349.0	25.0	0.0	3.0	314.0	581.0	335.0	478.0	158.0	80.0	40.0	177.0	25.0	333.0	0.0	0.0	159.0	41.0	586.0	169.0	10.0	89.0	185.0	541.0	247.0	0.0	149.0	0.0	0.0	400.0	407.0	169.0	188.0	282.0	3.0	0.0	47.0	0.0
Bacteria;Bacteroidetes;Bacteroidia;Bacteroidales;Porphyromonadaceae;Porphyromonas	0.0	134.0	0.0	0.0	0.0	0.0	0.0	0.0	0.0	0.0	0.0	0.0	0.0	0.0	0.0	0.0	0.0	0.0	0.0	0.0	0.0	0.0	0.0	0.0	0.0	0.0	0.0	0.0	0.0	5.0	0.0	0.0	0.0	0.0	0.0	0.0	0.0	0.0	0.0	0.0	0.0	0.0	0.0	0.0	0.0	0.0	0.0	0.0	0.0	0.0	0.0	0.0	0.0	0.0	9.0	0.0	0.0	0.0	0.0	0.0	0.0	0.0	0.0	0.0	0.0	0.0	0.0	0.0	0.0	0.0	0.0	0.0	0.0	0.0	0.0	0.0	0.0	0.0	0.0	0.0	0.0	0.0	0.0	0.0	0.0	0.0	0.0	0.0
Bacteria;Bacteroidetes;Bacteroidia;Bacteroidales;Prevotellaceae;Alloprevotella	110.0	0.0	0.0	0.0	0.0	0.0	0.0	336.0	0.0	302.0	0.0	38.0	13.0	60.0	476.0	0.0	0.0	2.0	0.0	1.0	0.0	261.0	459.0	2.0	0.0	263.0	0.0	0.0	0.0	14.0	1.0	1.0	0.0	63.0	0.0	0.0	0.0	0.0	193.0	0.0	324.0	0.0	3.0	73.0	0.0	0.0	0.0	0.0	120.0	0.0	6.0	3.0	0.0	0.0	28.0	36.0	61.0	3.0	0.0	129.0	0.0	4.0	122.0	200.0	0.0	0.0	0.0	0.0	8.0	207.0	0.0	2.0	14.0	96.0	0.0	1.0	362.0	0.0	0.0	65.0	0.0	0.0	0.0	1.0	0.0	607.0	49.0	0.0
Bacteria;Bacteroidetes;Bacteroidia;Bacteroidales;Prevotellaceae;Other	0.0	0.0	0.0	0.0	0.0	0.0	0.0	0.0	0.0	4.0	0.0	6.0	5.0	0.0	0.0	0.0	0.0	0.0	0.0	0.0	0.0	143.0	0.0	3.0	0.0	17.0	0.0	0.0	0.0	0.0	1.0	0.0	0.0	0.0	0.0	0.0	0.0	0.0	0.0	0.0	0.0	0.0	0.0	0.0	0.0	0.0	0.0	56.0	20.0	0.0	0.0	0.0	0.0	0.0	0.0	0.0	15.0	0.0	0.0	0.0	0.0	0.0	0.0	0.0	0.0	0.0	0.0	0.0	24.0	0.0	0.0	0.0	0.0	0.0	0.0	0.0	0.0	0.0	0.0	0.0	0.0	0.0	0.0	0.0	0.0	0.0	0.0	0.0
Bacteria;Bacteroidetes;Bacteroidia;Bacteroidales;Prevotellaceae;Paraprevotella	0.0	0.0	0.0	42.0	0.0	0.0	174.0	0.0	0.0	0.0	0.0	56.0	0.0	46.0	0.0	0.0	11.0	1.0	45.0	0.0	0.0	0.0	0.0	0.0	341.0	73.0	0.0	0.0	0.0	0.0	0.0	0.0	0.0	37.0	0.0	0.0	0.0	0.0	1.0	0.0	34.0	5.0	16.0	0.0	0.0	0.0	0.0	0.0	0.0	0.0	0.0	0.0	0.0	0.0	0.0	0.0	17.0	0.0	0.0	0.0	0.0	0.0	0.0	19.0	0.0	0.0	0.0	0.0	39.0	0.0	21.0	0.0	40.0	0.0	0.0	0.0	52.0	0.0	0.0	0.0	0.0	0.0	0.0	0.0	0.0	0.0	0.0	0.0
Bacteria;Bacteroidetes;Bacteroidia;Bacteroidales;Prevotellaceae;Prevotella	4111.0	1211.0	2186.0	646.0	882.0	608.0	1921.0	3412.0	785.0	2237.0	137.0	2378.0	683.0	2335.0	9.0	10.0	574.0	3378.0	500.0	632.0	351.0	15171.0	2546.0	2408.0	2754.0	935.0	0.0	346.0	1554.0	523.0	748.0	1067.0	1465.0	4080.0	1334.0	1328.0	2272.0	648.0	4181.0	1462.0	5709.0	682.0	219.0	2588.0	355.0	289.0	2042.0	2324.0	626.0	711.0	748.0	727.0	562.0	1907.0	456.0	339.0	3398.0	2702.0	391.0	2091.0	2049.0	1607.0	2459.0	1831.0	3103.0	176.0	530.0	735.0	6075.0	1216.0	1493.0	1534.0	6025.0	1616.0	6030.0	1229.0	4303.0	934.0	242.0	5116.0	1063.0	1190.0	68.0	2001.0	686.0	1094.0	580.0	577.0
Bacteria;Bacteroidetes;Bacteroidia;Bacteroidales;Prevotellaceae;Unclassified	0.0	0.0	0.0	0.0	0.0	0.0	0.0	0.0	0.0	0.0	0.0	0.0	0.0	0.0	0.0	0.0	0.0	0.0	0.0	0.0	0.0	0.0	0.0	0.0	0.0	0.0	0.0	0.0	0.0	0.0	0.0	0.0	0.0	0.0	0.0	0.0	0.0	0.0	0.0	0.0	0.0	0.0	0.0	0.0	0.0	0.0	0.0	0.0	0.0	0.0	0.0	0.0	0.0	0.0	0.0	0.0	0.0	0.0	0.0	0.0	0.0	0.0	0.0	0.0	0.0	3.0	0.0	0.0	0.0	0.0	0.0	0.0	0.0	0.0	0.0	0.0	0.0	0.0	0.0	0.0	0.0	0.0	0.0	0.0	0.0	0.0	0.0	0.0
Bacteria;Bacteroidetes;Bacteroidia;Bacteroidales;Rikenellaceae;Alistipes	0.0	0.0	0.0	19.0	0.0	37.0	0.0	251.0	0.0	0.0	0.0	934.0	12.0	117.0	35.0	1.0	82.0	4.0	1.0	38.0	0.0	0.0	113.0	230.0	46.0	3.0	0.0	3.0	203.0	0.0	58.0	157.0	18.0	557.0	51.0	0.0	363.0	69.0	381.0	3.0	76.0	33.0	29.0	20.0	1.0	0.0	300.0	9.0	0.0	0.0	375.0	0.0	0.0	0.0	13.0	356.0	595.0	301.0	121.0	503.0	0.0	64.0	313.0	370.0	0.0	1.0	148.0	0.0	484.0	72.0	45.0	0.0	586.0	313.0	45.0	2.0	433.0	1.0	1.0	6.0	2.0	522.0	172.0	275.0	0.0	0.0	55.0	0.0
Bacteria;Bacteroidetes;Bacteroidia;Bacteroidales;Rikenellaceae;Other	0.0	0.0	0.0	0.0	0.0	0.0	0.0	0.0	0.0	0.0	0.0	0.0	4.0	0.0	0.0	0.0	0.0	0.0	3.0	0.0	0.0	0.0	0.0	0.0	0.0	0.0	0.0	0.0	0.0	0.0	0.0	0.0	0.0	0.0	0.0	0.0	0.0	0.0	0.0	0.0	0.0	0.0	0.0	0.0	0.0	0.0	0.0	0.0	0.0	0.0	0.0	0.0	0.0	0.0	0.0	0.0	0.0	0.0	0.0	0.0	0.0	0.0	0.0	0.0	0.0	0.0	0.0	0.0	0.0	0.0	0.0	0.0	0.0	0.0	0.0	0.0	0.0	0.0	0.0	0.0	0.0	0.0	0.0	0.0	0.0	0.0	0.0	0.0
Bacteria;Bacteroidetes;Bacteroidia;Bacteroidales;Unclassified;Phocaeicola	0.0	0.0	0.0	0.0	0.0	0.0	0.0	0.0	0.0	0.0	0.0	0.0	0.0	4.0	29.0	0.0	0.0	0.0	0.0	0.0	0.0	0.0	0.0	0.0	0.0	0.0	0.0	0.0	0.0	0.0	0.0	0.0	0.0	0.0	0.0	0.0	0.0	0.0	0.0	0.0	0.0	0.0	0.0	0.0	0.0	0.0	0.0	248.0	0.0	0.0	0.0	0.0	0.0	0.0	0.0	0.0	1.0	2.0	0.0	0.0	0.0	0.0	0.0	0.0	0.0	0.0	0.0	0.0	0.0	0.0	0.0	0.0	0.0	0.0	0.0	0.0	0.0	0.0	0.0	0.0	0.0	0.0	0.0	0.0	0.0	0.0	0.0	0.0
Bacteria;Bacteroidetes;Bacteroidia;Bacteroidales;Unclassified;Unclassified	0.0	0.0	0.0	0.0	0.0	0.0	0.0	0.0	0.0	0.0	0.0	0.0	0.0	0.0	0.0	0.0	0.0	0.0	0.0	0.0	0.0	0.0	0.0	0.0	0.0	0.0	0.0	0.0	0.0	0.0	0.0	0.0	0.0	0.0	21.0	0.0	0.0	0.0	0.0	0.0	0.0	0.0	0.0	0.0	0.0	0.0	0.0	0.0	0.0	0.0	0.0	0.0	0.0	0.0	0.0	0.0	0.0	0.0	0.0	0.0	0.0	0.0	0.0	0.0	0.0	0.0	0.0	0.0	0.0	0.0	0.0	0.0	0.0	0.0	0.0	0.0	0.0	0.0	0.0	0.0	0.0	0.0	0.0	0.0	0.0	0.0	0.0	0.0
Bacteria;Bacteroidetes;Cytophagia;Cytophagales;Cytophagaceae;Adhaeribacter	0.0	0.0	0.0	0.0	0.0	0.0	0.0	0.0	0.0	0.0	0.0	0.0	0.0	0.0	0.0	0.0	0.0	0.0	0.0	0.0	0.0	0.0	0.0	0.0	0.0	0.0	0.0	0.0	0.0	0.0	0.0	0.0	0.0	0.0	0.0	0.0	0.0	0.0	0.0	0.0	0.0	0.0	0.0	0.0	0.0	0.0	0.0	0.0	0.0	0.0	0.0	0.0	0.0	0.0	0.0	0.0	0.0	0.0	0.0	0.0	0.0	0.0	0.0	0.0	0.0	0.0	0.0	0.0	0.0	0.0	0.0	0.0	0.0	0.0	0.0	0.0	0.0	0.0	32.0	0.0	0.0	0.0	0.0	0.0	0.0	0.0	0.0	0.0
Bacteria;Bacteroidetes;Cytophagia;Cytophagales;Cytophagaceae;Chryseolinea	60.0	0.0	0.0	0.0	0.0	0.0	0.0	0.0	0.0	0.0	0.0	0.0	0.0	0.0	0.0	0.0	0.0	0.0	0.0	0.0	0.0	0.0	0.0	0.0	0.0	0.0	0.0	0.0	0.0	0.0	0.0	0.0	0.0	0.0	0.0	0.0	0.0	0.0	0.0	0.0	0.0	0.0	0.0	0.0	0.0	0.0	0.0	0.0	0.0	0.0	0.0	0.0	0.0	0.0	0.0	0.0	0.0	0.0	0.0	0.0	0.0	0.0	0.0	0.0	0.0	0.0	0.0	0.0	0.0	0.0	0.0	0.0	0.0	0.0	0.0	0.0	0.0	0.0	0.0	0.0	0.0	0.0	0.0	0.0	0.0	0.0	0.0	0.0
Bacteria;Bacteroidetes;Cytophagia;Cytophagales;Cytophagaceae;Dyadobacter	0.0	0.0	0.0	0.0	0.0	0.0	0.0	0.0	0.0	0.0	0.0	0.0	0.0	0.0	0.0	0.0	0.0	0.0	0.0	0.0	0.0	0.0	0.0	0.0	0.0	0.0	0.0	0.0	0.0	0.0	0.0	0.0	0.0	0.0	0.0	0.0	0.0	0.0	0.0	0.0	0.0	0.0	0.0	0.0	0.0	0.0	0.0	17.0	0.0	0.0	0.0	0.0	0.0	0.0	0.0	0.0	0.0	0.0	0.0	0.0	0.0	0.0	0.0	0.0	0.0	0.0	0.0	0.0	0.0	0.0	0.0	0.0	0.0	0.0	0.0	0.0	0.0	0.0	0.0	0.0	0.0	0.0	0.0	0.0	0.0	0.0	0.0	0.0
Bacteria;Bacteroidetes;Cytophagia;Cytophagales;Cytophagaceae;Emticicia	0.0	0.0	0.0	0.0	0.0	0.0	0.0	0.0	0.0	0.0	0.0	0.0	0.0	0.0	0.0	0.0	0.0	0.0	0.0	0.0	0.0	0.0	0.0	0.0	0.0	0.0	0.0	0.0	0.0	0.0	0.0	0.0	0.0	0.0	0.0	0.0	0.0	0.0	0.0	0.0	0.0	0.0	0.0	0.0	0.0	181.0	0.0	0.0	0.0	0.0	0.0	0.0	0.0	0.0	0.0	0.0	0.0	0.0	0.0	0.0	0.0	0.0	0.0	0.0	0.0	0.0	0.0	0.0	0.0	0.0	0.0	0.0	0.0	0.0	0.0	0.0	0.0	0.0	0.0	0.0	0.0	0.0	0.0	0.0	0.0	0.0	0.0	0.0
Bacteria;Bacteroidetes;Cytophagia;Cytophagales;Cytophagaceae;Flexibacter	0.0	0.0	0.0	0.0	0.0	0.0	0.0	0.0	0.0	0.0	0.0	0.0	0.0	0.0	0.0	0.0	0.0	0.0	0.0	0.0	0.0	0.0	0.0	0.0	0.0	0.0	0.0	0.0	350.0	0.0	0.0	0.0	0.0	0.0	0.0	0.0	0.0	0.0	0.0	0.0	0.0	0.0	0.0	0.0	0.0	0.0	0.0	0.0	0.0	0.0	0.0	0.0	0.0	0.0	0.0	0.0	0.0	0.0	0.0	0.0	0.0	0.0	0.0	0.0	0.0	0.0	0.0	0.0	0.0	0.0	0.0	0.0	0.0	0.0	0.0	0.0	0.0	0.0	0.0	0.0	0.0	0.0	0.0	0.0	0.0	0.0	0.0	0.0
Bacteria;Bacteroidetes;Cytophagia;Cytophagales;Cytophagaceae;Hymenobacter	0.0	0.0	0.0	0.0	0.0	0.0	0.0	0.0	0.0	0.0	0.0	0.0	0.0	0.0	0.0	0.0	0.0	0.0	0.0	0.0	0.0	0.0	0.0	0.0	0.0	0.0	0.0	0.0	0.0	0.0	0.0	0.0	0.0	0.0	132.0	0.0	0.0	0.0	0.0	0.0	0.0	0.0	0.0	0.0	0.0	0.0	0.0	0.0	0.0	0.0	0.0	0.0	0.0	0.0	0.0	0.0	0.0	0.0	0.0	0.0	0.0	0.0	0.0	0.0	0.0	0.0	0.0	0.0	0.0	7.0	0.0	0.0	0.0	0.0	0.0	0.0	0.0	0.0	0.0	0.0	0.0	0.0	0.0	0.0	0.0	0.0	0.0	0.0
Bacteria;Bacteroidetes;Cytophagia;Cytophagales;Cytophagaceae;Other	0.0	0.0	0.0	0.0	0.0	18.0	0.0	0.0	0.0	0.0	0.0	0.0	0.0	0.0	0.0	228.0	0.0	0.0	4.0	0.0	0.0	0.0	0.0	0.0	0.0	0.0	0.0	0.0	0.0	0.0	166.0	0.0	0.0	0.0	0.0	0.0	19.0	1.0	0.0	37.0	2.0	0.0	0.0	0.0	0.0	0.0	0.0	0.0	0.0	0.0	0.0	0.0	0.0	0.0	0.0	0.0	0.0	0.0	40.0	0.0	34.0	0.0	0.0	0.0	0.0	0.0	0.0	0.0	0.0	0.0	0.0	0.0	0.0	0.0	5.0	0.0	0.0	0.0	0.0	0.0	0.0	0.0	0.0	0.0	0.0	0.0	0.0	0.0
Bacteria;Bacteroidetes;Cytophagia;Cytophagales;Cytophagaceae;Persicitalea	0.0	0.0	0.0	0.0	0.0	0.0	0.0	0.0	0.0	0.0	0.0	0.0	0.0	0.0	0.0	0.0	0.0	0.0	0.0	0.0	0.0	0.0	0.0	0.0	0.0	0.0	0.0	0.0	0.0	0.0	0.0	0.0	0.0	0.0	0.0	0.0	0.0	0.0	0.0	0.0	0.0	0.0	0.0	0.0	0.0	0.0	0.0	0.0	0.0	0.0	0.0	0.0	0.0	0.0	0.0	0.0	2.0	0.0	0.0	0.0	0.0	0.0	0.0	0.0	0.0	0.0	0.0	0.0	0.0	0.0	0.0	0.0	0.0	0.0	0.0	0.0	0.0	0.0	0.0	0.0	0.0	0.0	0.0	0.0	0.0	0.0	0.0	0.0
Bacteria;Bacteroidetes;Cytophagia;Cytophagales;Cytophagaceae;Spirosoma	0.0	0.0	1.0	0.0	0.0	0.0	120.0	0.0	0.0	0.0	0.0	0.0	0.0	0.0	0.0	0.0	0.0	0.0	0.0	0.0	0.0	0.0	0.0	0.0	0.0	0.0	0.0	0.0	0.0	0.0	0.0	0.0	0.0	0.0	0.0	0.0	0.0	0.0	0.0	0.0	0.0	0.0	37.0	0.0	0.0	0.0	0.0	0.0	0.0	0.0	0.0	0.0	0.0	0.0	0.0	0.0	0.0	0.0	0.0	0.0	0.0	0.0	0.0	0.0	0.0	0.0	0.0	0.0	7.0	0.0	0.0	0.0	90.0	0.0	0.0	0.0	0.0	0.0	0.0	0.0	0.0	0.0	0.0	0.0	0.0	24.0	0.0	0.0
Bacteria;Bacteroidetes;Cytophagia;Cytophagales;Flammeovirgaceae;Candidatus_Amoebophilus	0.0	0.0	0.0	0.0	0.0	0.0	0.0	0.0	0.0	0.0	0.0	0.0	0.0	0.0	0.0	0.0	0.0	0.0	1.0	0.0	0.0	0.0	0.0	0.0	0.0	0.0	107.0	0.0	0.0	0.0	0.0	0.0	0.0	0.0	0.0	0.0	0.0	0.0	2.0	0.0	0.0	0.0	0.0	0.0	0.0	0.0	0.0	0.0	0.0	0.0	0.0	0.0	0.0	0.0	0.0	0.0	0.0	206.0	0.0	1.0	0.0	0.0	0.0	0.0	0.0	0.0	0.0	0.0	0.0	0.0	86.0	0.0	0.0	0.0	0.0	0.0	0.0	0.0	0.0	0.0	0.0	0.0	0.0	0.0	0.0	0.0	0.0	0.0
Bacteria;Bacteroidetes;Cytophagia;Cytophagales;Other;Other	0.0	0.0	0.0	0.0	0.0	0.0	0.0	0.0	0.0	0.0	0.0	0.0	0.0	0.0	0.0	0.0	0.0	0.0	0.0	0.0	0.0	0.0	0.0	0.0	0.0	0.0	0.0	0.0	0.0	0.0	0.0	0.0	0.0	0.0	0.0	0.0	0.0	0.0	0.0	0.0	0.0	0.0	0.0	0.0	0.0	0.0	0.0	0.0	0.0	0.0	0.0	0.0	0.0	0.0	0.0	0.0	0.0	0.0	0.0	0.0	0.0	10.0	0.0	0.0	0.0	0.0	0.0	0.0	0.0	0.0	0.0	0.0	0.0	0.0	0.0	0.0	0.0	0.0	0.0	0.0	0.0	0.0	0.0	0.0	0.0	0.0	0.0	0.0
Bacteria;Bacteroidetes;Flavobacteriia;Flavobacteriales;Cryomorphaceae;Fluviicola	0.0	0.0	0.0	0.0	0.0	0.0	0.0	0.0	0.0	0.0	0.0	0.0	0.0	0.0	0.0	0.0	0.0	0.0	0.0	0.0	0.0	0.0	0.0	0.0	0.0	0.0	0.0	0.0	0.0	0.0	0.0	0.0	0.0	0.0	0.0	0.0	0.0	0.0	0.0	0.0	0.0	0.0	0.0	0.0	0.0	0.0	0.0	0.0	0.0	0.0	0.0	0.0	0.0	0.0	0.0	0.0	0.0	0.0	0.0	0.0	0.0	0.0	0.0	0.0	0.0	0.0	0.0	0.0	0.0	0.0	0.0	0.0	0.0	0.0	0.0	0.0	0.0	0.0	0.0	0.0	0.0	259.0	0.0	0.0	0.0	0.0	0.0	0.0
Bacteria;Bacteroidetes;Flavobacteriia;Flavobacteriales;Flavobacteriaceae;Algibacter	0.0	0.0	0.0	0.0	0.0	0.0	0.0	0.0	0.0	0.0	0.0	0.0	0.0	0.0	0.0	0.0	0.0	0.0	0.0	0.0	0.0	0.0	0.0	0.0	0.0	0.0	0.0	0.0	0.0	0.0	0.0	0.0	0.0	0.0	0.0	0.0	0.0	0.0	0.0	0.0	0.0	0.0	0.0	0.0	0.0	0.0	0.0	0.0	0.0	0.0	0.0	0.0	0.0	0.0	0.0	0.0	1.0	0.0	0.0	0.0	2.0	0.0	0.0	0.0	185.0	0.0	0.0	0.0	0.0	0.0	0.0	0.0	0.0	0.0	0.0	0.0	0.0	0.0	0.0	0.0	0.0	0.0	0.0	0.0	0.0	0.0	0.0	0.0
Bacteria;Bacteroidetes;Flavobacteriia;Flavobacteriales;Flavobacteriaceae;Bergeyella	0.0	0.0	0.0	0.0	0.0	0.0	0.0	0.0	0.0	0.0	0.0	0.0	0.0	0.0	0.0	0.0	0.0	0.0	0.0	0.0	0.0	0.0	0.0	0.0	0.0	0.0	0.0	0.0	0.0	0.0	0.0	0.0	0.0	0.0	0.0	0.0	0.0	0.0	0.0	0.0	8.0	0.0	0.0	0.0	0.0	0.0	0.0	0.0	0.0	0.0	0.0	0.0	0.0	0.0	0.0	0.0	0.0	0.0	0.0	0.0	0.0	0.0	0.0	0.0	0.0	0.0	0.0	0.0	0.0	0.0	0.0	0.0	0.0	0.0	0.0	0.0	0.0	0.0	0.0	0.0	0.0	0.0	0.0	0.0	0.0	0.0	0.0	0.0
Bacteria;Bacteroidetes;Flavobacteriia;Flavobacteriales;Flavobacteriaceae;Capnocytophaga	0.0	0.0	0.0	0.0	0.0	0.0	0.0	0.0	0.0	0.0	0.0	0.0	0.0	0.0	0.0	0.0	0.0	0.0	0.0	0.0	0.0	0.0	0.0	0.0	0.0	0.0	0.0	0.0	0.0	4.0	0.0	0.0	0.0	0.0	0.0	0.0	0.0	0.0	0.0	0.0	0.0	53.0	5.0	0.0	0.0	0.0	0.0	0.0	0.0	0.0	0.0	1.0	0.0	0.0	0.0	0.0	0.0	0.0	0.0	0.0	0.0	0.0	0.0	0.0	0.0	0.0	35.0	0.0	0.0	0.0	0.0	0.0	103.0	0.0	0.0	0.0	0.0	0.0	0.0	0.0	0.0	0.0	0.0	0.0	0.0	0.0	0.0	0.0
Bacteria;Bacteroidetes;Flavobacteriia;Flavobacteriales;Flavobacteriaceae;Chryseobacterium	39.0	265.0	0.0	0.0	177.0	473.0	219.0	38.0	0.0	207.0	0.0	1.0	8.0	2.0	118.0	0.0	15.0	2.0	28.0	0.0	0.0	212.0	0.0	7.0	0.0	52.0	0.0	0.0	0.0	0.0	0.0	34.0	0.0	30.0	0.0	0.0	0.0	0.0	36.0	0.0	24.0	18.0	0.0	0.0	25.0	0.0	153.0	59.0	0.0	51.0	0.0	10.0	272.0	1.0	77.0	38.0	1.0	2.0	0.0	0.0	173.0	1.0	20.0	30.0	0.0	689.0	0.0	419.0	0.0	33.0	166.0	797.0	135.0	0.0	0.0	0.0	0.0	2.0	0.0	0.0	777.0	0.0	0.0	0.0	0.0	0.0	21.0	0.0
Bacteria;Bacteroidetes;Flavobacteriia;Flavobacteriales;Flavobacteriaceae;Cloacibacterium	0.0	0.0	0.0	0.0	0.0	0.0	0.0	69.0	0.0	0.0	0.0	0.0	0.0	0.0	0.0	0.0	0.0	110.0	0.0	0.0	0.0	0.0	0.0	0.0	0.0	0.0	0.0	0.0	0.0	0.0	0.0	0.0	0.0	0.0	0.0	0.0	5.0	0.0	0.0	0.0	0.0	0.0	0.0	0.0	0.0	0.0	0.0	0.0	0.0	0.0	0.0	0.0	0.0	0.0	0.0	0.0	0.0	0.0	0.0	0.0	0.0	0.0	0.0	0.0	0.0	0.0	0.0	0.0	0.0	0.0	0.0	0.0	0.0	0.0	0.0	0.0	0.0	0.0	0.0	0.0	1.0	0.0	254.0	0.0	0.0	0.0	10.0	0.0
Bacteria;Bacteroidetes;Flavobacteriia;Flavobacteriales;Flavobacteriaceae;Elizabethkingia	0.0	173.0	18.0	0.0	0.0	0.0	323.0	0.0	168.0	0.0	40.0	0.0	0.0	0.0	0.0	0.0	0.0	0.0	118.0	0.0	0.0	0.0	0.0	0.0	10.0	101.0	0.0	96.0	0.0	34.0	0.0	0.0	0.0	1.0	0.0	59.0	0.0	0.0	2.0	307.0	0.0	0.0	0.0	0.0	0.0	0.0	0.0	0.0	17.0	0.0	0.0	0.0	0.0	35.0	0.0	0.0	0.0	110.0	1.0	0.0	0.0	0.0	0.0	0.0	0.0	0.0	0.0	0.0	0.0	76.0	228.0	0.0	0.0	0.0	0.0	0.0	0.0	230.0	0.0	0.0	0.0	0.0	0.0	0.0	1012.0	0.0	0.0	24.0
Bacteria;Bacteroidetes;Flavobacteriia;Flavobacteriales;Flavobacteriaceae;Flavobacterium	0.0	0.0	0.0	0.0	0.0	85.0	0.0	0.0	0.0	80.0	0.0	1.0	2043.0	0.0	0.0	0.0	14.0	0.0	0.0	21.0	0.0	0.0	6.0	76.0	187.0	54.0	145.0	21.0	0.0	1.0	188.0	0.0	36.0	113.0	0.0	31.0	3.0	0.0	0.0	0.0	287.0	153.0	5.0	0.0	296.0	0.0	0.0	0.0	0.0	20.0	0.0	146.0	0.0	0.0	0.0	0.0	4.0	0.0	0.0	0.0	0.0	0.0	56.0	0.0	0.0	0.0	1.0	711.0	0.0	0.0	0.0	0.0	53.0	93.0	0.0	0.0	0.0	380.0	0.0	0.0	342.0	0.0	0.0	156.0	33.0	0.0	124.0	0.0
Bacteria;Bacteroidetes;Flavobacteriia;Flavobacteriales;Flavobacteriaceae;Weeksella	0.0	0.0	0.0	0.0	0.0	0.0	0.0	0.0	0.0	0.0	0.0	0.0	8.0	0.0	0.0	0.0	0.0	0.0	0.0	0.0	0.0	0.0	0.0	0.0	0.0	0.0	0.0	0.0	0.0	0.0	0.0	0.0	0.0	0.0	0.0	0.0	0.0	0.0	0.0	0.0	0.0	0.0	0.0	0.0	0.0	0.0	0.0	0.0	0.0	0.0	0.0	0.0	0.0	0.0	0.0	0.0	0.0	0.0	0.0	0.0	0.0	0.0	0.0	0.0	0.0	0.0	0.0	0.0	0.0	0.0	0.0	0.0	0.0	0.0	0.0	0.0	0.0	0.0	0.0	0.0	0.0	0.0	0.0	0.0	0.0	0.0	0.0	0.0
Bacteria;Bacteroidetes;Sphingobacteriia;Sphingobacteriales;Other;Other	0.0	0.0	0.0	0.0	0.0	0.0	0.0	0.0	0.0	0.0	0.0	0.0	0.0	2.0	0.0	0.0	0.0	0.0	0.0	0.0	0.0	0.0	0.0	0.0	0.0	0.0	0.0	0.0	0.0	0.0	0.0	0.0	0.0	0.0	0.0	0.0	0.0	0.0	0.0	0.0	0.0	0.0	0.0	0.0	0.0	0.0	0.0	137.0	0.0	0.0	0.0	0.0	0.0	0.0	0.0	0.0	0.0	1.0	0.0	0.0	0.0	0.0	0.0	0.0	0.0	0.0	0.0	21.0	0.0	0.0	0.0	0.0	0.0	0.0	0.0	0.0	0.0	0.0	0.0	0.0	0.0	0.0	0.0	0.0	0.0	0.0	4.0	0.0
Bacteria;Bacteroidetes;Sphingobacteriia;Sphingobacteriales;Sphingobacteriaceae;Mucilaginibacter	0.0	0.0	0.0	0.0	0.0	0.0	0.0	0.0	0.0	0.0	0.0	0.0	0.0	0.0	0.0	0.0	0.0	0.0	0.0	0.0	0.0	0.0	0.0	0.0	0.0	0.0	0.0	0.0	0.0	0.0	0.0	0.0	0.0	0.0	0.0	0.0	0.0	0.0	0.0	0.0	0.0	0.0	0.0	0.0	0.0	0.0	0.0	0.0	0.0	0.0	45.0	0.0	0.0	0.0	0.0	0.0	0.0	0.0	0.0	0.0	0.0	0.0	0.0	0.0	0.0	0.0	0.0	0.0	0.0	0.0	0.0	0.0	0.0	0.0	0.0	0.0	0.0	0.0	0.0	0.0	0.0	0.0	0.0	0.0	0.0	0.0	0.0	0.0
Bacteria;Bacteroidetes;Sphingobacteriia;Sphingobacteriales;Sphingobacteriaceae;Nubsella	0.0	0.0	0.0	0.0	0.0	0.0	0.0	0.0	414.0	0.0	0.0	0.0	0.0	0.0	0.0	0.0	0.0	0.0	0.0	0.0	0.0	0.0	0.0	0.0	0.0	0.0	0.0	0.0	0.0	0.0	0.0	0.0	0.0	0.0	0.0	0.0	0.0	0.0	0.0	0.0	2.0	0.0	0.0	0.0	0.0	0.0	0.0	0.0	0.0	0.0	0.0	0.0	0.0	0.0	0.0	0.0	0.0	0.0	0.0	0.0	0.0	0.0	0.0	0.0	0.0	0.0	0.0	50.0	0.0	0.0	0.0	0.0	0.0	0.0	0.0	0.0	3.0	0.0	0.0	0.0	0.0	0.0	0.0	0.0	0.0	0.0	0.0	0.0
Bacteria;Bacteroidetes;Sphingobacteriia;Sphingobacteriales;Sphingobacteriaceae;Olivibacter	54.0	198.0	0.0	13.0	0.0	0.0	1.0	24.0	0.0	0.0	2.0	2.0	21557.0	0.0	129.0	0.0	9.0	3.0	3.0	0.0	0.0	11.0	104.0	20.0	0.0	255.0	0.0	0.0	94.0	133.0	2.0	0.0	0.0	277.0	182.0	0.0	0.0	45.0	261.0	0.0	5258.0	1.0	0.0	298.0	0.0	0.0	0.0	2.0	73.0	11.0	0.0	0.0	0.0	212.0	762.0	4.0	434.0	330.0	0.0	0.0	0.0	0.0	1.0	88.0	0.0	430.0	0.0	99.0	52.0	0.0	0.0	1.0	13.0	32.0	5.0	0.0	0.0	0.0	0.0	0.0	0.0	0.0	39.0	179.0	0.0	282.0	0.0	0.0
Bacteria;Bacteroidetes;Sphingobacteriia;Sphingobacteriales;Sphingobacteriaceae;Other	0.0	0.0	0.0	0.0	0.0	0.0	0.0	0.0	0.0	0.0	0.0	0.0	239.0	0.0	0.0	0.0	0.0	0.0	0.0	0.0	0.0	0.0	0.0	0.0	0.0	0.0	0.0	0.0	0.0	0.0	0.0	0.0	0.0	0.0	0.0	0.0	0.0	0.0	0.0	0.0	79.0	0.0	0.0	0.0	0.0	0.0	0.0	0.0	0.0	0.0	0.0	0.0	0.0	0.0	0.0	0.0	0.0	0.0	0.0	0.0	0.0	0.0	0.0	0.0	0.0	0.0	0.0	1.0	0.0	0.0	0.0	0.0	0.0	0.0	0.0	0.0	0.0	0.0	0.0	0.0	0.0	0.0	0.0	0.0	0.0	0.0	0.0	0.0
Bacteria;Bacteroidetes;Sphingobacteriia;Sphingobacteriales;Sphingobacteriaceae;Parapedobacter	104.0	0.0	0.0	0.0	0.0	0.0	0.0	230.0	1.0	196.0	0.0	0.0	3349.0	2.0	0.0	0.0	3.0	0.0	1.0	0.0	0.0	46.0	0.0	0.0	0.0	0.0	460.0	0.0	0.0	0.0	0.0	0.0	0.0	27.0	0.0	0.0	0.0	10.0	3.0	209.0	1263.0	0.0	3.0	0.0	0.0	0.0	0.0	143.0	0.0	0.0	0.0	0.0	0.0	0.0	284.0	32.0	13.0	61.0	0.0	0.0	0.0	0.0	269.0	111.0	0.0	0.0	0.0	23.0	0.0	0.0	332.0	71.0	13.0	0.0	0.0	0.0	0.0	0.0	0.0	0.0	2.0	0.0	0.0	21.0	0.0	0.0	0.0	0.0
Bacteria;Bacteroidetes;Sphingobacteriia;Sphingobacteriales;Sphingobacteriaceae;Pedobacter	0.0	0.0	0.0	0.0	0.0	0.0	0.0	0.0	0.0	0.0	0.0	0.0	0.0	0.0	0.0	0.0	0.0	0.0	0.0	0.0	0.0	0.0	0.0	0.0	0.0	0.0	0.0	0.0	0.0	0.0	0.0	0.0	0.0	0.0	0.0	0.0	0.0	0.0	0.0	0.0	0.0	0.0	2.0	0.0	0.0	0.0	0.0	0.0	0.0	0.0	0.0	0.0	0.0	0.0	0.0	10.0	0.0	0.0	0.0	0.0	0.0	0.0	96.0	0.0	0.0	0.0	0.0	0.0	0.0	0.0	0.0	0.0	0.0	0.0	0.0	0.0	0.0	0.0	0.0	0.0	0.0	0.0	0.0	0.0	0.0	0.0	0.0	0.0
Bacteria;Bacteroidetes;Sphingobacteriia;Sphingobacteriales;Sphingobacteriaceae;Sphingobacterium	0.0	0.0	0.0	0.0	0.0	0.0	0.0	185.0	0.0	127.0	0.0	0.0	5891.0	0.0	0.0	0.0	4.0	0.0	8.0	0.0	0.0	0.0	2.0	57.0	0.0	36.0	0.0	0.0	0.0	0.0	0.0	245.0	0.0	12.0	0.0	0.0	0.0	0.0	0.0	0.0	2684.0	0.0	0.0	0.0	0.0	0.0	0.0	0.0	0.0	82.0	0.0	0.0	0.0	3.0	288.0	0.0	9.0	25.0	0.0	0.0	0.0	0.0	0.0	0.0	0.0	0.0	0.0	133.0	1.0	0.0	0.0	0.0	0.0	0.0	0.0	0.0	0.0	0.0	0.0	0.0	0.0	157.0	4.0	0.0	0.0	0.0	0.0	192.0
Bacteria;Bacteroidetes;Sphingobacteriia;Sphingobacteriales;Unclassified;Ferruginibacter	0.0	0.0	0.0	0.0	0.0	0.0	0.0	0.0	0.0	0.0	0.0	0.0	0.0	0.0	0.0	0.0	0.0	0.0	0.0	0.0	0.0	0.0	0.0	89.0	0.0	0.0	0.0	0.0	0.0	52.0	0.0	0.0	0.0	0.0	0.0	0.0	0.0	0.0	0.0	0.0	0.0	0.0	0.0	0.0	0.0	0.0	0.0	0.0	0.0	0.0	0.0	0.0	0.0	0.0	0.0	0.0	0.0	0.0	0.0	0.0	0.0	0.0	0.0	0.0	0.0	0.0	0.0	0.0	0.0	0.0	0.0	0.0	0.0	0.0	0.0	0.0	0.0	0.0	0.0	0.0	0.0	0.0	0.0	0.0	0.0	0.0	0.0	0.0
Bacteria;Bacteroidetes;Sphingobacteriia;Sphingobacteriales;Unclassified;Hydrotalea	104.0	0.0	0.0	77.0	16.0	0.0	101.0	0.0	59.0	30.0	65.0	0.0	2.0	0.0	507.0	330.0	4.0	0.0	1.0	259.0	0.0	0.0	0.0	0.0	59.0	62.0	0.0	0.0	107.0	150.0	474.0	61.0	0.0	0.0	9.0	0.0	0.0	212.0	0.0	141.0	3.0	41.0	0.0	43.0	0.0	0.0	231.0	2.0	61.0	0.0	0.0	37.0	534.0	0.0	0.0	0.0	0.0	128.0	11.0	390.0	0.0	4.0	114.0	2.0	1.0	186.0	2.0	0.0	0.0	198.0	24.0	133.0	0.0	0.0	61.0	0.0	0.0	0.0	319.0	0.0	49.0	0.0	264.0	128.0	0.0	173.0	0.0	0.0
Bacteria;Bacteroidetes;Sphingobacteriia;Sphingobacteriales;Unclassified;Lacibacter	0.0	0.0	0.0	0.0	0.0	0.0	0.0	0.0	0.0	0.0	0.0	0.0	0.0	0.0	0.0	0.0	0.0	0.0	0.0	0.0	0.0	0.0	0.0	34.0	0.0	0.0	0.0	0.0	0.0	0.0	0.0	0.0	0.0	0.0	0.0	0.0	0.0	0.0	0.0	0.0	0.0	0.0	0.0	0.0	0.0	0.0	0.0	0.0	0.0	0.0	0.0	0.0	0.0	0.0	0.0	0.0	0.0	0.0	0.0	0.0	0.0	0.0	0.0	0.0	0.0	0.0	0.0	0.0	0.0	0.0	0.0	0.0	0.0	0.0	0.0	0.0	0.0	0.0	0.0	0.0	0.0	0.0	0.0	0.0	0.0	0.0	0.0	0.0
Bacteria;Bacteroidetes;Sphingobacteriia;Sphingobacteriales;Unclassified;Niabella	0.0	0.0	0.0	0.0	0.0	0.0	0.0	0.0	0.0	0.0	0.0	0.0	0.0	0.0	0.0	0.0	0.0	0.0	0.0	0.0	0.0	0.0	0.0	0.0	0.0	0.0	0.0	0.0	0.0	0.0	0.0	0.0	0.0	0.0	0.0	0.0	0.0	0.0	0.0	0.0	2.0	0.0	0.0	0.0	0.0	0.0	0.0	0.0	0.0	0.0	0.0	0.0	0.0	0.0	0.0	0.0	0.0	0.0	0.0	0.0	0.0	0.0	0.0	0.0	0.0	0.0	0.0	0.0	0.0	0.0	0.0	0.0	0.0	0.0	0.0	0.0	0.0	0.0	495.0	0.0	0.0	0.0	0.0	0.0	0.0	0.0	0.0	0.0
Bacteria;Bacteroidetes;Sphingobacteriia;Sphingobacteriales;Unclassified;Sediminibacterium	0.0	85.0	1.0	110.0	0.0	5.0	41.0	0.0	5.0	381.0	40.0	2.0	12.0	0.0	0.0	0.0	0.0	296.0	0.0	110.0	0.0	71.0	71.0	18.0	274.0	69.0	202.0	17.0	0.0	1.0	0.0	0.0	0.0	5.0	0.0	266.0	93.0	207.0	32.0	96.0	0.0	0.0	0.0	269.0	241.0	127.0	0.0	35.0	48.0	1.0	0.0	287.0	228.0	161.0	0.0	2.0	1.0	70.0	2.0	685.0	0.0	0.0	0.0	3.0	0.0	0.0	21.0	0.0	0.0	1.0	95.0	101.0	0.0	25.0	45.0	2.0	168.0	179.0	429.0	0.0	52.0	139.0	102.0	148.0	0.0	36.0	198.0	0.0
Bacteria;Bacteroidetes;Sphingobacteriia;Sphingobacteriales;Unclassified;Taibaiella	0.0	0.0	0.0	0.0	0.0	0.0	0.0	0.0	0.0	0.0	0.0	0.0	0.0	0.0	0.0	0.0	0.0	0.0	0.0	0.0	0.0	0.0	0.0	0.0	0.0	0.0	0.0	0.0	0.0	0.0	0.0	0.0	0.0	0.0	0.0	0.0	0.0	0.0	0.0	0.0	0.0	0.0	0.0	0.0	0.0	0.0	0.0	0.0	0.0	0.0	0.0	0.0	0.0	0.0	0.0	0.0	0.0	0.0	0.0	1.0	0.0	0.0	0.0	0.0	0.0	0.0	0.0	0.0	0.0	0.0	0.0	0.0	0.0	0.0	0.0	116.0	0.0	0.0	0.0	0.0	0.0	0.0	0.0	0.0	0.0	0.0	0.0	0.0
Bacteria;Bacteroidetes;Sphingobacteriia;Sphingobacteriales;Unclassified;Unclassified	0.0	0.0	0.0	53.0	0.0	0.0	0.0	0.0	0.0	447.0	0.0	0.0	0.0	0.0	0.0	0.0	0.0	0.0	0.0	0.0	0.0	0.0	0.0	24.0	1.0	0.0	0.0	0.0	0.0	0.0	0.0	0.0	0.0	0.0	19.0	0.0	0.0	0.0	1.0	0.0	0.0	84.0	0.0	0.0	0.0	0.0	0.0	0.0	0.0	0.0	0.0	0.0	0.0	0.0	18.0	0.0	0.0	29.0	0.0	0.0	0.0	0.0	0.0	0.0	0.0	33.0	0.0	0.0	0.0	0.0	0.0	0.0	25.0	0.0	0.0	0.0	0.0	0.0	0.0	0.0	0.0	0.0	0.0	0.0	116.0	0.0	0.0	0.0
Bacteria;Chlamydiae;Unclassified;Chlamydiales;Other;Other	0.0	0.0	0.0	0.0	0.0	0.0	0.0	0.0	0.0	2.0	0.0	0.0	0.0	0.0	0.0	0.0	0.0	0.0	0.0	0.0	0.0	0.0	0.0	67.0	0.0	0.0	0.0	0.0	0.0	0.0	0.0	0.0	0.0	0.0	0.0	0.0	0.0	0.0	0.0	0.0	0.0	0.0	0.0	0.0	0.0	0.0	0.0	0.0	0.0	0.0	19.0	0.0	0.0	0.0	0.0	0.0	0.0	52.0	0.0	0.0	0.0	2.0	0.0	0.0	0.0	0.0	0.0	0.0	0.0	0.0	0.0	0.0	0.0	0.0	0.0	0.0	0.0	0.0	0.0	0.0	0.0	0.0	0.0	0.0	0.0	0.0	35.0	0.0
Bacteria;Chlamydiae;Unclassified;Chlamydiales;Parachlamydiaceae;Candidatus_Protochlamydia	0.0	0.0	0.0	0.0	0.0	0.0	0.0	0.0	0.0	0.0	0.0	0.0	0.0	0.0	0.0	0.0	0.0	0.0	0.0	8.0	0.0	0.0	0.0	0.0	0.0	0.0	0.0	0.0	0.0	0.0	0.0	0.0	0.0	0.0	0.0	0.0	0.0	0.0	1.0	0.0	0.0	0.0	0.0	0.0	0.0	0.0	0.0	0.0	0.0	0.0	0.0	0.0	0.0	0.0	0.0	0.0	0.0	15.0	0.0	0.0	0.0	0.0	0.0	0.0	0.0	0.0	29.0	0.0	0.0	0.0	0.0	0.0	0.0	0.0	0.0	0.0	0.0	0.0	0.0	0.0	0.0	0.0	0.0	0.0	0.0	0.0	0.0	0.0
Bacteria;Chlamydiae;Unclassified;Chlamydiales;Parachlamydiaceae;Neochlamydia	0.0	0.0	0.0	0.0	0.0	0.0	0.0	0.0	0.0	0.0	0.0	0.0	0.0	0.0	0.0	0.0	0.0	0.0	0.0	0.0	0.0	0.0	0.0	0.0	0.0	0.0	0.0	0.0	0.0	0.0	0.0	0.0	0.0	0.0	0.0	0.0	0.0	0.0	0.0	0.0	0.0	0.0	0.0	0.0	0.0	0.0	0.0	0.0	0.0	0.0	0.0	0.0	0.0	0.0	0.0	0.0	0.0	0.0	0.0	0.0	0.0	0.0	0.0	0.0	0.0	0.0	0.0	6.0	0.0	0.0	0.0	0.0	0.0	0.0	0.0	0.0	0.0	0.0	0.0	0.0	0.0	0.0	0.0	0.0	0.0	0.0	0.0	0.0
Bacteria;Chlamydiae;Unclassified;Chlamydiales;Simkaniaceae;Candidatus_Rhabdochlamydia	0.0	0.0	0.0	0.0	0.0	0.0	19.0	0.0	0.0	0.0	0.0	0.0	0.0	0.0	0.0	0.0	0.0	0.0	0.0	0.0	0.0	0.0	0.0	0.0	0.0	0.0	0.0	0.0	0.0	10.0	0.0	0.0	0.0	0.0	0.0	0.0	0.0	0.0	0.0	0.0	0.0	0.0	0.0	0.0	0.0	0.0	0.0	0.0	0.0	0.0	0.0	0.0	0.0	0.0	0.0	0.0	0.0	0.0	0.0	0.0	0.0	0.0	0.0	0.0	0.0	0.0	0.0	0.0	0.0	0.0	0.0	0.0	0.0	0.0	0.0	0.0	0.0	0.0	0.0	0.0	0.0	0.0	0.0	0.0	0.0	0.0	34.0	0.0
Bacteria;Chlorobi;Chlorobia;Chlorobiales;Other;Other	0.0	0.0	0.0	0.0	0.0	0.0	0.0	0.0	0.0	0.0	0.0	0.0	0.0	0.0	0.0	0.0	0.0	0.0	0.0	0.0	0.0	0.0	0.0	0.0	0.0	0.0	0.0	0.0	0.0	0.0	0.0	0.0	0.0	0.0	0.0	0.0	0.0	0.0	0.0	0.0	0.0	0.0	0.0	0.0	0.0	0.0	0.0	0.0	0.0	0.0	0.0	0.0	0.0	0.0	0.0	0.0	0.0	0.0	0.0	225.0	0.0	0.0	0.0	2.0	0.0	0.0	0.0	0.0	0.0	0.0	0.0	0.0	0.0	0.0	0.0	0.0	0.0	0.0	0.0	0.0	0.0	0.0	0.0	0.0	0.0	0.0	0.0	0.0
Bacteria;Chlorobi;Other;Other;Other;Other	0.0	0.0	0.0	0.0	0.0	0.0	0.0	0.0	0.0	0.0	0.0	0.0	0.0	200.0	0.0	0.0	0.0	0.0	0.0	0.0	0.0	0.0	0.0	0.0	0.0	0.0	0.0	0.0	0.0	0.0	0.0	0.0	0.0	0.0	0.0	0.0	0.0	0.0	2.0	0.0	0.0	0.0	0.0	0.0	0.0	0.0	0.0	0.0	0.0	0.0	0.0	0.0	0.0	0.0	0.0	0.0	0.0	0.0	0.0	0.0	0.0	0.0	0.0	0.0	0.0	0.0	0.0	0.0	0.0	0.0	0.0	0.0	0.0	0.0	0.0	0.0	0.0	0.0	0.0	0.0	0.0	0.0	0.0	0.0	0.0	0.0	0.0	0.0
Bacteria;Chloroflexi;Anaerolineae;Anaerolineales;Anaerolineaceae;Other	0.0	0.0	0.0	0.0	0.0	0.0	0.0	0.0	0.0	0.0	0.0	0.0	0.0	0.0	468.0	0.0	0.0	1.0	0.0	0.0	0.0	0.0	0.0	0.0	0.0	0.0	11.0	0.0	9.0	0.0	0.0	0.0	0.0	114.0	0.0	0.0	0.0	0.0	0.0	0.0	3.0	0.0	0.0	0.0	0.0	0.0	0.0	0.0	62.0	0.0	0.0	0.0	0.0	0.0	0.0	0.0	0.0	0.0	0.0	0.0	0.0	3.0	2.0	0.0	0.0	0.0	0.0	0.0	0.0	0.0	0.0	0.0	0.0	0.0	0.0	0.0	0.0	0.0	0.0	0.0	0.0	0.0	0.0	0.0	0.0	0.0	0.0	0.0
Bacteria;Chloroflexi;Caldilineae;Caldilineales;Caldilineaceae;Other	0.0	0.0	0.0	0.0	0.0	0.0	0.0	0.0	0.0	0.0	0.0	2.0	0.0	0.0	0.0	0.0	0.0	0.0	0.0	0.0	0.0	0.0	0.0	47.0	0.0	0.0	0.0	0.0	0.0	0.0	0.0	0.0	0.0	0.0	0.0	0.0	0.0	0.0	5.0	0.0	0.0	0.0	0.0	0.0	0.0	0.0	0.0	0.0	0.0	0.0	0.0	0.0	0.0	0.0	0.0	0.0	0.0	0.0	0.0	0.0	0.0	0.0	0.0	0.0	0.0	0.0	0.0	0.0	0.0	90.0	0.0	0.0	0.0	0.0	0.0	0.0	0.0	0.0	0.0	0.0	0.0	0.0	0.0	0.0	0.0	0.0	0.0	0.0
Bacteria;Chloroflexi;Chloroflexia;Chloroflexales;Chloroflexaceae;Chloronema	0.0	0.0	0.0	0.0	0.0	0.0	0.0	0.0	0.0	0.0	0.0	0.0	0.0	0.0	0.0	0.0	0.0	0.0	0.0	0.0	37.0	0.0	0.0	0.0	0.0	0.0	0.0	0.0	0.0	0.0	0.0	0.0	0.0	0.0	0.0	0.0	0.0	0.0	0.0	0.0	0.0	0.0	0.0	0.0	0.0	0.0	0.0	0.0	0.0	0.0	0.0	0.0	0.0	0.0	0.0	0.0	0.0	0.0	0.0	0.0	0.0	0.0	0.0	0.0	0.0	0.0	0.0	0.0	0.0	0.0	0.0	0.0	0.0	0.0	0.0	0.0	0.0	0.0	0.0	0.0	0.0	0.0	0.0	0.0	0.0	0.0	0.0	0.0
Bacteria;Chloroflexi;Chloroflexia;Other;Other;Other	0.0	0.0	0.0	0.0	0.0	0.0	0.0	0.0	0.0	0.0	0.0	0.0	0.0	0.0	0.0	0.0	0.0	0.0	0.0	0.0	0.0	0.0	0.0	0.0	0.0	0.0	0.0	0.0	0.0	0.0	0.0	0.0	0.0	0.0	0.0	0.0	0.0	0.0	0.0	0.0	0.0	0.0	0.0	0.0	0.0	0.0	0.0	0.0	0.0	0.0	0.0	0.0	0.0	0.0	0.0	0.0	0.0	0.0	0.0	0.0	0.0	0.0	0.0	0.0	0.0	0.0	0.0	0.0	0.0	0.0	0.0	0.0	0.0	0.0	0.0	0.0	0.0	0.0	0.0	0.0	0.0	0.0	0.0	0.0	12.0	0.0	0.0	0.0
Bacteria;Chloroflexi;Other;Other;Other;Other	0.0	0.0	0.0	0.0	0.0	0.0	0.0	0.0	0.0	0.0	74.0	0.0	0.0	0.0	0.0	0.0	0.0	0.0	0.0	0.0	0.0	0.0	0.0	0.0	0.0	0.0	0.0	0.0	0.0	0.0	0.0	0.0	0.0	0.0	0.0	0.0	0.0	0.0	0.0	0.0	0.0	0.0	0.0	0.0	0.0	0.0	0.0	1.0	0.0	0.0	0.0	0.0	0.0	0.0	0.0	0.0	0.0	0.0	0.0	0.0	0.0	0.0	0.0	0.0	0.0	1.0	0.0	0.0	0.0	0.0	0.0	65.0	0.0	0.0	0.0	0.0	0.0	0.0	475.0	0.0	0.0	0.0	0.0	43.0	0.0	0.0	0.0	0.0
Bacteria;Chloroflexi;Thermomicrobia;Other;Other;Other	0.0	0.0	556.0	0.0	0.0	0.0	0.0	128.0	0.0	0.0	0.0	2.0	15.0	0.0	0.0	0.0	0.0	0.0	1.0	0.0	0.0	0.0	0.0	0.0	0.0	0.0	0.0	0.0	0.0	178.0	0.0	0.0	0.0	0.0	0.0	0.0	0.0	0.0	1.0	26.0	81.0	0.0	0.0	0.0	0.0	0.0	0.0	0.0	0.0	0.0	0.0	0.0	0.0	0.0	2.0	0.0	0.0	80.0	0.0	0.0	0.0	8.0	56.0	0.0	0.0	0.0	75.0	0.0	0.0	0.0	0.0	0.0	0.0	0.0	0.0	0.0	0.0	0.0	0.0	0.0	1.0	0.0	2.0	0.0	0.0	0.0	298.0	259.0
Bacteria;Chloroflexi;Thermomicrobia;Sphaerobacterales;Sphaerobacteraceae;Sphaerobacter	0.0	0.0	0.0	0.0	0.0	0.0	0.0	0.0	0.0	1008.0	0.0	0.0	0.0	0.0	0.0	0.0	3.0	1.0	0.0	0.0	0.0	0.0	0.0	0.0	0.0	182.0	0.0	0.0	0.0	0.0	0.0	0.0	0.0	0.0	0.0	0.0	0.0	0.0	171.0	0.0	1140.0	0.0	0.0	0.0	0.0	0.0	0.0	0.0	0.0	0.0	0.0	0.0	0.0	178.0	62.0	0.0	0.0	90.0	0.0	0.0	0.0	0.0	0.0	0.0	0.0	1.0	0.0	0.0	0.0	0.0	0.0	1.0	0.0	0.0	62.0	0.0	0.0	0.0	0.0	0.0	0.0	0.0	0.0	0.0	0.0	0.0	8.0	0.0
Bacteria;Chloroflexi;Unclassified;Unclassified;Unclassified;Unclassified	0.0	0.0	0.0	0.0	0.0	0.0	0.0	0.0	0.0	0.0	0.0	0.0	0.0	0.0	0.0	0.0	0.0	0.0	0.0	0.0	0.0	0.0	0.0	0.0	0.0	0.0	0.0	0.0	0.0	0.0	0.0	0.0	2.0	0.0	0.0	0.0	0.0	0.0	0.0	0.0	0.0	0.0	0.0	0.0	0.0	0.0	0.0	0.0	0.0	0.0	0.0	0.0	0.0	0.0	0.0	0.0	0.0	0.0	0.0	0.0	0.0	0.0	0.0	0.0	0.0	0.0	0.0	0.0	0.0	0.0	0.0	0.0	0.0	0.0	0.0	0.0	0.0	0.0	0.0	0.0	0.0	0.0	0.0	0.0	0.0	0.0	0.0	0.0
Bacteria;Cyanobacteria;Other;Other;Other;Other	1294.0	511.0	510.0	521.0	835.0	98.0	1406.0	0.0	457.0	132.0	140.0	0.0	43.0	314.0	32.0	1090.0	170.0	1158.0	0.0	601.0	204.0	168.0	11545.0	72.0	33.0	533.0	216.0	7945.0	110.0	329.0	9.0	582.0	1370.0	1109.0	79.0	614.0	970.0	789.0	485.0	328.0	223.0	69.0	23.0	1993.0	216.0	0.0	322.0	201.0	60.0	1058.0	324.0	1.0	1375.0	3.0	236.0	11.0	4.0	51.0	71.0	1595.0	247.0	0.0	229.0	248.0	41.0	964.0	72.0	594.0	99.0	126.0	115.0	611.0	373.0	282.0	0.0	111.0	267.0	542.0	46.0	5.0	0.0	157.0	0.0	607.0	4807.0	0.0	4136.0	83.0
Bacteria;Cyanobacteria;Unclassified;Unclassified;Unclassified;Chroococcidiopsis	0.0	0.0	0.0	4.0	0.0	0.0	0.0	0.0	0.0	0.0	0.0	0.0	0.0	0.0	0.0	0.0	0.0	0.0	0.0	0.0	0.0	0.0	0.0	0.0	0.0	0.0	0.0	0.0	0.0	0.0	0.0	0.0	0.0	0.0	0.0	0.0	0.0	0.0	0.0	0.0	0.0	0.0	0.0	0.0	0.0	0.0	0.0	0.0	0.0	0.0	0.0	0.0	0.0	0.0	0.0	0.0	0.0	0.0	0.0	0.0	0.0	0.0	0.0	0.0	0.0	0.0	0.0	0.0	0.0	0.0	0.0	0.0	0.0	0.0	0.0	0.0	0.0	0.0	0.0	0.0	0.0	0.0	0.0	0.0	0.0	0.0	0.0	0.0
Bacteria;Cyanobacteria;Unclassified;Unclassified;Unclassified;Nostoc	0.0	0.0	0.0	0.0	0.0	0.0	0.0	0.0	0.0	0.0	0.0	0.0	0.0	0.0	0.0	0.0	0.0	0.0	0.0	0.0	0.0	0.0	0.0	0.0	0.0	0.0	0.0	0.0	0.0	0.0	0.0	0.0	0.0	0.0	0.0	0.0	0.0	0.0	0.0	0.0	0.0	0.0	0.0	0.0	0.0	0.0	0.0	0.0	0.0	0.0	0.0	0.0	0.0	0.0	0.0	0.0	5.0	0.0	0.0	0.0	0.0	0.0	0.0	0.0	0.0	0.0	0.0	0.0	9.0	0.0	0.0	0.0	0.0	0.0	0.0	0.0	0.0	0.0	0.0	0.0	0.0	0.0	0.0	0.0	0.0	0.0	0.0	0.0
Bacteria;Cyanobacteria;Unclassified;Unclassified;Unclassified;Synechococcus	0.0	0.0	0.0	0.0	0.0	0.0	0.0	0.0	0.0	0.0	0.0	0.0	0.0	0.0	0.0	0.0	0.0	0.0	0.0	1.0	0.0	0.0	0.0	0.0	0.0	0.0	0.0	0.0	0.0	0.0	0.0	0.0	0.0	0.0	0.0	0.0	0.0	0.0	0.0	0.0	0.0	0.0	0.0	0.0	0.0	0.0	0.0	0.0	0.0	0.0	0.0	0.0	0.0	0.0	0.0	0.0	0.0	0.0	0.0	0.0	0.0	0.0	0.0	0.0	0.0	0.0	0.0	0.0	0.0	179.0	0.0	0.0	0.0	0.0	0.0	0.0	0.0	0.0	0.0	0.0	0.0	0.0	0.0	0.0	0.0	0.0	0.0	0.0
Bacteria;Cyanobacteria;Unclassified;Unclassified;Unclassified;Unclassified	0.0	0.0	115.0	85.0	0.0	0.0	487.0	0.0	0.0	303.0	0.0	4.0	0.0	4.0	184.0	190.0	12.0	181.0	2.0	34.0	0.0	213.0	0.0	3.0	77.0	8.0	0.0	190.0	7.0	0.0	384.0	174.0	783.0	0.0	139.0	427.0	112.0	47.0	331.0	43.0	3.0	70.0	16.0	1.0	0.0	0.0	32.0	68.0	32.0	1.0	11.0	0.0	120.0	1.0	51.0	0.0	1.0	63.0	34.0	141.0	0.0	0.0	125.0	94.0	13.0	1.0	0.0	1.0	0.0	0.0	0.0	15.0	0.0	500.0	0.0	0.0	0.0	0.0	0.0	0.0	0.0	0.0	0.0	4.0	0.0	322.0	0.0	12.0
Bacteria;Deinococcus-Thermus;Deinococci;Deinococcales;Deinococcaceae;Deinococcus	0.0	152.0	0.0	99.0	0.0	0.0	95.0	0.0	350.0	0.0	0.0	0.0	0.0	3.0	10.0	0.0	2.0	55.0	0.0	1.0	2.0	0.0	4.0	0.0	1163.0	67.0	0.0	0.0	0.0	0.0	0.0	42.0	0.0	0.0	0.0	0.0	0.0	0.0	120.0	0.0	0.0	0.0	0.0	0.0	0.0	192.0	64.0	275.0	0.0	0.0	31.0	0.0	0.0	0.0	13.0	0.0	0.0	3.0	0.0	0.0	0.0	15.0	0.0	0.0	0.0	0.0	0.0	122.0	13.0	0.0	13.0	1092.0	140.0	0.0	0.0	0.0	0.0	0.0	233.0	0.0	1956.0	110.0	0.0	577.0	0.0	0.0	0.0	317.0
Bacteria;Deinococcus-Thermus;Deinococci;Deinococcales;Trueperaceae;Truepera	0.0	0.0	0.0	3.0	0.0	0.0	0.0	0.0	0.0	0.0	0.0	0.0	0.0	0.0	0.0	0.0	0.0	4.0	0.0	0.0	0.0	0.0	0.0	67.0	0.0	0.0	0.0	0.0	0.0	0.0	0.0	0.0	0.0	129.0	0.0	0.0	0.0	0.0	0.0	0.0	0.0	0.0	0.0	0.0	0.0	0.0	0.0	0.0	0.0	0.0	0.0	0.0	0.0	0.0	0.0	0.0	0.0	0.0	0.0	0.0	0.0	0.0	0.0	0.0	0.0	0.0	0.0	0.0	0.0	0.0	0.0	0.0	0.0	0.0	0.0	0.0	0.0	0.0	0.0	0.0	0.0	0.0	0.0	0.0	0.0	0.0	0.0	0.0
Bacteria;Deinococcus-Thermus;Deinococci;Thermales;Thermaceae;Thermus	0.0	0.0	0.0	0.0	0.0	0.0	0.0	0.0	0.0	0.0	0.0	0.0	0.0	0.0	0.0	0.0	0.0	0.0	0.0	0.0	0.0	0.0	0.0	0.0	0.0	0.0	0.0	0.0	0.0	0.0	0.0	0.0	0.0	0.0	0.0	0.0	0.0	0.0	0.0	0.0	0.0	0.0	0.0	0.0	0.0	0.0	0.0	0.0	0.0	0.0	0.0	0.0	105.0	0.0	0.0	0.0	0.0	0.0	0.0	0.0	0.0	0.0	0.0	0.0	0.0	0.0	0.0	0.0	0.0	0.0	0.0	0.0	0.0	0.0	0.0	0.0	0.0	0.0	0.0	0.0	0.0	0.0	0.0	14.0	0.0	0.0	0.0	0.0
Bacteria;Elusimicrobia;Elusimicrobia;Other;Other;Other	0.0	0.0	0.0	0.0	4.0	0.0	0.0	0.0	0.0	0.0	0.0	0.0	0.0	0.0	0.0	0.0	0.0	0.0	0.0	0.0	0.0	0.0	0.0	0.0	0.0	1.0	0.0	0.0	0.0	0.0	0.0	0.0	0.0	0.0	0.0	0.0	5.0	0.0	0.0	0.0	0.0	0.0	0.0	0.0	0.0	0.0	0.0	0.0	0.0	0.0	0.0	0.0	0.0	0.0	4.0	0.0	0.0	0.0	0.0	0.0	0.0	0.0	0.0	0.0	0.0	0.0	0.0	0.0	0.0	0.0	0.0	20.0	0.0	252.0	0.0	0.0	0.0	0.0	0.0	0.0	0.0	0.0	0.0	5.0	0.0	0.0	0.0	0.0
Bacteria;Firmicutes;Bacilli;Bacillales;Bacillaceae;Aeribacillus	0.0	0.0	0.0	0.0	0.0	0.0	0.0	0.0	0.0	0.0	0.0	0.0	0.0	81.0	0.0	0.0	0.0	0.0	0.0	0.0	0.0	0.0	0.0	0.0	0.0	0.0	0.0	0.0	0.0	0.0	0.0	0.0	0.0	0.0	0.0	0.0	0.0	0.0	0.0	0.0	0.0	0.0	0.0	0.0	0.0	0.0	0.0	0.0	0.0	0.0	0.0	0.0	0.0	0.0	0.0	0.0	0.0	0.0	0.0	0.0	0.0	0.0	0.0	0.0	0.0	0.0	0.0	0.0	0.0	0.0	0.0	0.0	0.0	0.0	0.0	0.0	0.0	0.0	0.0	0.0	0.0	0.0	0.0	0.0	0.0	0.0	0.0	0.0
Bacteria;Firmicutes;Bacilli;Bacillales;Bacillaceae;Anoxybacillus	0.0	0.0	0.0	1.0	0.0	0.0	0.0	0.0	0.0	258.0	0.0	0.0	0.0	0.0	0.0	0.0	0.0	0.0	0.0	0.0	0.0	0.0	0.0	0.0	193.0	0.0	0.0	0.0	0.0	0.0	0.0	0.0	0.0	33.0	0.0	0.0	95.0	0.0	0.0	0.0	0.0	8.0	29.0	35.0	0.0	0.0	0.0	0.0	0.0	0.0	0.0	0.0	0.0	0.0	0.0	0.0	0.0	0.0	0.0	0.0	0.0	0.0	0.0	0.0	0.0	0.0	0.0	0.0	0.0	0.0	0.0	0.0	0.0	0.0	0.0	0.0	0.0	0.0	0.0	0.0	0.0	0.0	0.0	0.0	0.0	0.0	0.0	0.0
Bacteria;Firmicutes;Bacilli;Bacillales;Bacillaceae;Bacillus	15.0	97.0	0.0	53.0	0.0	0.0	39.0	14.0	1625.0	289.0	0.0	13.0	52.0	183.0	0.0	311.0	4.0	29.0	0.0	96.0	5.0	55.0	0.0	132.0	0.0	192.0	0.0	0.0	0.0	0.0	383.0	208.0	431.0	140.0	0.0	438.0	55.0	1.0	0.0	0.0	56.0	0.0	22.0	1.0	526.0	212.0	2.0	67.0	76.0	176.0	121.0	0.0	257.0	147.0	69.0	315.0	10.0	57.0	0.0	4.0	260.0	22.0	0.0	0.0	140.0	1.0	503.0	1.0	4.0	0.0	188.0	0.0	1498.0	2.0	97.0	377.0	5.0	0.0	0.0	0.0	1.0	0.0	0.0	35.0	0.0	0.0	2260.0	0.0
Bacteria;Firmicutes;Bacilli;Bacillales;Bacillaceae;Caldalkalibacillus	0.0	0.0	0.0	0.0	0.0	0.0	0.0	0.0	2.0	0.0	0.0	0.0	0.0	0.0	0.0	0.0	0.0	0.0	0.0	0.0	0.0	0.0	0.0	0.0	0.0	0.0	124.0	0.0	0.0	0.0	0.0	0.0	0.0	0.0	0.0	0.0	0.0	0.0	0.0	0.0	15.0	0.0	0.0	0.0	0.0	0.0	0.0	0.0	0.0	0.0	0.0	0.0	0.0	0.0	0.0	0.0	0.0	0.0	0.0	0.0	0.0	0.0	0.0	0.0	0.0	0.0	0.0	0.0	0.0	0.0	0.0	0.0	0.0	0.0	0.0	0.0	0.0	0.0	0.0	0.0	0.0	0.0	0.0	0.0	0.0	0.0	0.0	0.0
Bacteria;Firmicutes;Bacilli;Bacillales;Bacillaceae;Caldibacillus	0.0	0.0	0.0	0.0	0.0	0.0	0.0	0.0	0.0	0.0	0.0	0.0	0.0	0.0	0.0	0.0	0.0	0.0	0.0	0.0	0.0	0.0	0.0	37.0	0.0	0.0	0.0	0.0	0.0	0.0	0.0	0.0	0.0	0.0	0.0	0.0	0.0	0.0	0.0	0.0	0.0	0.0	0.0	0.0	0.0	0.0	0.0	0.0	0.0	0.0	0.0	0.0	0.0	0.0	0.0	0.0	0.0	0.0	0.0	0.0	0.0	0.0	0.0	0.0	0.0	0.0	0.0	0.0	0.0	0.0	0.0	0.0	0.0	0.0	0.0	0.0	0.0	0.0	0.0	0.0	0.0	0.0	0.0	0.0	0.0	0.0	0.0	0.0
Bacteria;Firmicutes;Bacilli;Bacillales;Bacillaceae;Calditerricola	0.0	0.0	0.0	0.0	0.0	0.0	0.0	0.0	0.0	0.0	0.0	0.0	5.0	0.0	0.0	0.0	0.0	0.0	0.0	0.0	0.0	0.0	0.0	0.0	0.0	57.0	0.0	0.0	0.0	0.0	0.0	0.0	0.0	63.0	0.0	0.0	0.0	0.0	0.0	0.0	31.0	0.0	0.0	0.0	0.0	0.0	0.0	0.0	0.0	0.0	0.0	0.0	0.0	0.0	0.0	0.0	0.0	0.0	0.0	0.0	0.0	0.0	0.0	0.0	0.0	0.0	0.0	1.0	0.0	0.0	0.0	0.0	0.0	0.0	0.0	0.0	0.0	0.0	0.0	0.0	0.0	0.0	0.0	0.0	0.0	0.0	0.0	0.0
Bacteria;Firmicutes;Bacilli;Bacillales;Bacillaceae;Geobacillus	0.0	0.0	0.0	0.0	0.0	0.0	0.0	0.0	0.0	44.0	7.0	0.0	343.0	5.0	0.0	0.0	4.0	0.0	0.0	0.0	0.0	0.0	0.0	0.0	0.0	299.0	0.0	0.0	0.0	1.0	0.0	0.0	0.0	0.0	0.0	0.0	0.0	0.0	0.0	0.0	669.0	0.0	0.0	0.0	0.0	0.0	66.0	0.0	0.0	0.0	0.0	165.0	0.0	0.0	0.0	0.0	0.0	0.0	0.0	411.0	0.0	7.0	0.0	1.0	0.0	0.0	0.0	6.0	0.0	0.0	0.0	2.0	44.0	0.0	5.0	0.0	0.0	0.0	0.0	0.0	0.0	0.0	15.0	0.0	0.0	0.0	0.0	0.0
Bacteria;Firmicutes;Bacilli;Bacillales;Bacillaceae;Lentibacillus	0.0	0.0	0.0	0.0	0.0	0.0	0.0	0.0	0.0	0.0	0.0	0.0	0.0	0.0	0.0	0.0	0.0	0.0	0.0	0.0	0.0	0.0	0.0	0.0	0.0	0.0	0.0	0.0	0.0	0.0	0.0	0.0	0.0	0.0	0.0	0.0	0.0	0.0	0.0	0.0	1.0	0.0	0.0	0.0	0.0	0.0	0.0	0.0	0.0	0.0	0.0	0.0	0.0	0.0	0.0	0.0	0.0	0.0	0.0	0.0	0.0	0.0	0.0	0.0	0.0	0.0	0.0	205.0	0.0	0.0	0.0	0.0	0.0	0.0	0.0	0.0	0.0	0.0	0.0	0.0	0.0	0.0	0.0	0.0	0.0	0.0	0.0	0.0
Bacteria;Firmicutes;Bacilli;Bacillales;Listeriaceae;Brochothrix	0.0	0.0	0.0	0.0	0.0	0.0	0.0	0.0	0.0	0.0	0.0	0.0	0.0	0.0	0.0	0.0	0.0	0.0	0.0	0.0	0.0	0.0	0.0	0.0	0.0	0.0	0.0	0.0	0.0	0.0	0.0	0.0	0.0	0.0	0.0	0.0	0.0	0.0	0.0	0.0	0.0	0.0	0.0	0.0	0.0	0.0	0.0	0.0	0.0	0.0	0.0	0.0	0.0	0.0	0.0	0.0	0.0	0.0	0.0	0.0	0.0	0.0	0.0	0.0	0.0	0.0	0.0	0.0	0.0	0.0	0.0	0.0	15.0	0.0	0.0	0.0	0.0	0.0	0.0	0.0	0.0	0.0	0.0	0.0	0.0	0.0	0.0	0.0
Bacteria;Firmicutes;Bacilli;Bacillales;Other;Other	0.0	120.0	0.0	0.0	0.0	0.0	0.0	0.0	0.0	0.0	0.0	0.0	0.0	0.0	0.0	0.0	0.0	0.0	0.0	0.0	0.0	0.0	0.0	0.0	0.0	0.0	0.0	0.0	0.0	0.0	120.0	0.0	1.0	0.0	0.0	0.0	0.0	0.0	0.0	0.0	17.0	0.0	0.0	0.0	0.0	0.0	0.0	0.0	0.0	0.0	0.0	0.0	0.0	0.0	0.0	0.0	0.0	0.0	0.0	0.0	0.0	0.0	0.0	0.0	0.0	0.0	0.0	0.0	0.0	0.0	0.0	0.0	0.0	0.0	0.0	0.0	0.0	0.0	0.0	0.0	0.0	0.0	0.0	0.0	0.0	0.0	0.0	0.0
Bacteria;Firmicutes;Bacilli;Bacillales;Paenibacillaceae;Brevibacillus	0.0	50.0	0.0	0.0	0.0	0.0	0.0	0.0	0.0	0.0	0.0	0.0	6.0	0.0	0.0	0.0	0.0	0.0	0.0	0.0	0.0	0.0	54.0	0.0	0.0	0.0	0.0	0.0	0.0	0.0	0.0	0.0	0.0	0.0	0.0	0.0	0.0	0.0	239.0	0.0	0.0	0.0	0.0	0.0	0.0	0.0	0.0	0.0	0.0	0.0	0.0	0.0	0.0	0.0	0.0	0.0	0.0	0.0	0.0	0.0	0.0	0.0	0.0	0.0	0.0	1.0	0.0	0.0	0.0	0.0	0.0	0.0	9.0	0.0	0.0	0.0	0.0	0.0	0.0	0.0	0.0	177.0	0.0	0.0	0.0	0.0	0.0	0.0
Bacteria;Firmicutes;Bacilli;Bacillales;Paenibacillaceae;Cohnella	0.0	0.0	0.0	0.0	0.0	0.0	0.0	0.0	0.0	0.0	0.0	0.0	0.0	0.0	0.0	0.0	0.0	0.0	0.0	0.0	0.0	0.0	0.0	0.0	0.0	0.0	0.0	0.0	0.0	0.0	0.0	0.0	0.0	0.0	0.0	0.0	0.0	0.0	0.0	0.0	0.0	0.0	0.0	0.0	0.0	0.0	0.0	0.0	0.0	0.0	0.0	0.0	0.0	0.0	0.0	0.0	0.0	0.0	0.0	0.0	0.0	0.0	0.0	0.0	0.0	0.0	0.0	0.0	0.0	51.0	0.0	0.0	0.0	0.0	0.0	0.0	0.0	0.0	0.0	0.0	0.0	0.0	0.0	0.0	0.0	0.0	0.0	0.0
Bacteria;Firmicutes;Bacilli;Bacillales;Paenibacillaceae;Other	0.0	0.0	0.0	0.0	0.0	0.0	0.0	0.0	0.0	0.0	0.0	0.0	12.0	0.0	0.0	0.0	0.0	0.0	181.0	0.0	0.0	69.0	0.0	2.0	9.0	248.0	0.0	0.0	0.0	0.0	0.0	0.0	0.0	0.0	0.0	0.0	0.0	0.0	0.0	0.0	546.0	0.0	0.0	0.0	0.0	0.0	0.0	0.0	0.0	0.0	0.0	0.0	0.0	0.0	20.0	0.0	9.0	0.0	0.0	0.0	0.0	0.0	0.0	0.0	0.0	1.0	0.0	0.0	4.0	0.0	0.0	1.0	0.0	0.0	0.0	0.0	0.0	0.0	0.0	0.0	0.0	0.0	0.0	0.0	1236.0	0.0	0.0	0.0
Bacteria;Firmicutes;Bacilli;Bacillales;Paenibacillaceae;Oxalophagus	0.0	0.0	0.0	0.0	0.0	0.0	0.0	0.0	0.0	0.0	0.0	0.0	0.0	0.0	0.0	0.0	0.0	0.0	0.0	0.0	0.0	0.0	0.0	0.0	0.0	0.0	0.0	0.0	0.0	0.0	0.0	0.0	0.0	0.0	0.0	0.0	0.0	0.0	0.0	0.0	0.0	0.0	0.0	0.0	0.0	0.0	0.0	0.0	0.0	0.0	0.0	0.0	0.0	0.0	0.0	0.0	0.0	0.0	0.0	0.0	0.0	0.0	51.0	0.0	0.0	0.0	0.0	0.0	0.0	0.0	0.0	0.0	0.0	0.0	0.0	0.0	0.0	0.0	0.0	0.0	0.0	0.0	0.0	0.0	0.0	0.0	0.0	0.0
Bacteria;Firmicutes;Bacilli;Bacillales;Paenibacillaceae;Paenibacillus	0.0	0.0	0.0	0.0	0.0	0.0	0.0	0.0	0.0	220.0	0.0	0.0	9.0	0.0	0.0	0.0	0.0	21.0	0.0	0.0	0.0	0.0	0.0	0.0	0.0	221.0	0.0	0.0	0.0	1.0	0.0	0.0	0.0	0.0	0.0	0.0	0.0	0.0	0.0	0.0	21.0	0.0	0.0	0.0	0.0	0.0	0.0	40.0	0.0	0.0	0.0	219.0	0.0	0.0	0.0	0.0	0.0	0.0	0.0	0.0	0.0	4.0	181.0	35.0	0.0	0.0	0.0	0.0	0.0	0.0	0.0	1.0	0.0	0.0	0.0	0.0	0.0	0.0	9.0	0.0	0.0	0.0	0.0	0.0	0.0	0.0	0.0	0.0
Bacteria;Firmicutes;Bacilli;Bacillales;Paenibacillaceae;Thermobacillus	0.0	0.0	0.0	0.0	0.0	0.0	0.0	319.0	0.0	0.0	0.0	0.0	76.0	0.0	0.0	0.0	1.0	0.0	0.0	0.0	0.0	0.0	0.0	0.0	0.0	39.0	0.0	0.0	0.0	0.0	66.0	0.0	0.0	0.0	0.0	0.0	0.0	0.0	0.0	0.0	518.0	0.0	0.0	0.0	0.0	0.0	0.0	0.0	0.0	0.0	15.0	132.0	0.0	81.0	236.0	0.0	5.0	0.0	0.0	0.0	0.0	0.0	0.0	0.0	0.0	0.0	0.0	0.0	24.0	0.0	0.0	2.0	0.0	0.0	0.0	0.0	0.0	0.0	0.0	0.0	1.0	0.0	0.0	0.0	0.0	0.0	0.0	0.0
Bacteria;Firmicutes;Bacilli;Bacillales;Planococcaceae;Lysinibacillus	0.0	0.0	0.0	0.0	0.0	0.0	0.0	0.0	0.0	0.0	0.0	0.0	10.0	0.0	0.0	0.0	0.0	0.0	0.0	0.0	0.0	0.0	0.0	0.0	0.0	3.0	0.0	0.0	0.0	0.0	0.0	0.0	0.0	0.0	0.0	0.0	0.0	0.0	0.0	0.0	781.0	0.0	0.0	0.0	0.0	0.0	0.0	0.0	0.0	0.0	0.0	0.0	0.0	0.0	0.0	0.0	0.0	0.0	0.0	0.0	0.0	7.0	0.0	0.0	0.0	0.0	0.0	0.0	0.0	0.0	0.0	0.0	0.0	283.0	0.0	0.0	0.0	0.0	0.0	0.0	0.0	0.0	0.0	2.0	0.0	0.0	96.0	0.0
Bacteria;Firmicutes;Bacilli;Bacillales;Planococcaceae;Other	0.0	159.0	0.0	0.0	0.0	0.0	0.0	0.0	0.0	0.0	0.0	0.0	0.0	0.0	0.0	0.0	0.0	0.0	0.0	0.0	0.0	0.0	0.0	0.0	0.0	0.0	0.0	0.0	0.0	0.0	0.0	0.0	0.0	0.0	0.0	0.0	0.0	0.0	0.0	0.0	0.0	0.0	0.0	0.0	0.0	0.0	211.0	0.0	0.0	0.0	0.0	0.0	0.0	0.0	0.0	0.0	0.0	0.0	0.0	0.0	0.0	0.0	0.0	0.0	0.0	0.0	0.0	0.0	0.0	16.0	0.0	0.0	0.0	0.0	0.0	0.0	0.0	0.0	0.0	0.0	0.0	0.0	0.0	0.0	0.0	0.0	0.0	0.0
Bacteria;Firmicutes;Bacilli;Bacillales;Planococcaceae;Sporosarcina	0.0	0.0	0.0	0.0	0.0	0.0	0.0	0.0	0.0	0.0	0.0	0.0	0.0	0.0	0.0	0.0	0.0	0.0	0.0	0.0	0.0	0.0	0.0	0.0	0.0	0.0	0.0	0.0	0.0	0.0	0.0	0.0	0.0	0.0	0.0	0.0	0.0	0.0	0.0	0.0	0.0	0.0	0.0	0.0	1.0	0.0	317.0	0.0	0.0	0.0	0.0	0.0	0.0	0.0	0.0	0.0	0.0	0.0	0.0	0.0	0.0	0.0	0.0	0.0	0.0	0.0	0.0	0.0	0.0	0.0	0.0	0.0	0.0	0.0	0.0	0.0	0.0	0.0	0.0	0.0	0.0	0.0	0.0	0.0	0.0	0.0	0.0	0.0
Bacteria;Firmicutes;Bacilli;Bacillales;Planococcaceae;Unclassified	0.0	0.0	0.0	0.0	0.0	0.0	0.0	0.0	0.0	0.0	36.0	0.0	0.0	0.0	0.0	0.0	0.0	0.0	0.0	0.0	0.0	0.0	0.0	0.0	0.0	0.0	0.0	0.0	0.0	0.0	0.0	0.0	0.0	0.0	0.0	0.0	0.0	0.0	0.0	0.0	0.0	0.0	0.0	0.0	0.0	0.0	0.0	0.0	0.0	0.0	0.0	0.0	0.0	0.0	0.0	0.0	0.0	0.0	0.0	0.0	0.0	0.0	0.0	0.0	0.0	0.0	0.0	0.0	0.0	0.0	0.0	0.0	0.0	0.0	0.0	0.0	0.0	0.0	0.0	0.0	0.0	0.0	0.0	0.0	0.0	0.0	0.0	0.0
Bacteria;Firmicutes;Bacilli;Bacillales;Sporolactobacillaceae;Sporolactobacillus	0.0	0.0	0.0	0.0	0.0	0.0	0.0	0.0	0.0	0.0	0.0	0.0	0.0	0.0	0.0	0.0	0.0	68.0	0.0	67.0	0.0	0.0	2.0	0.0	0.0	0.0	0.0	0.0	0.0	0.0	0.0	0.0	0.0	0.0	0.0	0.0	0.0	0.0	0.0	0.0	0.0	0.0	0.0	0.0	0.0	0.0	0.0	0.0	1.0	0.0	0.0	0.0	0.0	0.0	0.0	0.0	0.0	0.0	0.0	0.0	0.0	0.0	0.0	0.0	0.0	0.0	0.0	0.0	0.0	0.0	0.0	18.0	0.0	0.0	0.0	0.0	0.0	0.0	0.0	0.0	0.0	0.0	1.0	0.0	0.0	0.0	0.0	70.0
Bacteria;Firmicutes;Bacilli;Bacillales;Staphylococcaceae;Jeotgalicoccus	0.0	0.0	0.0	0.0	0.0	0.0	0.0	0.0	0.0	0.0	0.0	0.0	0.0	0.0	0.0	0.0	0.0	0.0	0.0	33.0	0.0	0.0	0.0	0.0	0.0	0.0	0.0	0.0	0.0	0.0	0.0	130.0	1.0	0.0	0.0	0.0	0.0	0.0	0.0	0.0	5.0	0.0	0.0	0.0	0.0	0.0	0.0	0.0	0.0	0.0	0.0	0.0	0.0	0.0	0.0	0.0	0.0	0.0	0.0	0.0	0.0	0.0	0.0	0.0	0.0	3.0	0.0	0.0	0.0	0.0	4.0	0.0	0.0	0.0	0.0	0.0	0.0	0.0	0.0	0.0	0.0	0.0	0.0	0.0	0.0	30.0	0.0	0.0
Bacteria;Firmicutes;Bacilli;Bacillales;Staphylococcaceae;Macrococcus	0.0	0.0	0.0	0.0	0.0	0.0	0.0	0.0	0.0	0.0	0.0	0.0	0.0	0.0	0.0	0.0	0.0	0.0	0.0	0.0	100.0	0.0	0.0	0.0	0.0	0.0	0.0	0.0	0.0	0.0	0.0	0.0	0.0	0.0	0.0	0.0	0.0	0.0	0.0	0.0	0.0	0.0	0.0	0.0	0.0	0.0	0.0	0.0	0.0	0.0	0.0	0.0	0.0	0.0	0.0	1.0	0.0	0.0	0.0	0.0	0.0	0.0	0.0	0.0	0.0	0.0	0.0	0.0	0.0	0.0	0.0	0.0	0.0	0.0	0.0	0.0	0.0	0.0	0.0	0.0	0.0	0.0	0.0	0.0	0.0	0.0	0.0	0.0
Bacteria;Firmicutes;Bacilli;Bacillales;Staphylococcaceae;Staphylococcus	64.0	19.0	0.0	135.0	32.0	40.0	0.0	277.0	59.0	0.0	0.0	0.0	12.0	20.0	50.0	0.0	50.0	1.0	103.0	99.0	0.0	174.0	0.0	45.0	1.0	37.0	0.0	117.0	29.0	59.0	285.0	158.0	45.0	0.0	1.0	0.0	14.0	0.0	242.0	0.0	31.0	140.0	18.0	0.0	0.0	0.0	154.0	0.0	20.0	1.0	77.0	0.0	438.0	2.0	358.0	54.0	5.0	0.0	1.0	0.0	90.0	46.0	125.0	25.0	0.0	404.0	80.0	0.0	5.0	0.0	1.0	203.0	55.0	9.0	123.0	0.0	0.0	0.0	60.0	0.0	1.0	171.0	0.0	0.0	438.0	0.0	362.0	0.0
Bacteria;Firmicutes;Bacilli;Bacillales;Thermoactinomycetaceae;Other	0.0	0.0	0.0	0.0	0.0	0.0	0.0	0.0	0.0	0.0	0.0	0.0	42.0	1.0	0.0	0.0	10.0	0.0	0.0	0.0	0.0	10.0	0.0	0.0	0.0	754.0	0.0	0.0	0.0	0.0	0.0	0.0	0.0	0.0	0.0	0.0	0.0	0.0	0.0	0.0	72.0	0.0	3.0	0.0	0.0	0.0	0.0	0.0	0.0	0.0	0.0	0.0	0.0	46.0	20.0	0.0	0.0	0.0	0.0	0.0	0.0	0.0	214.0	0.0	0.0	0.0	0.0	0.0	3.0	0.0	40.0	1.0	0.0	0.0	0.0	0.0	0.0	0.0	0.0	0.0	0.0	0.0	0.0	0.0	0.0	0.0	0.0	0.0
Bacteria;Firmicutes;Bacilli;Bacillales;Thermoactinomycetaceae;Planifilum	0.0	63.0	0.0	23.0	0.0	0.0	0.0	106.0	0.0	0.0	0.0	1.0	242.0	246.0	457.0	1.0	10.0	4.0	0.0	39.0	0.0	0.0	0.0	0.0	251.0	3186.0	0.0	0.0	233.0	0.0	289.0	0.0	2.0	277.0	0.0	0.0	0.0	118.0	2.0	0.0	933.0	0.0	1.0	1.0	0.0	0.0	0.0	75.0	0.0	14.0	0.0	0.0	0.0	238.0	245.0	0.0	36.0	73.0	0.0	0.0	0.0	2.0	184.0	0.0	0.0	0.0	33.0	0.0	8.0	0.0	0.0	11.0	77.0	12.0	0.0	0.0	0.0	0.0	0.0	0.0	336.0	0.0	0.0	85.0	1152.0	0.0	0.0	0.0
Bacteria;Firmicutes;Bacilli;Bacillales;Thermoactinomycetaceae;Seinonella	0.0	0.0	0.0	0.0	0.0	0.0	0.0	0.0	0.0	0.0	0.0	0.0	149.0	0.0	0.0	0.0	1.0	0.0	0.0	0.0	0.0	0.0	10.0	0.0	0.0	8.0	0.0	0.0	0.0	0.0	0.0	0.0	0.0	0.0	0.0	0.0	0.0	0.0	0.0	0.0	297.0	0.0	0.0	42.0	0.0	0.0	0.0	0.0	0.0	0.0	0.0	0.0	0.0	0.0	0.0	0.0	0.0	0.0	0.0	0.0	0.0	0.0	0.0	0.0	0.0	0.0	0.0	2.0	17.0	0.0	0.0	0.0	0.0	0.0	0.0	0.0	0.0	0.0	0.0	0.0	0.0	0.0	0.0	0.0	0.0	0.0	0.0	0.0
Bacteria;Firmicutes;Bacilli;Bacillales;Thermoactinomycetaceae;Thermoactinomyces	0.0	0.0	0.0	0.0	0.0	0.0	0.0	0.0	0.0	0.0	0.0	0.0	0.0	0.0	0.0	0.0	0.0	0.0	0.0	0.0	0.0	0.0	0.0	0.0	0.0	0.0	0.0	0.0	91.0	0.0	0.0	0.0	0.0	0.0	0.0	0.0	0.0	0.0	0.0	0.0	0.0	0.0	0.0	0.0	0.0	0.0	0.0	0.0	0.0	0.0	0.0	0.0	64.0	164.0	0.0	0.0	1.0	0.0	0.0	0.0	0.0	0.0	0.0	0.0	0.0	97.0	0.0	0.0	0.0	0.0	0.0	0.0	0.0	0.0	0.0	0.0	0.0	0.0	0.0	0.0	0.0	0.0	0.0	0.0	0.0	0.0	0.0	0.0
Bacteria;Firmicutes;Bacilli;Bacillales;Thermoactinomycetaceae;Thermoflavimicrobium	0.0	0.0	0.0	0.0	0.0	0.0	0.0	0.0	0.0	0.0	0.0	0.0	0.0	0.0	0.0	0.0	0.0	0.0	0.0	0.0	0.0	0.0	0.0	0.0	0.0	0.0	0.0	0.0	0.0	0.0	0.0	0.0	0.0	0.0	0.0	0.0	0.0	0.0	0.0	0.0	9.0	0.0	0.0	0.0	0.0	0.0	0.0	0.0	0.0	0.0	0.0	0.0	0.0	0.0	0.0	0.0	0.0	0.0	0.0	0.0	0.0	0.0	0.0	0.0	0.0	0.0	0.0	0.0	0.0	0.0	0.0	0.0	0.0	0.0	0.0	0.0	0.0	0.0	0.0	0.0	0.0	0.0	0.0	0.0	0.0	0.0	0.0	0.0
Bacteria;Firmicutes;Bacilli;Bacillales;Unclassified;Exiguobacterium	0.0	0.0	0.0	293.0	0.0	0.0	0.0	0.0	0.0	0.0	0.0	0.0	0.0	0.0	0.0	0.0	32.0	0.0	0.0	0.0	0.0	0.0	0.0	0.0	0.0	0.0	0.0	0.0	0.0	0.0	0.0	0.0	0.0	0.0	0.0	54.0	12.0	0.0	0.0	0.0	0.0	1.0	0.0	0.0	0.0	0.0	1.0	1.0	0.0	0.0	0.0	0.0	0.0	0.0	56.0	116.0	0.0	0.0	13.0	0.0	0.0	0.0	0.0	0.0	0.0	0.0	1.0	173.0	0.0	0.0	1.0	40.0	0.0	0.0	0.0	0.0	0.0	0.0	0.0	0.0	0.0	0.0	0.0	0.0	0.0	0.0	33.0	0.0
Bacteria;Firmicutes;Bacilli;Bacillales;Unclassified;Gemella	0.0	0.0	0.0	0.0	0.0	0.0	0.0	0.0	0.0	0.0	0.0	1.0	0.0	0.0	0.0	0.0	6.0	0.0	0.0	0.0	0.0	0.0	0.0	0.0	0.0	0.0	0.0	0.0	0.0	0.0	0.0	0.0	0.0	0.0	0.0	0.0	55.0	0.0	0.0	0.0	13.0	0.0	0.0	0.0	0.0	0.0	0.0	0.0	0.0	0.0	0.0	9.0	0.0	0.0	4.0	0.0	23.0	0.0	0.0	0.0	0.0	0.0	0.0	0.0	0.0	0.0	0.0	0.0	2.0	0.0	0.0	0.0	0.0	0.0	0.0	0.0	0.0	0.0	0.0	0.0	0.0	0.0	0.0	0.0	0.0	0.0	0.0	0.0
Bacteria;Firmicutes;Bacilli;Bacillales;Unclassified;Thermicanus	0.0	0.0	0.0	0.0	0.0	0.0	0.0	22.0	0.0	0.0	0.0	0.0	0.0	0.0	0.0	0.0	0.0	0.0	0.0	0.0	0.0	0.0	0.0	0.0	0.0	904.0	0.0	0.0	0.0	0.0	0.0	0.0	0.0	0.0	0.0	0.0	0.0	0.0	0.0	0.0	0.0	0.0	0.0	0.0	0.0	0.0	0.0	0.0	0.0	0.0	0.0	0.0	0.0	0.0	0.0	0.0	0.0	0.0	0.0	0.0	0.0	0.0	0.0	0.0	0.0	0.0	0.0	0.0	0.0	0.0	0.0	1.0	0.0	0.0	0.0	0.0	0.0	0.0	0.0	0.0	0.0	0.0	0.0	0.0	0.0	0.0	0.0	0.0
Bacteria;Firmicutes;Bacilli;Lactobacillales;Aerococcaceae;Abiotrophia	0.0	0.0	0.0	0.0	0.0	0.0	0.0	1.0	0.0	0.0	0.0	0.0	0.0	0.0	0.0	0.0	27.0	0.0	0.0	0.0	0.0	0.0	0.0	0.0	3.0	0.0	0.0	0.0	0.0	0.0	0.0	0.0	0.0	0.0	0.0	0.0	0.0	0.0	0.0	0.0	0.0	0.0	0.0	0.0	0.0	0.0	0.0	0.0	0.0	0.0	0.0	0.0	0.0	0.0	0.0	0.0	5.0	0.0	0.0	0.0	0.0	0.0	0.0	0.0	0.0	0.0	0.0	0.0	0.0	0.0	0.0	0.0	0.0	3.0	0.0	3.0	0.0	0.0	0.0	0.0	0.0	0.0	0.0	0.0	0.0	0.0	0.0	0.0
Bacteria;Firmicutes;Bacilli;Lactobacillales;Aerococcaceae;Aerococcus	0.0	0.0	0.0	0.0	0.0	0.0	0.0	0.0	0.0	0.0	0.0	0.0	0.0	0.0	0.0	0.0	0.0	0.0	0.0	0.0	0.0	0.0	0.0	0.0	0.0	0.0	0.0	0.0	0.0	0.0	0.0	0.0	0.0	0.0	0.0	0.0	0.0	0.0	0.0	0.0	0.0	0.0	0.0	0.0	15.0	144.0	0.0	1.0	0.0	0.0	0.0	2.0	0.0	0.0	76.0	0.0	0.0	0.0	0.0	0.0	0.0	0.0	0.0	0.0	0.0	0.0	0.0	0.0	0.0	0.0	2.0	323.0	0.0	0.0	0.0	0.0	0.0	1276.0	0.0	0.0	0.0	0.0	0.0	0.0	0.0	264.0	0.0	0.0
Bacteria;Firmicutes;Bacilli;Lactobacillales;Aerococcaceae;Facklamia	0.0	0.0	0.0	0.0	0.0	0.0	0.0	0.0	0.0	0.0	0.0	0.0	0.0	0.0	0.0	0.0	0.0	0.0	0.0	0.0	0.0	0.0	0.0	0.0	0.0	0.0	0.0	0.0	0.0	0.0	0.0	0.0	0.0	0.0	0.0	0.0	0.0	0.0	0.0	179.0	0.0	0.0	0.0	0.0	0.0	0.0	0.0	0.0	0.0	0.0	0.0	0.0	0.0	0.0	0.0	0.0	0.0	0.0	0.0	0.0	0.0	0.0	0.0	0.0	0.0	0.0	0.0	0.0	0.0	0.0	0.0	0.0	0.0	0.0	0.0	0.0	0.0	0.0	0.0	0.0	0.0	0.0	0.0	0.0	0.0	0.0	0.0	0.0
Bacteria;Firmicutes;Bacilli;Lactobacillales;Carnobacteriaceae;Alloiococcus	0.0	0.0	0.0	0.0	0.0	0.0	0.0	0.0	0.0	0.0	0.0	0.0	0.0	0.0	0.0	0.0	0.0	0.0	0.0	0.0	0.0	0.0	0.0	0.0	0.0	0.0	0.0	0.0	0.0	0.0	0.0	0.0	0.0	0.0	0.0	0.0	0.0	0.0	0.0	0.0	0.0	0.0	0.0	0.0	0.0	0.0	0.0	0.0	0.0	0.0	0.0	0.0	0.0	0.0	86.0	0.0	0.0	0.0	0.0	0.0	0.0	0.0	0.0	0.0	0.0	0.0	0.0	0.0	0.0	0.0	0.0	0.0	110.0	0.0	0.0	0.0	0.0	0.0	0.0	0.0	0.0	0.0	0.0	0.0	0.0	0.0	0.0	0.0
Bacteria;Firmicutes;Bacilli;Lactobacillales;Carnobacteriaceae;Atopostipes	0.0	0.0	0.0	0.0	0.0	0.0	0.0	0.0	0.0	0.0	0.0	0.0	0.0	0.0	0.0	0.0	0.0	0.0	0.0	0.0	0.0	0.0	0.0	0.0	0.0	0.0	0.0	0.0	0.0	0.0	0.0	0.0	0.0	0.0	0.0	0.0	0.0	0.0	0.0	0.0	0.0	0.0	0.0	0.0	0.0	0.0	0.0	0.0	0.0	0.0	0.0	26.0	0.0	0.0	0.0	0.0	0.0	0.0	0.0	0.0	0.0	0.0	0.0	0.0	0.0	0.0	0.0	0.0	0.0	0.0	0.0	0.0	0.0	0.0	0.0	0.0	0.0	0.0	0.0	0.0	0.0	0.0	0.0	0.0	0.0	0.0	0.0	0.0
Bacteria;Firmicutes;Bacilli;Lactobacillales;Carnobacteriaceae;Dolosigranulum	0.0	0.0	0.0	0.0	0.0	0.0	0.0	0.0	0.0	0.0	0.0	0.0	0.0	0.0	0.0	0.0	0.0	0.0	0.0	0.0	0.0	0.0	4.0	0.0	0.0	0.0	0.0	0.0	46.0	0.0	0.0	0.0	0.0	0.0	0.0	0.0	0.0	0.0	0.0	0.0	0.0	0.0	0.0	0.0	0.0	0.0	0.0	0.0	0.0	0.0	0.0	0.0	0.0	0.0	69.0	0.0	0.0	0.0	0.0	0.0	0.0	0.0	0.0	0.0	0.0	0.0	0.0	0.0	0.0	0.0	0.0	0.0	0.0	0.0	0.0	0.0	0.0	0.0	0.0	0.0	0.0	0.0	1.0	0.0	0.0	0.0	0.0	281.0
Bacteria;Firmicutes;Bacilli;Lactobacillales;Carnobacteriaceae;Granulicatella	18.0	0.0	0.0	13.0	0.0	0.0	0.0	0.0	0.0	0.0	0.0	9.0	1.0	0.0	0.0	0.0	45.0	0.0	0.0	0.0	0.0	0.0	80.0	0.0	0.0	0.0	0.0	0.0	0.0	0.0	0.0	0.0	0.0	0.0	6.0	0.0	0.0	0.0	0.0	0.0	0.0	0.0	23.0	0.0	0.0	0.0	0.0	0.0	0.0	0.0	0.0	0.0	0.0	0.0	0.0	27.0	0.0	0.0	13.0	0.0	0.0	0.0	0.0	0.0	0.0	0.0	0.0	0.0	1.0	0.0	0.0	0.0	0.0	0.0	0.0	0.0	0.0	0.0	0.0	0.0	0.0	0.0	0.0	0.0	0.0	0.0	0.0	0.0
Bacteria;Firmicutes;Bacilli;Lactobacillales;Carnobacteriaceae;Trichococcus	0.0	0.0	0.0	0.0	0.0	0.0	0.0	0.0	0.0	0.0	17.0	0.0	0.0	0.0	0.0	0.0	0.0	0.0	0.0	0.0	0.0	0.0	0.0	0.0	0.0	1.0	0.0	0.0	0.0	0.0	0.0	0.0	0.0	0.0	0.0	0.0	0.0	0.0	0.0	0.0	0.0	38.0	0.0	0.0	0.0	0.0	0.0	0.0	0.0	0.0	0.0	0.0	0.0	0.0	0.0	0.0	0.0	0.0	0.0	0.0	77.0	0.0	0.0	0.0	0.0	0.0	0.0	0.0	0.0	0.0	0.0	0.0	0.0	70.0	0.0	0.0	0.0	0.0	0.0	0.0	0.0	0.0	0.0	2.0	0.0	0.0	0.0	0.0
Bacteria;Firmicutes;Bacilli;Lactobacillales;Enterococcaceae;Enterococcus	0.0	11.0	56.0	250.0	77.0	0.0	0.0	142.0	0.0	362.0	17.0	2.0	34.0	18.0	0.0	0.0	48.0	3.0	2.0	1.0	0.0	160.0	30.0	279.0	0.0	87.0	0.0	0.0	102.0	113.0	226.0	243.0	83.0	267.0	3.0	23.0	24.0	294.0	182.0	0.0	178.0	286.0	55.0	62.0	0.0	0.0	339.0	0.0	0.0	23.0	141.0	105.0	143.0	0.0	180.0	36.0	12.0	262.0	70.0	10.0	0.0	86.0	192.0	291.0	0.0	0.0	80.0	0.0	116.0	158.0	205.0	0.0	245.0	225.0	52.0	0.0	157.0	1.0	0.0	81.0	0.0	207.0	0.0	245.0	0.0	0.0	332.0	172.0
Bacteria;Firmicutes;Bacilli;Lactobacillales;Lactobacillaceae;Lactobacillus	214.0	633.0	438.0	270.0	129.0	86.0	15.0	0.0	0.0	331.0	23.0	59.0	18.0	271.0	0.0	741.0	93.0	30.0	0.0	153.0	7.0	674.0	83.0	317.0	18.0	178.0	0.0	0.0	184.0	106.0	435.0	112.0	201.0	459.0	137.0	0.0	208.0	209.0	491.0	252.0	116.0	77.0	40.0	460.0	0.0	0.0	2.0	226.0	2.0	111.0	199.0	304.0	0.0	274.0	599.0	120.0	356.0	83.0	61.0	202.0	157.0	6.0	55.0	1063.0	1.0	3.0	105.0	95.0	483.0	88.0	68.0	1.0	392.0	484.0	111.0	2.0	184.0	2.0	123.0	0.0	0.0	285.0	1.0	105.0	22.0	0.0	86.0	0.0
Bacteria;Firmicutes;Bacilli;Lactobacillales;Lactobacillaceae;Pediococcus	0.0	0.0	0.0	0.0	0.0	0.0	0.0	0.0	0.0	0.0	0.0	0.0	0.0	0.0	0.0	0.0	0.0	0.0	0.0	0.0	0.0	0.0	0.0	0.0	0.0	0.0	0.0	0.0	0.0	0.0	0.0	0.0	0.0	0.0	0.0	0.0	0.0	0.0	0.0	0.0	0.0	0.0	0.0	0.0	0.0	0.0	0.0	0.0	0.0	0.0	0.0	0.0	0.0	0.0	0.0	0.0	0.0	0.0	0.0	0.0	0.0	0.0	0.0	0.0	0.0	0.0	0.0	0.0	15.0	0.0	0.0	0.0	0.0	0.0	0.0	0.0	0.0	0.0	0.0	0.0	0.0	0.0	0.0	0.0	0.0	0.0	0.0	0.0
Bacteria;Firmicutes;Bacilli;Lactobacillales;Leuconostocaceae;Leuconostoc	0.0	0.0	0.0	2.0	0.0	0.0	0.0	0.0	0.0	0.0	0.0	3.0	0.0	2.0	0.0	0.0	0.0	0.0	0.0	0.0	0.0	0.0	0.0	13.0	0.0	10.0	0.0	0.0	0.0	0.0	0.0	0.0	0.0	0.0	0.0	0.0	0.0	3.0	0.0	0.0	0.0	0.0	4.0	3.0	0.0	0.0	0.0	76.0	0.0	0.0	0.0	0.0	0.0	0.0	0.0	2.0	0.0	0.0	0.0	0.0	36.0	0.0	0.0	0.0	0.0	0.0	0.0	0.0	0.0	0.0	0.0	0.0	0.0	0.0	0.0	0.0	0.0	0.0	0.0	0.0	0.0	0.0	0.0	0.0	0.0	0.0	0.0	0.0
Bacteria;Firmicutes;Bacilli;Lactobacillales;Leuconostocaceae;Weissella	0.0	0.0	0.0	0.0	0.0	0.0	0.0	0.0	0.0	0.0	0.0	7.0	2.0	0.0	0.0	0.0	0.0	0.0	0.0	0.0	0.0	0.0	0.0	0.0	0.0	0.0	0.0	0.0	0.0	0.0	0.0	0.0	0.0	50.0	0.0	69.0	0.0	0.0	0.0	0.0	0.0	0.0	0.0	0.0	0.0	0.0	0.0	0.0	0.0	0.0	0.0	0.0	0.0	0.0	0.0	0.0	6.0	22.0	0.0	0.0	0.0	0.0	0.0	0.0	0.0	0.0	0.0	0.0	1.0	0.0	0.0	0.0	0.0	0.0	0.0	0.0	0.0	0.0	0.0	0.0	0.0	0.0	0.0	0.0	0.0	0.0	0.0	0.0
Bacteria;Firmicutes;Bacilli;Lactobacillales;Streptococcaceae;Lactococcus	0.0	177.0	7.0	22.0	0.0	0.0	0.0	69.0	0.0	0.0	1.0	15.0	0.0	31.0	0.0	0.0	13.0	0.0	163.0	0.0	0.0	0.0	0.0	162.0	0.0	50.0	0.0	0.0	0.0	203.0	3.0	0.0	0.0	123.0	171.0	0.0	0.0	2.0	0.0	449.0	0.0	0.0	0.0	18.0	0.0	83.0	0.0	2.0	0.0	0.0	14.0	0.0	0.0	0.0	204.0	0.0	139.0	0.0	22.0	1.0	0.0	9.0	3.0	88.0	0.0	1.0	16.0	0.0	31.0	0.0	0.0	0.0	42.0	0.0	0.0	530.0	53.0	0.0	6.0	0.0	0.0	0.0	0.0	28.0	0.0	0.0	5.0	0.0
Bacteria;Firmicutes;Bacilli;Lactobacillales;Streptococcaceae;Streptococcus	401.0	281.0	747.0	874.0	442.0	628.0	35.0	747.0	588.0	214.0	235.0	1164.0	79.0	1084.0	573.0	1504.0	413.0	178.0	552.0	774.0	274.0	449.0	426.0	839.0	2.0	379.0	619.0	1164.0	733.0	329.0	1429.0	482.0	1639.0	2217.0	781.0	565.0	655.0	187.0	1031.0	417.0	273.0	104.0	481.0	436.0	0.0	73.0	97.0	1432.0	290.0	632.0	1603.0	1028.0	930.0	294.0	733.0	402.0	975.0	1264.0	558.0	525.0	450.0	20.0	644.0	1049.0	92.0	17.0	436.0	249.0	743.0	653.0	751.0	521.0	442.0	486.0	216.0	198.0	353.0	35.0	106.0	265.0	1.0	1595.0	388.0	969.0	255.0	123.0	3863.0	350.0
Bacteria;Firmicutes;Bacilli;Other;Other;Other	0.0	0.0	0.0	0.0	0.0	0.0	0.0	0.0	0.0	0.0	0.0	0.0	24.0	0.0	0.0	0.0	0.0	0.0	0.0	0.0	0.0	0.0	0.0	0.0	0.0	0.0	0.0	0.0	0.0	0.0	0.0	0.0	0.0	0.0	0.0	0.0	0.0	0.0	0.0	0.0	46.0	1.0	0.0	0.0	0.0	0.0	0.0	0.0	0.0	0.0	0.0	0.0	0.0	0.0	32.0	0.0	10.0	0.0	0.0	0.0	0.0	0.0	0.0	0.0	0.0	0.0	0.0	0.0	6.0	0.0	0.0	0.0	0.0	0.0	0.0	0.0	21.0	0.0	0.0	0.0	0.0	0.0	0.0	0.0	0.0	0.0	0.0	0.0
Bacteria;Firmicutes;Clostridia;Clostridiales;Christensenellaceae;Christensenella	0.0	0.0	0.0	0.0	0.0	0.0	104.0	0.0	0.0	0.0	5.0	6.0	0.0	0.0	0.0	0.0	0.0	0.0	0.0	0.0	0.0	0.0	0.0	26.0	0.0	0.0	0.0	0.0	0.0	0.0	0.0	0.0	0.0	0.0	0.0	0.0	0.0	0.0	90.0	0.0	0.0	0.0	0.0	0.0	0.0	0.0	0.0	0.0	0.0	0.0	0.0	0.0	0.0	0.0	0.0	0.0	32.0	0.0	0.0	0.0	0.0	0.0	41.0	1.0	0.0	0.0	0.0	0.0	0.0	0.0	0.0	0.0	0.0	0.0	0.0	0.0	0.0	0.0	0.0	0.0	0.0	0.0	0.0	204.0	0.0	0.0	0.0	0.0
Bacteria;Firmicutes;Clostridia;Clostridiales;Christensenellaceae;Other	0.0	47.0	0.0	34.0	29.0	0.0	0.0	31.0	0.0	0.0	4.0	377.0	12.0	1.0	0.0	55.0	102.0	285.0	354.0	2.0	0.0	0.0	280.0	1.0	0.0	151.0	0.0	43.0	0.0	0.0	0.0	54.0	0.0	155.0	81.0	0.0	218.0	0.0	37.0	0.0	28.0	0.0	16.0	22.0	0.0	0.0	163.0	16.0	0.0	0.0	143.0	0.0	0.0	2.0	0.0	112.0	845.0	76.0	192.0	0.0	256.0	33.0	188.0	568.0	0.0	3.0	60.0	27.0	666.0	204.0	132.0	1.0	19.0	0.0	0.0	2.0	306.0	0.0	350.0	0.0	0.0	138.0	52.0	202.0	0.0	160.0	1.0	0.0
Bacteria;Firmicutes;Clostridia;Clostridiales;Christensenellaceae;Unclassified	0.0	0.0	0.0	0.0	0.0	0.0	0.0	0.0	0.0	0.0	0.0	8.0	0.0	0.0	0.0	0.0	0.0	0.0	0.0	0.0	0.0	0.0	0.0	0.0	0.0	0.0	0.0	0.0	0.0	0.0	0.0	0.0	0.0	0.0	0.0	0.0	0.0	0.0	0.0	0.0	0.0	0.0	0.0	0.0	0.0	0.0	0.0	0.0	0.0	0.0	0.0	0.0	0.0	0.0	0.0	0.0	5.0	0.0	0.0	0.0	0.0	0.0	0.0	0.0	0.0	0.0	0.0	0.0	0.0	0.0	0.0	0.0	0.0	0.0	0.0	0.0	0.0	0.0	0.0	0.0	0.0	0.0	0.0	0.0	0.0	0.0	0.0	0.0
Bacteria;Firmicutes;Clostridia;Clostridiales;Defluviitaleaceae;Other	0.0	0.0	0.0	0.0	0.0	223.0	167.0	0.0	0.0	0.0	35.0	61.0	11.0	124.0	0.0	0.0	0.0	0.0	0.0	0.0	1.0	0.0	0.0	83.0	0.0	0.0	0.0	0.0	0.0	0.0	0.0	0.0	0.0	44.0	69.0	0.0	0.0	0.0	1.0	0.0	0.0	0.0	0.0	0.0	0.0	0.0	0.0	0.0	6.0	0.0	32.0	0.0	0.0	0.0	0.0	34.0	68.0	0.0	0.0	0.0	0.0	0.0	0.0	75.0	0.0	0.0	0.0	0.0	43.0	0.0	4.0	0.0	8.0	0.0	0.0	0.0	0.0	0.0	0.0	0.0	0.0	0.0	0.0	0.0	0.0	0.0	0.0	0.0
Bacteria;Firmicutes;Clostridia;Clostridiales;Defluviitaleaceae;Unclassified	0.0	0.0	0.0	0.0	0.0	34.0	0.0	0.0	0.0	121.0	0.0	101.0	4.0	106.0	0.0	0.0	21.0	0.0	0.0	0.0	0.0	0.0	48.0	79.0	0.0	0.0	0.0	0.0	0.0	0.0	0.0	1.0	85.0	0.0	0.0	0.0	67.0	0.0	0.0	0.0	19.0	0.0	3.0	0.0	0.0	0.0	0.0	0.0	0.0	0.0	0.0	0.0	0.0	0.0	0.0	0.0	100.0	0.0	30.0	0.0	227.0	2.0	170.0	0.0	0.0	0.0	27.0	90.0	24.0	96.0	1.0	60.0	226.0	99.0	0.0	0.0	0.0	0.0	0.0	0.0	0.0	302.0	0.0	10.0	0.0	0.0	10.0	0.0
Bacteria;Firmicutes;Clostridia;Clostridiales;Eubacteriaceae;Anaerofustis	0.0	0.0	0.0	0.0	0.0	0.0	0.0	0.0	0.0	0.0	0.0	0.0	0.0	0.0	0.0	0.0	0.0	0.0	0.0	0.0	0.0	0.0	0.0	0.0	0.0	0.0	0.0	0.0	0.0	0.0	0.0	0.0	0.0	0.0	0.0	0.0	0.0	0.0	0.0	0.0	0.0	59.0	0.0	0.0	0.0	0.0	0.0	0.0	0.0	0.0	0.0	0.0	0.0	0.0	0.0	0.0	0.0	0.0	0.0	0.0	0.0	0.0	0.0	0.0	0.0	0.0	0.0	0.0	0.0	0.0	0.0	0.0	0.0	0.0	0.0	0.0	0.0	0.0	0.0	0.0	0.0	0.0	0.0	0.0	0.0	0.0	0.0	0.0
Bacteria;Firmicutes;Clostridia;Clostridiales;Eubacteriaceae;Eubacterium	0.0	0.0	0.0	1.0	0.0	0.0	0.0	0.0	0.0	0.0	0.0	0.0	0.0	0.0	0.0	2.0	0.0	0.0	0.0	0.0	0.0	0.0	0.0	0.0	219.0	0.0	0.0	0.0	178.0	0.0	0.0	0.0	0.0	0.0	0.0	0.0	0.0	0.0	0.0	0.0	0.0	0.0	2.0	0.0	0.0	0.0	0.0	0.0	0.0	0.0	0.0	0.0	0.0	0.0	0.0	0.0	0.0	0.0	0.0	0.0	0.0	0.0	139.0	0.0	0.0	0.0	0.0	0.0	0.0	0.0	0.0	0.0	0.0	0.0	0.0	0.0	0.0	0.0	0.0	0.0	0.0	0.0	0.0	0.0	0.0	0.0	0.0	0.0
Bacteria;Firmicutes;Clostridia;Clostridiales;Lachnospiraceae;Anaerosporobacter	0.0	0.0	0.0	18.0	0.0	0.0	0.0	0.0	0.0	0.0	0.0	493.0	19.0	38.0	0.0	278.0	105.0	3.0	1.0	55.0	0.0	0.0	0.0	80.0	222.0	7.0	0.0	0.0	395.0	2.0	259.0	0.0	3.0	191.0	225.0	0.0	137.0	67.0	10.0	0.0	3.0	0.0	0.0	0.0	0.0	1.0	0.0	0.0	0.0	0.0	185.0	0.0	0.0	0.0	0.0	36.0	193.0	174.0	77.0	21.0	0.0	0.0	138.0	42.0	0.0	0.0	127.0	0.0	223.0	27.0	897.0	2.0	15.0	0.0	0.0	0.0	6.0	0.0	0.0	1.0	0.0	116.0	26.0	126.0	0.0	0.0	0.0	0.0
Bacteria;Firmicutes;Clostridia;Clostridiales;Lachnospiraceae;Anaerostipes	205.0	634.0	1336.0	573.0	330.0	0.0	347.0	832.0	78.0	0.0	68.0	373.0	155.0	424.0	2.0	223.0	816.0	134.0	735.0	582.0	241.0	45.0	257.0	377.0	60.0	44.0	372.0	660.0	5.0	1200.0	146.0	74.0	275.0	98.0	341.0	643.0	834.0	15.0	676.0	684.0	126.0	173.0	1328.0	314.0	470.0	261.0	239.0	142.0	1516.0	1317.0	456.0	0.0	0.0	250.0	339.0	1101.0	375.0	597.0	808.0	475.0	604.0	9.0	997.0	601.0	0.0	13.0	938.0	94.0	718.0	825.0	44.0	159.0	385.0	438.0	0.0	50.0	247.0	73.0	211.0	113.0	174.0	821.0	1424.0	259.0	0.0	94.0	765.0	148.0
Bacteria;Firmicutes;Clostridia;Clostridiales;Lachnospiraceae;Blautia	1448.0	2556.0	4437.0	4664.0	4432.0	192.0	780.0	2561.0	955.0	2810.0	628.0	3108.0	768.0	3058.0	1931.0	1298.0	3773.0	2445.0	4486.0	2581.0	2823.0	1289.0	1916.0	2311.0	1843.0	830.0	716.0	3264.0	1285.0	2893.0	4144.0	2214.0	4022.0	3309.0	1732.0	686.0	2885.0	3454.0	2449.0	2441.0	1034.0	1717.0	4441.0	1763.0	443.0	928.0	2492.0	2426.0	4104.0	3384.0	5634.0	2542.0	367.0	1541.0	1123.0	4792.0	3807.0	4091.0	3908.0	4012.0	2004.0	518.0	709.0	3054.0	410.0	357.0	5273.0	1166.0	4553.0	3567.0	2076.0	544.0	3106.0	2684.0	664.0	3416.0	1207.0	1330.0	3680.0	874.0	2010.0	2985.0	3588.0	4334.0	896.0	1155.0	2963.0	1508.0
Bacteria;Firmicutes;Clostridia;Clostridiales;Lachnospiraceae;Catonella	0.0	0.0	0.0	0.0	0.0	0.0	0.0	0.0	0.0	0.0	0.0	0.0	0.0	0.0	0.0	0.0	0.0	0.0	0.0	0.0	0.0	0.0	0.0	0.0	0.0	0.0	0.0	0.0	0.0	0.0	0.0	0.0	0.0	0.0	0.0	0.0	0.0	0.0	0.0	0.0	0.0	0.0	0.0	0.0	0.0	0.0	0.0	0.0	0.0	0.0	0.0	0.0	0.0	0.0	0.0	0.0	0.0	0.0	0.0	0.0	0.0	0.0	0.0	0.0	0.0	0.0	214.0	0.0	0.0	0.0	0.0	0.0	0.0	0.0	0.0	0.0	0.0	0.0	0.0	0.0	0.0	0.0	0.0	0.0	0.0	0.0	0.0	0.0
Bacteria;Firmicutes;Clostridia;Clostridiales;Lachnospiraceae;Cellulosilyticum	0.0	0.0	0.0	0.0	0.0	0.0	0.0	0.0	0.0	0.0	0.0	7.0	0.0	0.0	0.0	0.0	0.0	0.0	0.0	0.0	0.0	0.0	0.0	0.0	0.0	0.0	0.0	0.0	0.0	0.0	0.0	0.0	28.0	0.0	0.0	0.0	0.0	0.0	0.0	0.0	0.0	0.0	0.0	0.0	0.0	0.0	0.0	0.0	0.0	0.0	0.0	0.0	0.0	0.0	0.0	0.0	0.0	0.0	0.0	0.0	0.0	0.0	0.0	0.0	0.0	0.0	0.0	0.0	0.0	0.0	0.0	0.0	0.0	0.0	0.0	0.0	0.0	0.0	0.0	0.0	0.0	0.0	0.0	0.0	0.0	0.0	0.0	0.0
Bacteria;Firmicutes;Clostridia;Clostridiales;Lachnospiraceae;Coprococcus	145.0	713.0	1907.0	554.0	3244.0	0.0	421.0	449.0	707.0	728.0	23.0	528.0	222.0	524.0	171.0	21.0	1687.0	151.0	767.0	391.0	1099.0	38.0	225.0	410.0	169.0	43.0	4.0	1347.0	1.0	1350.0	107.0	4.0	754.0	241.0	181.0	179.0	875.0	187.0	237.0	1.0	53.0	758.0	1638.0	37.0	284.0	1.0	25.0	396.0	2208.0	1015.0	822.0	0.0	0.0	271.0	170.0	753.0	314.0	400.0	925.0	222.0	0.0	24.0	257.0	592.0	0.0	624.0	958.0	97.0	266.0	50.0	179.0	113.0	357.0	140.0	0.0	213.0	202.0	190.0	501.0	3.0	84.0	411.0	1878.0	346.0	0.0	0.0	781.0	91.0
Bacteria;Firmicutes;Clostridia;Clostridiales;Lachnospiraceae;Dorea	39.0	1527.0	1074.0	539.0	277.0	1.0	186.0	353.0	137.0	2.0	45.0	428.0	71.0	261.0	54.0	395.0	396.0	307.0	206.0	527.0	354.0	163.0	190.0	268.0	1.0	20.0	0.0	581.0	331.0	222.0	219.0	339.0	386.0	298.0	242.0	134.0	124.0	374.0	103.0	309.0	141.0	288.0	524.0	605.0	496.0	0.0	558.0	825.0	516.0	407.0	202.0	57.0	0.0	159.0	245.0	261.0	469.0	412.0	540.0	296.0	338.0	201.0	475.0	870.0	0.0	2.0	526.0	43.0	336.0	436.0	112.0	460.0	465.0	248.0	93.0	597.0	103.0	15.0	352.0	360.0	417.0	0.0	605.0	125.0	303.0	0.0	310.0	0.0
Bacteria;Firmicutes;Clostridia;Clostridiales;Lachnospiraceae;Lachnoanaerobaculum	0.0	0.0	0.0	0.0	0.0	0.0	0.0	0.0	0.0	0.0	0.0	2.0	0.0	0.0	0.0	0.0	0.0	0.0	14.0	0.0	0.0	0.0	0.0	0.0	0.0	0.0	0.0	0.0	0.0	0.0	0.0	0.0	0.0	0.0	0.0	0.0	0.0	0.0	0.0	0.0	0.0	0.0	0.0	0.0	0.0	0.0	0.0	0.0	0.0	0.0	0.0	0.0	0.0	0.0	0.0	0.0	3.0	0.0	0.0	0.0	0.0	0.0	0.0	0.0	0.0	0.0	0.0	0.0	0.0	0.0	0.0	0.0	0.0	0.0	0.0	0.0	0.0	0.0	0.0	0.0	0.0	0.0	0.0	0.0	0.0	0.0	0.0	0.0
Bacteria;Firmicutes;Clostridia;Clostridiales;Lachnospiraceae;Lachnospira	221.0	279.0	432.0	910.0	65.0	292.0	32.0	371.0	10.0	496.0	128.0	2174.0	152.0	560.0	379.0	452.0	1064.0	427.0	405.0	516.0	228.0	204.0	244.0	535.0	278.0	138.0	919.0	152.0	168.0	913.0	415.0	61.0	685.0	578.0	1104.0	0.0	1054.0	890.0	213.0	253.0	113.0	72.0	687.0	505.0	261.0	0.0	126.0	298.0	269.0	510.0	1059.0	49.0	0.0	7.0	140.0	1839.0	1031.0	807.0	1280.0	174.0	345.0	26.0	160.0	116.0	1.0	12.0	1196.0	93.0	1265.0	593.0	1116.0	188.0	181.0	2013.0	0.0	4.0	394.0	0.0	58.0	23.0	357.0	213.0	1003.0	862.0	0.0	0.0	858.0	8.0
Bacteria;Firmicutes;Clostridia;Clostridiales;Lachnospiraceae;Marvinbryantia	0.0	0.0	0.0	85.0	0.0	0.0	0.0	191.0	0.0	0.0	0.0	195.0	0.0	0.0	0.0	0.0	39.0	0.0	56.0	109.0	0.0	15.0	0.0	285.0	494.0	3.0	36.0	47.0	0.0	0.0	269.0	0.0	35.0	0.0	15.0	0.0	0.0	190.0	1.0	0.0	3.0	0.0	0.0	0.0	0.0	0.0	66.0	149.0	0.0	0.0	139.0	0.0	0.0	7.0	1.0	126.0	60.0	209.0	88.0	28.0	0.0	9.0	0.0	3.0	0.0	1.0	75.0	66.0	155.0	248.0	99.0	1.0	170.0	105.0	0.0	0.0	0.0	9.0	0.0	0.0	1.0	918.0	0.0	486.0	0.0	77.0	96.0	0.0
Bacteria;Firmicutes;Clostridia;Clostridiales;Lachnospiraceae;Other	889.0	316.0	125.0	1277.0	153.0	390.0	453.0	1572.0	1089.0	956.0	131.0	2136.0	185.0	1332.0	57.0	2074.0	612.0	703.0	595.0	845.0	328.0	701.0	1360.0	2256.0	1571.0	257.0	821.0	121.0	773.0	805.0	918.0	61.0	915.0	1332.0	1299.0	1.0	1065.0	796.0	1426.0	832.0	793.0	255.0	676.0	758.0	894.0	123.0	1002.0	1112.0	719.0	257.0	1619.0	245.0	297.0	395.0	3611.0	725.0	1577.0	2357.0	1149.0	1814.0	273.0	1064.0	94.0	1132.0	327.0	567.0	1130.0	519.0	2260.0	1598.0	989.0	667.0	1018.0	1858.0	967.0	302.0	699.0	343.0	717.0	995.0	143.0	996.0	671.0	2011.0	356.0	248.0	729.0	63.0
Bacteria;Firmicutes;Clostridia;Clostridiales;Lachnospiraceae;Pseudobutyrivibrio	867.0	5505.0	6453.0	2891.0	5946.0	297.0	332.0	1105.0	374.0	2182.0	73.0	4846.0	1646.0	2893.0	742.0	574.0	8140.0	2128.0	7957.0	2593.0	3516.0	411.0	719.0	2355.0	992.0	267.0	591.0	5769.0	538.0	6474.0	1769.0	428.0	5998.0	1344.0	4744.0	3664.0	4235.0	880.0	1153.0	2234.0	599.0	2035.0	8437.0	967.0	1140.0	500.0	1044.0	1581.0	10494.0	4330.0	4784.0	1223.0	862.0	897.0	1335.0	4423.0	4035.0	2438.0	6249.0	1870.0	1507.0	84.0	2237.0	1806.0	475.0	390.0	6424.0	687.0	4349.0	2009.0	4255.0	2436.0	1473.0	1902.0	82.0	3474.0	928.0	1050.0	4655.0	41.0	4904.0	1405.0	9373.0	2734.0	140.0	272.0	2791.0	1185.0
Bacteria;Firmicutes;Clostridia;Clostridiales;Lachnospiraceae;Roseburia	44.0	225.0	511.0	665.0	538.0	0.0	210.0	396.0	283.0	81.0	3.0	1704.0	128.0	820.0	282.0	271.0	476.0	449.0	373.0	400.0	49.0	32.0	553.0	475.0	417.0	362.0	131.0	78.0	245.0	277.0	700.0	849.0	495.0	597.0	804.0	343.0	860.0	231.0	1054.0	129.0	189.0	180.0	486.0	498.0	0.0	0.0	3.0	264.0	491.0	1043.0	338.0	783.0	265.0	107.0	509.0	372.0	1460.0	675.0	672.0	251.0	223.0	591.0	232.0	1073.0	183.0	1.0	698.0	114.0	1495.0	867.0	586.0	296.0	513.0	879.0	247.0	152.0	356.0	361.0	538.0	521.0	692.0	87.0	246.0	799.0	515.0	0.0	537.0	289.0
Bacteria;Firmicutes;Clostridia;Clostridiales;Lachnospiraceae;Unclassified	187.0	3617.0	3504.0	4869.0	4065.0	186.0	1034.0	1323.0	1718.0	932.0	185.0	3795.0	842.0	4340.0	925.0	1644.0	6318.0	2120.0	4242.0	2198.0	3035.0	220.0	1614.0	2225.0	1577.0	566.0	404.0	3534.0	351.0	4144.0	3159.0	1793.0	3965.0	1566.0	2091.0	883.0	3162.0	1259.0	1774.0	2356.0	484.0	3046.0	7138.0	1149.0	1666.0	620.0	1873.0	2016.0	7647.0	2586.0	3288.0	1175.0	419.0	1006.0	2288.0	5167.0	2451.0	2187.0	5516.0	2120.0	1399.0	78.0	208.0	2676.0	1602.0	62.0	6134.0	272.0	3545.0	2146.0	1492.0	2286.0	1868.0	1966.0	90.0	1480.0	1323.0	644.0	3166.0	214.0	3109.0	690.0	6206.0	2497.0	1000.0	540.0	5379.0	1368.0
Bacteria;Firmicutes;Clostridia;Clostridiales;Other;Other	152.0	235.0	118.0	501.0	50.0	1.0	0.0	52.0	0.0	0.0	0.0	718.0	57.0	561.0	0.0	291.0	198.0	0.0	129.0	71.0	0.0	0.0	351.0	71.0	0.0	115.0	0.0	25.0	129.0	282.0	138.0	0.0	275.0	1.0	107.0	0.0	24.0	140.0	197.0	38.0	106.0	8.0	47.0	0.0	0.0	0.0	37.0	216.0	164.0	141.0	145.0	0.0	0.0	190.0	206.0	162.0	261.0	69.0	200.0	809.0	10.0	7.0	116.0	285.0	1480.0	0.0	40.0	49.0	237.0	11.0	77.0	680.0	40.0	429.0	0.0	1.0	221.0	14.0	494.0	16.0	0.0	782.0	63.0	124.0	0.0	0.0	484.0	38.0
Bacteria;Firmicutes;Clostridia;Clostridiales;Peptococcaceae;Desulfotomaculum	0.0	0.0	0.0	0.0	0.0	0.0	0.0	0.0	0.0	0.0	0.0	0.0	0.0	0.0	0.0	0.0	0.0	0.0	0.0	0.0	0.0	0.0	0.0	0.0	0.0	0.0	0.0	0.0	0.0	0.0	0.0	0.0	0.0	0.0	0.0	0.0	0.0	0.0	0.0	0.0	0.0	0.0	0.0	0.0	0.0	0.0	0.0	0.0	0.0	0.0	0.0	0.0	0.0	0.0	0.0	0.0	0.0	0.0	0.0	0.0	0.0	0.0	0.0	0.0	0.0	0.0	0.0	0.0	0.0	0.0	63.0	0.0	0.0	0.0	0.0	0.0	0.0	0.0	0.0	0.0	0.0	0.0	0.0	0.0	0.0	0.0	0.0	0.0
Bacteria;Firmicutes;Clostridia;Clostridiales;Peptococcaceae;Other	0.0	0.0	0.0	0.0	0.0	0.0	0.0	0.0	0.0	0.0	0.0	0.0	0.0	0.0	0.0	0.0	0.0	0.0	0.0	0.0	0.0	0.0	0.0	0.0	0.0	0.0	0.0	0.0	0.0	0.0	0.0	0.0	0.0	0.0	0.0	0.0	0.0	0.0	0.0	0.0	0.0	0.0	0.0	0.0	0.0	0.0	0.0	0.0	0.0	0.0	0.0	0.0	0.0	0.0	0.0	0.0	13.0	0.0	0.0	0.0	0.0	0.0	0.0	0.0	0.0	0.0	0.0	0.0	1.0	0.0	0.0	0.0	0.0	0.0	0.0	0.0	0.0	0.0	0.0	0.0	0.0	0.0	0.0	0.0	0.0	0.0	0.0	0.0
Bacteria;Firmicutes;Clostridia;Clostridiales;Peptostreptococcaceae;Other	183.0	1117.0	1773.0	1421.0	635.0	0.0	0.0	587.0	295.0	79.0	0.0	402.0	113.0	804.0	142.0	267.0	1414.0	464.0	741.0	240.0	182.0	0.0	231.0	116.0	6.0	334.0	0.0	862.0	4.0	977.0	29.0	73.0	451.0	178.0	261.0	538.0	806.0	242.0	434.0	562.0	70.0	263.0	1068.0	568.0	0.0	0.0	288.0	289.0	1622.0	1786.0	677.0	1153.0	394.0	193.0	543.0	810.0	405.0	3.0	956.0	32.0	725.0	14.0	0.0	15.0	351.0	781.0	475.0	3.0	565.0	257.0	615.0	663.0	15.0	294.0	0.0	247.0	1.0	5.0	130.0	148.0	779.0	192.0	1623.0	460.0	10.0	0.0	196.0	834.0
Bacteria;Firmicutes;Clostridia;Clostridiales;Peptostreptococcaceae;Peptostreptococcus	0.0	0.0	0.0	0.0	0.0	0.0	0.0	0.0	0.0	0.0	0.0	4.0	0.0	0.0	0.0	0.0	0.0	0.0	0.0	0.0	0.0	0.0	0.0	0.0	0.0	0.0	0.0	0.0	0.0	1.0	0.0	0.0	0.0	0.0	0.0	0.0	0.0	0.0	0.0	0.0	0.0	0.0	0.0	0.0	0.0	0.0	0.0	0.0	0.0	0.0	0.0	0.0	1.0	0.0	0.0	0.0	0.0	0.0	0.0	0.0	0.0	0.0	0.0	0.0	0.0	0.0	0.0	0.0	0.0	0.0	0.0	0.0	0.0	0.0	0.0	0.0	0.0	0.0	0.0	0.0	0.0	0.0	0.0	0.0	0.0	0.0	0.0	0.0
Bacteria;Firmicutes;Clostridia;Clostridiales;Peptostreptococcaceae;Unclassified	7.0	208.0	0.0	45.0	3.0	145.0	0.0	517.0	2.0	0.0	15.0	973.0	22.0	376.0	2.0	297.0	141.0	71.0	128.0	333.0	0.0	0.0	32.0	468.0	0.0	10.0	0.0	180.0	86.0	19.0	0.0	0.0	373.0	20.0	289.0	155.0	74.0	46.0	255.0	37.0	30.0	266.0	79.0	11.0	0.0	0.0	76.0	406.0	17.0	77.0	114.0	52.0	0.0	204.0	1.0	41.0	382.0	590.0	189.0	766.0	1.0	59.0	221.0	28.0	7.0	1.0	54.0	53.0	477.0	811.0	271.0	0.0	304.0	245.0	0.0	283.0	0.0	0.0	1.0	86.0	295.0	344.0	175.0	410.0	0.0	0.0	2.0	43.0
Bacteria;Firmicutes;Clostridia;Clostridiales;Ruminococcaceae;Anaerofilum	0.0	0.0	0.0	0.0	0.0	0.0	0.0	0.0	0.0	0.0	23.0	0.0	0.0	0.0	0.0	0.0	0.0	0.0	76.0	0.0	0.0	0.0	0.0	0.0	0.0	0.0	0.0	0.0	0.0	0.0	0.0	0.0	0.0	0.0	0.0	0.0	0.0	0.0	0.0	0.0	0.0	0.0	0.0	0.0	0.0	0.0	0.0	0.0	0.0	0.0	0.0	0.0	0.0	0.0	0.0	0.0	0.0	0.0	0.0	0.0	0.0	0.0	0.0	0.0	0.0	1.0	0.0	0.0	0.0	0.0	0.0	0.0	0.0	0.0	0.0	0.0	0.0	0.0	0.0	0.0	0.0	0.0	0.0	0.0	0.0	0.0	0.0	0.0
Bacteria;Firmicutes;Clostridia;Clostridiales;Ruminococcaceae;Anaerotruncus	0.0	0.0	0.0	0.0	0.0	85.0	0.0	0.0	0.0	0.0	72.0	73.0	2.0	0.0	0.0	0.0	14.0	0.0	0.0	0.0	0.0	0.0	0.0	0.0	0.0	0.0	0.0	0.0	0.0	0.0	0.0	0.0	0.0	1.0	0.0	0.0	0.0	0.0	1.0	0.0	12.0	0.0	0.0	0.0	2.0	0.0	56.0	0.0	0.0	0.0	39.0	0.0	0.0	53.0	3.0	110.0	24.0	7.0	31.0	0.0	0.0	0.0	0.0	0.0	0.0	0.0	0.0	0.0	23.0	0.0	0.0	0.0	0.0	0.0	14.0	0.0	93.0	0.0	0.0	0.0	20.0	0.0	0.0	0.0	0.0	47.0	180.0	0.0
Bacteria;Firmicutes;Clostridia;Clostridiales;Ruminococcaceae;Faecalibacterium	775.0	2092.0	2223.0	2085.0	2765.0	270.0	1665.0	532.0	266.0	875.0	315.0	7844.0	504.0	1803.0	151.0	1102.0	3335.0	1440.0	3348.0	795.0	2674.0	64.0	1907.0	3096.0	1941.0	334.0	1252.0	1976.0	63.0	1817.0	1525.0	112.0	1933.0	1374.0	9327.0	1451.0	1801.0	989.0	1665.0	843.0	1053.0	411.0	3674.0	1305.0	502.0	370.0	723.0	1463.0	3407.0	1332.0	2821.0	418.0	0.0	1395.0	2207.0	3730.0	4193.0	1770.0	2115.0	2672.0	661.0	52.0	945.0	2797.0	520.0	189.0	2766.0	677.0	4173.0	1492.0	5758.0	950.0	1621.0	2203.0	65.0	783.0	3774.0	131.0	1467.0	96.0	652.0	817.0	2798.0	1916.0	64.0	1446.0	1401.0	404.0
Bacteria;Firmicutes;Clostridia;Clostridiales;Ruminococcaceae;Fastidiosipila	0.0	0.0	0.0	168.0	0.0	0.0	0.0	0.0	0.0	0.0	0.0	0.0	0.0	0.0	0.0	0.0	0.0	0.0	0.0	0.0	0.0	0.0	0.0	0.0	0.0	0.0	0.0	0.0	0.0	0.0	0.0	0.0	0.0	0.0	0.0	0.0	0.0	0.0	0.0	0.0	0.0	0.0	0.0	0.0	0.0	0.0	0.0	0.0	0.0	0.0	0.0	0.0	0.0	0.0	0.0	0.0	0.0	0.0	0.0	0.0	0.0	0.0	0.0	0.0	0.0	0.0	0.0	0.0	0.0	0.0	0.0	0.0	0.0	0.0	0.0	0.0	0.0	0.0	0.0	0.0	0.0	0.0	0.0	0.0	0.0	0.0	0.0	0.0
Bacteria;Firmicutes;Clostridia;Clostridiales;Ruminococcaceae;Flavonifractor	0.0	0.0	0.0	15.0	0.0	0.0	0.0	0.0	0.0	0.0	138.0	95.0	0.0	0.0	0.0	0.0	0.0	0.0	47.0	32.0	0.0	0.0	0.0	10.0	0.0	0.0	0.0	0.0	0.0	0.0	1.0	0.0	37.0	0.0	0.0	0.0	0.0	0.0	0.0	0.0	13.0	0.0	60.0	0.0	0.0	0.0	0.0	88.0	18.0	285.0	0.0	0.0	0.0	0.0	0.0	0.0	26.0	0.0	48.0	0.0	1.0	0.0	0.0	0.0	0.0	1.0	162.0	0.0	21.0	0.0	0.0	207.0	0.0	226.0	14.0	0.0	0.0	0.0	0.0	0.0	0.0	0.0	0.0	3.0	0.0	0.0	0.0	0.0
Bacteria;Firmicutes;Clostridia;Clostridiales;Ruminococcaceae;Intestinimonas	0.0	0.0	0.0	1.0	0.0	0.0	1.0	0.0	0.0	0.0	26.0	51.0	0.0	0.0	0.0	1.0	1.0	413.0	17.0	0.0	0.0	0.0	0.0	0.0	1.0	1.0	0.0	0.0	0.0	0.0	0.0	1.0	70.0	183.0	84.0	0.0	0.0	0.0	18.0	0.0	9.0	0.0	2.0	0.0	1.0	0.0	0.0	0.0	0.0	1.0	1.0	0.0	0.0	0.0	0.0	51.0	40.0	22.0	0.0	1.0	192.0	5.0	0.0	10.0	0.0	0.0	0.0	0.0	58.0	110.0	0.0	0.0	46.0	68.0	2.0	1.0	250.0	1.0	0.0	38.0	0.0	0.0	0.0	0.0	0.0	0.0	0.0	0.0
Bacteria;Firmicutes;Clostridia;Clostridiales;Ruminococcaceae;Oscillibacter	0.0	0.0	0.0	0.0	0.0	0.0	0.0	0.0	0.0	0.0	89.0	6.0	0.0	0.0	0.0	0.0	0.0	0.0	0.0	0.0	0.0	0.0	0.0	0.0	0.0	0.0	0.0	0.0	0.0	0.0	0.0	0.0	0.0	0.0	0.0	0.0	0.0	0.0	0.0	0.0	0.0	0.0	0.0	0.0	1.0	0.0	0.0	0.0	0.0	0.0	0.0	0.0	0.0	0.0	0.0	0.0	0.0	0.0	0.0	0.0	0.0	0.0	0.0	0.0	0.0	0.0	0.0	0.0	0.0	0.0	0.0	0.0	0.0	0.0	0.0	0.0	0.0	0.0	0.0	0.0	0.0	0.0	0.0	0.0	0.0	0.0	0.0	0.0
Bacteria;Firmicutes;Clostridia;Clostridiales;Ruminococcaceae;Other	898.0	25.0	76.0	779.0	492.0	0.0	408.0	485.0	714.0	229.0	99.0	3178.0	116.0	951.0	28.0	0.0	396.0	544.0	177.0	277.0	133.0	77.0	274.0	990.0	132.0	82.0	214.0	440.0	65.0	249.0	717.0	573.0	713.0	590.0	2043.0	0.0	815.0	833.0	741.0	197.0	254.0	127.0	609.0	526.0	3.0	44.0	809.0	589.0	777.0	395.0	1645.0	193.0	0.0	750.0	358.0	1640.0	1535.0	1239.0	604.0	584.0	773.0	116.0	202.0	497.0	0.0	2.0	636.0	356.0	1771.0	549.0	1177.0	1.0	1594.0	1135.0	97.0	237.0	585.0	10.0	250.0	125.0	297.0	325.0	622.0	1411.0	2.0	136.0	948.0	1208.0
Bacteria;Firmicutes;Clostridia;Clostridiales;Ruminococcaceae;Papillibacter	0.0	0.0	0.0	0.0	0.0	0.0	0.0	0.0	0.0	0.0	0.0	0.0	0.0	0.0	0.0	0.0	0.0	0.0	0.0	0.0	0.0	0.0	0.0	0.0	0.0	0.0	0.0	0.0	0.0	0.0	0.0	0.0	0.0	0.0	0.0	0.0	0.0	0.0	0.0	0.0	0.0	0.0	0.0	0.0	0.0	0.0	0.0	0.0	0.0	0.0	0.0	0.0	0.0	0.0	0.0	0.0	9.0	0.0	0.0	0.0	0.0	0.0	0.0	0.0	0.0	0.0	0.0	0.0	12.0	0.0	0.0	0.0	0.0	0.0	0.0	0.0	0.0	0.0	0.0	0.0	0.0	0.0	0.0	0.0	0.0	0.0	0.0	0.0
Bacteria;Firmicutes;Clostridia;Clostridiales;Ruminococcaceae;Ruminococcus	502.0	2085.0	2814.0	2918.0	3445.0	856.0	104.0	3395.0	190.0	803.0	387.0	11373.0	644.0	2341.0	612.0	820.0	3903.0	2379.0	4299.0	791.0	2207.0	1181.0	2321.0	3249.0	2912.0	708.0	2128.0	2540.0	441.0	3944.0	3956.0	1356.0	2939.0	2694.0	10176.0	1516.0	1426.0	2516.0	2752.0	2146.0	428.0	1750.0	3772.0	2492.0	1912.0	556.0	3646.0	1792.0	4866.0	1220.0	3205.0	2015.0	127.0	1773.0	2632.0	3192.0	8790.0	4410.0	3378.0	2093.0	1514.0	174.0	2227.0	4108.0	418.0	45.0	3794.0	776.0	4198.0	3745.0	9154.0	849.0	2823.0	4420.0	171.0	1064.0	5086.0	1051.0	2481.0	210.0	2232.0	1514.0	5315.0	2674.0	512.0	1227.0	3154.0	929.0
Bacteria;Firmicutes;Clostridia;Clostridiales;Ruminococcaceae;Subdoligranulum	186.0	579.0	441.0	1337.0	1955.0	167.0	301.0	713.0	95.0	653.0	58.0	4339.0	256.0	787.0	1.0	22.0	1621.0	684.0	1141.0	979.0	393.0	138.0	979.0	1563.0	1639.0	19.0	475.0	601.0	463.0	757.0	852.0	83.0	813.0	680.0	3695.0	320.0	1546.0	272.0	1213.0	823.0	192.0	361.0	1682.0	937.0	4.0	366.0	777.0	551.0	1320.0	337.0	1737.0	260.0	2.0	495.0	785.0	2270.0	1327.0	1997.0	1652.0	194.0	56.0	34.0	319.0	1054.0	0.0	18.0	1397.0	441.0	1224.0	1141.0	2564.0	394.0	433.0	628.0	14.0	823.0	993.0	30.0	403.0	386.0	51.0	246.0	2294.0	1092.0	0.0	299.0	1086.0	128.0
Bacteria;Firmicutes;Clostridia;Clostridiales;Ruminococcaceae;Unclassified	418.0	457.0	239.0	1045.0	736.0	343.0	191.0	1050.0	301.0	786.0	102.0	4667.0	214.0	1153.0	1.0	202.0	1226.0	807.0	1864.0	226.0	276.0	248.0	412.0	968.0	772.0	507.0	511.0	334.0	239.0	1265.0	896.0	196.0	658.0	201.0	3096.0	265.0	1099.0	785.0	1165.0	72.0	183.0	444.0	734.0	562.0	421.0	199.0	707.0	1186.0	1123.0	661.0	1734.0	195.0	13.0	394.0	667.0	1882.0	1504.0	1473.0	1095.0	665.0	181.0	21.0	343.0	300.0	230.0	482.0	1159.0	134.0	1971.0	1583.0	3538.0	964.0	528.0	341.0	11.0	627.0	1045.0	194.0	545.0	415.0	307.0	959.0	1199.0	2063.0	0.0	636.0	1238.0	97.0
Bacteria;Firmicutes;Clostridia;Clostridiales;Unclassified;Anaerococcus	0.0	0.0	0.0	0.0	0.0	0.0	0.0	0.0	0.0	0.0	0.0	0.0	0.0	0.0	0.0	0.0	0.0	0.0	0.0	0.0	0.0	0.0	0.0	0.0	0.0	0.0	0.0	0.0	0.0	1.0	0.0	0.0	0.0	0.0	0.0	0.0	0.0	0.0	0.0	0.0	0.0	0.0	2.0	0.0	0.0	0.0	0.0	0.0	0.0	20.0	0.0	370.0	0.0	0.0	53.0	0.0	0.0	0.0	0.0	0.0	0.0	0.0	196.0	0.0	0.0	0.0	0.0	0.0	0.0	0.0	0.0	0.0	0.0	0.0	0.0	0.0	0.0	0.0	0.0	3.0	0.0	0.0	0.0	0.0	0.0	0.0	0.0	0.0
Bacteria;Firmicutes;Clostridia;Clostridiales;Unclassified;Carboxydocella	0.0	0.0	0.0	0.0	0.0	0.0	0.0	0.0	0.0	0.0	0.0	0.0	0.0	0.0	0.0	0.0	0.0	0.0	0.0	0.0	0.0	0.0	0.0	0.0	0.0	0.0	0.0	1.0	0.0	0.0	0.0	0.0	0.0	0.0	0.0	0.0	0.0	0.0	0.0	520.0	0.0	0.0	0.0	0.0	0.0	0.0	0.0	0.0	0.0	0.0	0.0	0.0	0.0	0.0	0.0	0.0	0.0	0.0	0.0	0.0	0.0	0.0	0.0	0.0	0.0	0.0	0.0	0.0	0.0	0.0	0.0	0.0	0.0	0.0	0.0	0.0	0.0	0.0	0.0	0.0	0.0	0.0	0.0	0.0	0.0	0.0	0.0	0.0
Bacteria;Firmicutes;Clostridia;Clostridiales;Unclassified;Finegoldia	0.0	0.0	0.0	0.0	0.0	0.0	0.0	0.0	0.0	0.0	0.0	0.0	0.0	0.0	0.0	0.0	0.0	0.0	0.0	0.0	0.0	0.0	0.0	0.0	0.0	0.0	0.0	0.0	0.0	0.0	0.0	0.0	0.0	0.0	0.0	0.0	0.0	0.0	0.0	0.0	0.0	0.0	7.0	74.0	0.0	0.0	0.0	0.0	0.0	0.0	0.0	0.0	0.0	0.0	0.0	0.0	0.0	0.0	0.0	0.0	0.0	0.0	0.0	0.0	0.0	0.0	0.0	0.0	9.0	0.0	0.0	0.0	0.0	0.0	0.0	0.0	0.0	0.0	0.0	0.0	0.0	0.0	0.0	0.0	0.0	0.0	0.0	0.0
Bacteria;Firmicutes;Clostridia;Clostridiales;Unclassified;Mogibacterium	0.0	0.0	0.0	0.0	0.0	0.0	0.0	0.0	0.0	0.0	0.0	0.0	0.0	0.0	0.0	0.0	0.0	7.0	0.0	0.0	0.0	4.0	8.0	0.0	0.0	0.0	0.0	58.0	0.0	2.0	0.0	0.0	5.0	4.0	0.0	0.0	0.0	20.0	0.0	0.0	14.0	0.0	4.0	0.0	0.0	0.0	0.0	0.0	0.0	0.0	0.0	19.0	0.0	0.0	0.0	0.0	0.0	0.0	2.0	0.0	58.0	5.0	0.0	4.0	6.0	0.0	0.0	0.0	0.0	0.0	0.0	0.0	0.0	96.0	27.0	0.0	0.0	0.0	0.0	0.0	0.0	0.0	0.0	11.0	0.0	0.0	0.0	0.0
Bacteria;Firmicutes;Clostridia;Clostridiales;Unclassified;Murdochiella	0.0	0.0	0.0	0.0	0.0	0.0	0.0	0.0	0.0	0.0	0.0	0.0	0.0	0.0	0.0	0.0	0.0	0.0	0.0	0.0	0.0	0.0	0.0	0.0	0.0	0.0	0.0	0.0	0.0	0.0	0.0	0.0	0.0	0.0	0.0	0.0	0.0	0.0	0.0	0.0	0.0	0.0	18.0	0.0	0.0	0.0	0.0	0.0	0.0	0.0	0.0	0.0	0.0	0.0	0.0	0.0	0.0	0.0	0.0	0.0	0.0	0.0	0.0	0.0	0.0	0.0	0.0	0.0	0.0	0.0	0.0	0.0	0.0	0.0	0.0	0.0	0.0	0.0	0.0	0.0	0.0	0.0	0.0	0.0	0.0	0.0	0.0	0.0
Bacteria;Firmicutes;Clostridia;Clostridiales;Unclassified;Parvimonas	0.0	0.0	1.0	0.0	0.0	0.0	84.0	0.0	0.0	0.0	0.0	2.0	0.0	0.0	0.0	0.0	0.0	0.0	0.0	0.0	0.0	0.0	0.0	0.0	0.0	0.0	0.0	0.0	0.0	7.0	0.0	0.0	0.0	0.0	0.0	0.0	0.0	0.0	0.0	0.0	0.0	0.0	0.0	0.0	0.0	0.0	0.0	0.0	0.0	0.0	0.0	0.0	0.0	0.0	0.0	0.0	0.0	0.0	0.0	0.0	0.0	0.0	0.0	0.0	0.0	0.0	0.0	0.0	0.0	0.0	0.0	0.0	0.0	0.0	0.0	0.0	0.0	0.0	0.0	0.0	0.0	0.0	0.0	0.0	0.0	0.0	0.0	0.0
Bacteria;Firmicutes;Clostridia;Clostridiales;Unclassified;Peptoniphilus	0.0	0.0	0.0	0.0	0.0	0.0	0.0	0.0	0.0	0.0	0.0	0.0	0.0	0.0	0.0	0.0	0.0	0.0	0.0	0.0	0.0	0.0	0.0	0.0	0.0	0.0	0.0	0.0	0.0	0.0	0.0	0.0	0.0	0.0	0.0	0.0	0.0	0.0	0.0	0.0	0.0	0.0	0.0	0.0	0.0	0.0	0.0	0.0	0.0	0.0	0.0	0.0	0.0	0.0	28.0	0.0	0.0	0.0	0.0	54.0	0.0	0.0	0.0	0.0	0.0	0.0	0.0	0.0	0.0	0.0	0.0	0.0	0.0	0.0	0.0	0.0	0.0	0.0	0.0	0.0	0.0	0.0	0.0	0.0	0.0	0.0	0.0	17.0
Bacteria;Firmicutes;Clostridia;Clostridiales;Unclassified;Proteiniclasticum	0.0	0.0	0.0	0.0	0.0	0.0	0.0	0.0	0.0	0.0	0.0	0.0	0.0	0.0	0.0	0.0	0.0	0.0	0.0	0.0	0.0	0.0	0.0	0.0	0.0	0.0	0.0	0.0	0.0	0.0	0.0	0.0	0.0	0.0	0.0	0.0	0.0	0.0	0.0	0.0	0.0	0.0	0.0	0.0	0.0	0.0	0.0	0.0	0.0	0.0	0.0	0.0	0.0	0.0	0.0	0.0	0.0	0.0	0.0	0.0	0.0	0.0	0.0	0.0	0.0	0.0	0.0	26.0	0.0	0.0	0.0	0.0	0.0	0.0	0.0	0.0	0.0	0.0	0.0	0.0	0.0	0.0	0.0	0.0	0.0	0.0	0.0	0.0
Bacteria;Firmicutes;Clostridia;Clostridiales;Unclassified;Symbiobacterium	0.0	0.0	0.0	0.0	0.0	0.0	0.0	0.0	0.0	0.0	0.0	0.0	0.0	0.0	0.0	0.0	0.0	0.0	0.0	0.0	0.0	0.0	0.0	0.0	0.0	0.0	0.0	0.0	0.0	0.0	0.0	0.0	0.0	0.0	0.0	0.0	0.0	0.0	0.0	0.0	0.0	0.0	0.0	0.0	0.0	0.0	0.0	0.0	0.0	0.0	0.0	0.0	0.0	0.0	2.0	0.0	0.0	0.0	0.0	0.0	0.0	0.0	0.0	0.0	0.0	0.0	0.0	0.0	0.0	0.0	0.0	0.0	0.0	0.0	0.0	0.0	0.0	0.0	0.0	0.0	0.0	0.0	0.0	0.0	0.0	0.0	0.0	0.0
Bacteria;Firmicutes;Clostridia;Clostridiales;Unclassified;Tepidimicrobium	0.0	0.0	0.0	0.0	0.0	0.0	0.0	0.0	0.0	0.0	0.0	0.0	3.0	0.0	0.0	0.0	0.0	0.0	0.0	0.0	0.0	0.0	0.0	0.0	0.0	0.0	0.0	0.0	0.0	0.0	0.0	38.0	0.0	0.0	0.0	0.0	0.0	0.0	0.0	0.0	96.0	0.0	0.0	0.0	0.0	0.0	0.0	0.0	0.0	0.0	0.0	0.0	0.0	0.0	0.0	0.0	0.0	0.0	0.0	0.0	0.0	0.0	0.0	0.0	0.0	0.0	0.0	0.0	0.0	0.0	0.0	0.0	0.0	0.0	0.0	0.0	0.0	0.0	0.0	0.0	0.0	0.0	0.0	0.0	0.0	0.0	0.0	0.0
Bacteria;Firmicutes;Clostridia;Clostridiales;Unclassified;Thermaerobacter	0.0	0.0	0.0	0.0	0.0	0.0	0.0	0.0	0.0	0.0	0.0	0.0	331.0	0.0	0.0	0.0	0.0	0.0	0.0	0.0	0.0	0.0	0.0	0.0	0.0	0.0	0.0	0.0	0.0	0.0	0.0	0.0	0.0	0.0	0.0	0.0	0.0	0.0	0.0	0.0	5.0	0.0	0.0	0.0	0.0	0.0	0.0	0.0	0.0	0.0	0.0	0.0	0.0	0.0	0.0	0.0	0.0	0.0	0.0	0.0	0.0	0.0	0.0	0.0	0.0	0.0	0.0	5.0	0.0	0.0	0.0	0.0	88.0	0.0	0.0	0.0	0.0	0.0	0.0	0.0	0.0	0.0	0.0	0.0	0.0	0.0	0.0	0.0
Bacteria;Firmicutes;Clostridia;Clostridiales;Unclassified;Tissierella	0.0	0.0	0.0	0.0	0.0	0.0	0.0	0.0	0.0	0.0	0.0	0.0	0.0	0.0	0.0	0.0	0.0	0.0	0.0	0.0	0.0	0.0	0.0	0.0	0.0	0.0	0.0	0.0	0.0	0.0	0.0	0.0	0.0	0.0	0.0	0.0	0.0	0.0	0.0	0.0	0.0	0.0	0.0	0.0	0.0	0.0	0.0	0.0	0.0	0.0	0.0	0.0	0.0	0.0	0.0	0.0	0.0	0.0	0.0	0.0	0.0	0.0	0.0	0.0	0.0	0.0	0.0	46.0	0.0	0.0	0.0	0.0	0.0	0.0	0.0	0.0	0.0	0.0	0.0	0.0	0.0	0.0	0.0	0.0	0.0	0.0	0.0	0.0
Bacteria;Firmicutes;Clostridia;Clostridiales;Unclassified;Unclassified	0.0	0.0	0.0	0.0	0.0	0.0	0.0	0.0	0.0	0.0	0.0	7.0	8.0	0.0	1216.0	155.0	73.0	2.0	0.0	22.0	167.0	56.0	0.0	0.0	0.0	19.0	0.0	5.0	87.0	37.0	1.0	0.0	0.0	149.0	0.0	0.0	0.0	0.0	0.0	0.0	9.0	0.0	0.0	67.0	144.0	0.0	0.0	0.0	1.0	0.0	0.0	0.0	0.0	2.0	0.0	67.0	14.0	122.0	5.0	0.0	0.0	8.0	1.0	0.0	0.0	0.0	223.0	2.0	22.0	0.0	0.0	0.0	10.0	0.0	0.0	3.0	0.0	576.0	147.0	0.0	0.0	4.0	0.0	0.0	0.0	0.0	0.0	0.0
Bacteria;Firmicutes;Clostridia;Other;Other;Other	0.0	0.0	0.0	0.0	0.0	0.0	0.0	0.0	0.0	0.0	0.0	0.0	0.0	0.0	0.0	0.0	0.0	0.0	0.0	0.0	0.0	0.0	0.0	0.0	0.0	0.0	0.0	0.0	0.0	0.0	0.0	0.0	0.0	0.0	0.0	0.0	0.0	0.0	0.0	0.0	0.0	0.0	0.0	0.0	0.0	0.0	0.0	0.0	0.0	0.0	0.0	0.0	0.0	0.0	0.0	0.0	10.0	0.0	0.0	0.0	0.0	0.0	0.0	0.0	0.0	0.0	0.0	0.0	0.0	0.0	0.0	0.0	0.0	0.0	0.0	0.0	0.0	0.0	0.0	0.0	0.0	0.0	0.0	0.0	0.0	0.0	0.0	0.0
Bacteria;Firmicutes;Clostridia;Thermoanaerobacterales;Thermoanaerobacteraceae;Thermoanaerobacter	0.0	0.0	0.0	0.0	0.0	0.0	0.0	0.0	0.0	0.0	0.0	0.0	0.0	0.0	0.0	0.0	0.0	0.0	0.0	0.0	0.0	0.0	0.0	0.0	0.0	0.0	0.0	0.0	0.0	0.0	0.0	0.0	0.0	0.0	0.0	0.0	0.0	0.0	0.0	0.0	0.0	0.0	0.0	0.0	0.0	0.0	0.0	0.0	0.0	0.0	0.0	0.0	0.0	0.0	0.0	0.0	0.0	0.0	0.0	0.0	0.0	0.0	0.0	0.0	0.0	0.0	0.0	0.0	0.0	0.0	0.0	0.0	0.0	0.0	0.0	0.0	0.0	0.0	0.0	0.0	0.0	0.0	0.0	0.0	0.0	69.0	0.0	0.0
Bacteria;Firmicutes;Erysipelotrichia;Erysipelotrichales;Erysipelotrichaceae;Allobaculum	1.0	1.0	3.0	1.0	3.0	1.0	2.0	1.0	0.0	1.0	1.0	0.0	0.0	0.0	0.0	0.0	0.0	0.0	1.0	0.0	1.0	3.0	0.0	29.0	1.0	93.0	1.0	1.0	2.0	1.0	0.0	0.0	0.0	0.0	0.0	1.0	0.0	0.0	0.0	0.0	6.0	0.0	0.0	107.0	0.0	0.0	0.0	0.0	1.0	1.0	0.0	1.0	0.0	0.0	0.0	0.0	0.0	0.0	0.0	0.0	1.0	4.0	0.0	0.0	0.0	0.0	0.0	0.0	4.0	0.0	1.0	2.0	1.0	2.0	2.0	0.0	0.0	0.0	1.0	4.0	0.0	1.0	1.0	68.0	0.0	423.0	1.0	0.0
Bacteria;Firmicutes;Erysipelotrichia;Erysipelotrichales;Erysipelotrichaceae;Asteroleplasma	0.0	0.0	0.0	0.0	0.0	0.0	0.0	0.0	0.0	0.0	0.0	0.0	0.0	0.0	0.0	0.0	0.0	0.0	0.0	0.0	0.0	0.0	0.0	0.0	0.0	0.0	0.0	0.0	0.0	0.0	0.0	0.0	0.0	0.0	0.0	0.0	0.0	40.0	0.0	0.0	0.0	0.0	0.0	0.0	0.0	0.0	0.0	0.0	0.0	0.0	0.0	0.0	0.0	0.0	0.0	0.0	0.0	0.0	0.0	0.0	0.0	0.0	0.0	0.0	0.0	0.0	0.0	0.0	0.0	0.0	0.0	0.0	0.0	0.0	0.0	0.0	0.0	0.0	0.0	0.0	0.0	0.0	0.0	0.0	0.0	0.0	0.0	0.0
Bacteria;Firmicutes;Erysipelotrichia;Erysipelotrichales;Erysipelotrichaceae;Catenibacterium	0.0	0.0	0.0	0.0	0.0	0.0	0.0	86.0	0.0	0.0	0.0	0.0	11.0	0.0	0.0	0.0	4.0	21.0	0.0	0.0	0.0	29.0	0.0	45.0	0.0	135.0	0.0	0.0	0.0	16.0	203.0	0.0	2.0	639.0	0.0	0.0	35.0	0.0	0.0	0.0	206.0	0.0	4.0	132.0	0.0	0.0	0.0	0.0	0.0	0.0	5.0	13.0	0.0	5.0	0.0	0.0	1.0	13.0	1.0	0.0	1.0	172.0	56.0	38.0	176.0	0.0	29.0	0.0	34.0	98.0	0.0	0.0	134.0	331.0	189.0	0.0	7.0	0.0	0.0	689.0	84.0	154.0	9.0	265.0	0.0	177.0	378.0	0.0
Bacteria;Firmicutes;Erysipelotrichia;Erysipelotrichales;Erysipelotrichaceae;Coprobacillus	0.0	0.0	0.0	0.0	0.0	0.0	0.0	0.0	0.0	0.0	0.0	6.0	5.0	0.0	0.0	0.0	0.0	0.0	0.0	0.0	0.0	0.0	0.0	0.0	0.0	0.0	0.0	0.0	0.0	0.0	25.0	0.0	0.0	0.0	0.0	0.0	0.0	0.0	0.0	0.0	0.0	0.0	13.0	0.0	0.0	0.0	0.0	0.0	0.0	0.0	0.0	0.0	0.0	0.0	0.0	0.0	0.0	0.0	0.0	0.0	0.0	0.0	103.0	0.0	0.0	0.0	0.0	0.0	6.0	0.0	0.0	0.0	0.0	0.0	0.0	0.0	0.0	0.0	0.0	0.0	0.0	0.0	0.0	0.0	0.0	0.0	0.0	0.0
Bacteria;Firmicutes;Erysipelotrichia;Erysipelotrichales;Erysipelotrichaceae;Holdemania	0.0	0.0	0.0	0.0	176.0	0.0	0.0	0.0	0.0	0.0	0.0	25.0	0.0	4.0	0.0	0.0	40.0	0.0	0.0	0.0	0.0	0.0	0.0	0.0	0.0	0.0	0.0	9.0	0.0	0.0	49.0	127.0	0.0	0.0	0.0	0.0	0.0	0.0	0.0	0.0	0.0	0.0	0.0	0.0	0.0	0.0	1.0	0.0	7.0	0.0	0.0	0.0	0.0	0.0	2.0	21.0	25.0	0.0	63.0	0.0	0.0	0.0	0.0	0.0	0.0	0.0	25.0	0.0	15.0	0.0	0.0	0.0	0.0	0.0	0.0	0.0	0.0	0.0	0.0	0.0	0.0	0.0	0.0	0.0	0.0	0.0	0.0	0.0
Bacteria;Firmicutes;Erysipelotrichia;Erysipelotrichales;Erysipelotrichaceae;Other	0.0	0.0	0.0	0.0	0.0	0.0	0.0	0.0	0.0	0.0	0.0	0.0	0.0	0.0	0.0	0.0	0.0	0.0	0.0	0.0	0.0	46.0	0.0	0.0	0.0	0.0	0.0	0.0	0.0	0.0	0.0	0.0	0.0	0.0	0.0	0.0	0.0	0.0	0.0	0.0	0.0	0.0	0.0	0.0	0.0	0.0	0.0	0.0	0.0	0.0	0.0	0.0	0.0	0.0	0.0	0.0	0.0	0.0	0.0	0.0	0.0	0.0	0.0	0.0	82.0	0.0	0.0	0.0	0.0	0.0	0.0	0.0	0.0	0.0	0.0	0.0	0.0	0.0	0.0	0.0	0.0	0.0	0.0	0.0	0.0	0.0	0.0	0.0
Bacteria;Firmicutes;Erysipelotrichia;Erysipelotrichales;Erysipelotrichaceae;Solobacterium	0.0	0.0	0.0	0.0	0.0	0.0	0.0	0.0	0.0	0.0	0.0	4.0	0.0	0.0	0.0	0.0	0.0	0.0	0.0	0.0	0.0	0.0	0.0	0.0	0.0	0.0	0.0	0.0	0.0	2.0	0.0	0.0	0.0	0.0	0.0	0.0	0.0	0.0	0.0	0.0	0.0	0.0	3.0	0.0	0.0	0.0	0.0	37.0	0.0	0.0	0.0	0.0	0.0	0.0	0.0	0.0	0.0	0.0	0.0	0.0	0.0	0.0	0.0	0.0	0.0	0.0	0.0	0.0	0.0	0.0	0.0	0.0	0.0	0.0	0.0	0.0	0.0	0.0	0.0	0.0	0.0	0.0	0.0	0.0	0.0	0.0	0.0	0.0
Bacteria;Firmicutes;Erysipelotrichia;Erysipelotrichales;Erysipelotrichaceae;Turicibacter	0.0	0.0	0.0	96.0	0.0	0.0	0.0	0.0	0.0	0.0	0.0	50.0	7.0	9.0	0.0	0.0	0.0	265.0	0.0	0.0	0.0	0.0	0.0	0.0	3.0	0.0	0.0	0.0	0.0	0.0	0.0	0.0	0.0	12.0	0.0	0.0	0.0	0.0	0.0	0.0	12.0	0.0	0.0	0.0	0.0	0.0	120.0	0.0	0.0	0.0	0.0	0.0	0.0	0.0	0.0	0.0	4.0	0.0	0.0	0.0	0.0	0.0	0.0	0.0	9.0	0.0	0.0	32.0	54.0	0.0	0.0	0.0	58.0	0.0	0.0	0.0	0.0	1.0	0.0	40.0	0.0	0.0	0.0	0.0	0.0	0.0	0.0	0.0
Bacteria;Firmicutes;Erysipelotrichia;Erysipelotrichales;Erysipelotrichaceae;Unclassified	362.0	1079.0	1137.0	556.0	1503.0	397.0	475.0	837.0	277.0	324.0	76.0	1655.0	342.0	413.0	138.0	1.0	1688.0	479.0	1632.0	1250.0	536.0	6.0	618.0	970.0	673.0	391.0	48.0	447.0	448.0	878.0	1049.0	40.0	1505.0	932.0	365.0	600.0	1098.0	735.0	729.0	380.0	78.0	788.0	1205.0	573.0	1270.0	299.0	301.0	769.0	997.0	737.0	970.0	219.0	202.0	354.0	85.0	1171.0	962.0	723.0	1241.0	579.0	811.0	13.0	307.0	769.0	0.0	170.0	1200.0	170.0	819.0	879.0	356.0	675.0	597.0	430.0	32.0	757.0	711.0	62.0	675.0	107.0	287.0	221.0	2430.0	1390.0	21.0	151.0	702.0	699.0
Bacteria;Firmicutes;Negativicutes;Selenomonadales;Acidaminococcaceae;Acidaminococcus	2225.0	214.0	153.0	113.0	0.0	782.0	419.0	523.0	503.0	699.0	83.0	29.0	110.0	757.0	5.0	0.0	175.0	701.0	582.0	123.0	0.0	2647.0	397.0	862.0	305.0	344.0	0.0	344.0	357.0	131.0	291.0	1662.0	111.0	844.0	1.0	0.0	37.0	214.0	1084.0	1.0	1787.0	636.0	45.0	496.0	0.0	0.0	810.0	61.0	33.0	297.0	447.0	0.0	223.0	485.0	402.0	444.0	247.0	460.0	68.0	189.0	112.0	3038.0	221.0	813.0	1060.0	7.0	15.0	74.0	229.0	114.0	370.0	507.0	1079.0	1272.0	1881.0	102.0	1521.0	446.0	423.0	5980.0	688.0	236.0	2.0	958.0	185.0	789.0	423.0	1218.0
Bacteria;Firmicutes;Negativicutes;Selenomonadales;Acidaminococcaceae;Phascolarctobacterium	1058.0	541.0	1591.0	166.0	384.0	106.0	174.0	562.0	161.0	1146.0	216.0	1545.0	200.0	222.0	2.0	5.0	563.0	448.0	1838.0	439.0	203.0	1494.0	795.0	1470.0	496.0	133.0	41.0	95.0	768.0	409.0	381.0	36.0	928.0	1095.0	583.0	425.0	121.0	984.0	1087.0	4.0	1045.0	735.0	1085.0	190.0	788.0	822.0	933.0	80.0	1139.0	1458.0	624.0	772.0	465.0	350.0	236.0	769.0	1146.0	1100.0	877.0	3.0	607.0	1417.0	695.0	1039.0	0.0	964.0	620.0	52.0	797.0	583.0	290.0	257.0	993.0	1459.0	587.0	347.0	1149.0	5.0	194.0	3463.0	456.0	77.0	853.0	1104.0	912.0	638.0	586.0	369.0
Bacteria;Firmicutes;Negativicutes;Selenomonadales;Veillonellaceae;Allisonella	0.0	0.0	0.0	0.0	0.0	89.0	0.0	0.0	0.0	148.0	0.0	0.0	3.0	0.0	0.0	0.0	17.0	1.0	3.0	0.0	0.0	0.0	298.0	0.0	5.0	8.0	0.0	0.0	0.0	0.0	0.0	0.0	0.0	22.0	35.0	0.0	102.0	44.0	83.0	0.0	98.0	0.0	0.0	0.0	0.0	0.0	0.0	62.0	9.0	34.0	0.0	0.0	380.0	170.0	0.0	0.0	17.0	1.0	0.0	1.0	0.0	161.0	0.0	0.0	0.0	2.0	0.0	0.0	3.0	0.0	2.0	166.0	49.0	0.0	129.0	0.0	38.0	0.0	0.0	128.0	0.0	0.0	0.0	129.0	0.0	0.0	0.0	264.0
Bacteria;Firmicutes;Negativicutes;Selenomonadales;Veillonellaceae;Anaeroglobus	123.0	0.0	0.0	160.0	0.0	0.0	0.0	0.0	0.0	0.0	0.0	9.0	0.0	0.0	0.0	0.0	0.0	0.0	0.0	0.0	0.0	0.0	0.0	0.0	0.0	4.0	0.0	0.0	2.0	0.0	0.0	0.0	0.0	13.0	0.0	0.0	0.0	0.0	0.0	0.0	68.0	0.0	0.0	0.0	0.0	0.0	0.0	28.0	0.0	315.0	0.0	0.0	0.0	0.0	0.0	0.0	0.0	12.0	0.0	0.0	0.0	0.0	0.0	0.0	0.0	0.0	0.0	0.0	38.0	130.0	0.0	0.0	0.0	302.0	0.0	0.0	0.0	0.0	0.0	0.0	0.0	0.0	0.0	3.0	0.0	0.0	0.0	0.0
Bacteria;Firmicutes;Negativicutes;Selenomonadales;Veillonellaceae;Centipeda	0.0	0.0	0.0	0.0	0.0	0.0	0.0	0.0	0.0	0.0	0.0	0.0	0.0	0.0	0.0	0.0	0.0	0.0	0.0	0.0	0.0	0.0	0.0	0.0	0.0	0.0	0.0	0.0	0.0	0.0	0.0	0.0	0.0	0.0	0.0	0.0	0.0	0.0	13.0	0.0	0.0	0.0	0.0	0.0	0.0	0.0	0.0	0.0	0.0	0.0	0.0	1.0	0.0	0.0	0.0	0.0	0.0	0.0	0.0	0.0	0.0	0.0	0.0	0.0	0.0	0.0	0.0	0.0	20.0	0.0	0.0	0.0	0.0	0.0	0.0	0.0	0.0	0.0	0.0	0.0	0.0	0.0	0.0	0.0	0.0	0.0	0.0	0.0
Bacteria;Firmicutes;Negativicutes;Selenomonadales;Veillonellaceae;Dialister	0.0	0.0	4.0	0.0	0.0	0.0	478.0	17.0	0.0	0.0	22.0	205.0	68.0	75.0	804.0	127.0	6.0	118.0	67.0	28.0	0.0	0.0	7.0	0.0	0.0	0.0	0.0	112.0	0.0	8.0	0.0	0.0	62.0	1.0	3.0	0.0	14.0	3.0	110.0	0.0	47.0	285.0	55.0	0.0	1.0	0.0	257.0	1.0	0.0	0.0	30.0	0.0	0.0	74.0	1103.0	0.0	551.0	34.0	31.0	0.0	0.0	25.0	92.0	154.0	0.0	0.0	67.0	83.0	195.0	38.0	117.0	0.0	45.0	0.0	27.0	0.0	257.0	0.0	0.0	0.0	420.0	0.0	0.0	0.0	0.0	0.0	0.0	0.0
Bacteria;Firmicutes;Negativicutes;Selenomonadales;Veillonellaceae;Megamonas	386.0	170.0	1445.0	235.0	199.0	56.0	0.0	184.0	0.0	0.0	86.0	239.0	54.0	115.0	0.0	0.0	355.0	109.0	163.0	209.0	162.0	0.0	355.0	82.0	58.0	132.0	0.0	266.0	0.0	144.0	4.0	48.0	292.0	493.0	180.0	176.0	147.0	118.0	134.0	413.0	94.0	450.0	783.0	294.0	0.0	109.0	3.0	1.0	1029.0	98.0	311.0	415.0	0.0	183.0	181.0	533.0	229.0	59.0	504.0	1.0	0.0	21.0	256.0	1682.0	0.0	3.0	395.0	246.0	733.0	3.0	541.0	117.0	426.0	0.0	0.0	259.0	0.0	3.0	159.0	0.0	0.0	107.0	852.0	30.0	0.0	0.0	446.0	16.0
Bacteria;Firmicutes;Negativicutes;Selenomonadales;Veillonellaceae;Megasphaera	4854.0	1251.0	3787.0	1223.0	480.0	2313.0	1138.0	2895.0	619.0	4208.0	460.0	125.0	517.0	2494.0	120.0	26.0	350.0	1857.0	920.0	4597.0	345.0	14287.0	3214.0	4755.0	4107.0	788.0	1127.0	1434.0	9245.0	527.0	3545.0	1948.0	992.0	4558.0	1296.0	3189.0	1404.0	1825.0	4266.0	321.0	6431.0	2311.0	340.0	1339.0	6.0	993.0	1963.0	2311.0	429.0	2434.0	2249.0	2707.0	2051.0	2589.0	895.0	528.0	984.0	2612.0	444.0	873.0	3517.0	48799.0	3065.0	1236.0	5604.0	22.0	645.0	458.0	1811.0	1109.0	1824.0	16.0	1659.0	7109.0	36026.0	111.0	2618.0	1028.0	1.0	22480.0	3522.0	3137.0	370.0	3377.0	4948.0	1104.0	1370.0	6362.0
Bacteria;Firmicutes;Negativicutes;Selenomonadales;Veillonellaceae;Mitsuokella	0.0	0.0	0.0	0.0	0.0	0.0	0.0	0.0	0.0	0.0	0.0	2.0	0.0	0.0	0.0	0.0	0.0	0.0	0.0	0.0	0.0	0.0	0.0	0.0	0.0	0.0	0.0	0.0	0.0	0.0	0.0	0.0	0.0	0.0	0.0	0.0	0.0	0.0	0.0	0.0	0.0	0.0	0.0	0.0	0.0	0.0	0.0	0.0	0.0	0.0	0.0	0.0	0.0	0.0	0.0	0.0	8.0	0.0	0.0	0.0	0.0	0.0	0.0	0.0	0.0	0.0	0.0	0.0	0.0	0.0	0.0	0.0	0.0	0.0	0.0	0.0	0.0	0.0	0.0	0.0	0.0	0.0	0.0	0.0	0.0	0.0	0.0	0.0
Bacteria;Firmicutes;Negativicutes;Selenomonadales;Veillonellaceae;Other	0.0	0.0	0.0	0.0	0.0	0.0	0.0	0.0	0.0	0.0	0.0	8.0	0.0	0.0	0.0	0.0	0.0	0.0	0.0	0.0	0.0	0.0	0.0	0.0	0.0	0.0	0.0	0.0	0.0	0.0	0.0	0.0	0.0	0.0	0.0	0.0	0.0	0.0	0.0	0.0	0.0	0.0	0.0	0.0	0.0	0.0	0.0	0.0	0.0	0.0	0.0	0.0	0.0	0.0	0.0	0.0	0.0	0.0	0.0	0.0	0.0	0.0	0.0	0.0	0.0	0.0	0.0	0.0	0.0	0.0	0.0	0.0	0.0	0.0	0.0	0.0	0.0	0.0	0.0	0.0	0.0	0.0	0.0	0.0	0.0	0.0	0.0	0.0
Bacteria;Firmicutes;Negativicutes;Selenomonadales;Veillonellaceae;Pelosinus	0.0	0.0	0.0	0.0	0.0	0.0	0.0	0.0	0.0	0.0	0.0	0.0	0.0	0.0	0.0	0.0	0.0	0.0	0.0	0.0	0.0	0.0	0.0	0.0	0.0	0.0	0.0	0.0	0.0	0.0	0.0	0.0	0.0	0.0	0.0	0.0	0.0	0.0	0.0	0.0	0.0	0.0	0.0	0.0	0.0	0.0	0.0	0.0	0.0	0.0	0.0	0.0	0.0	0.0	0.0	0.0	0.0	0.0	0.0	0.0	31.0	0.0	0.0	0.0	0.0	1.0	0.0	0.0	0.0	1.0	0.0	0.0	0.0	0.0	0.0	0.0	0.0	1.0	0.0	0.0	0.0	0.0	0.0	0.0	0.0	0.0	0.0	0.0
Bacteria;Firmicutes;Negativicutes;Selenomonadales;Veillonellaceae;Selenomonas	0.0	0.0	0.0	0.0	0.0	0.0	0.0	0.0	0.0	0.0	0.0	3.0	0.0	0.0	0.0	0.0	0.0	0.0	0.0	0.0	0.0	0.0	0.0	0.0	0.0	0.0	0.0	0.0	0.0	0.0	0.0	0.0	0.0	0.0	0.0	0.0	0.0	0.0	0.0	0.0	0.0	0.0	0.0	0.0	0.0	0.0	0.0	8.0	0.0	0.0	0.0	0.0	0.0	0.0	0.0	0.0	0.0	0.0	0.0	0.0	0.0	0.0	0.0	0.0	0.0	0.0	0.0	0.0	0.0	0.0	0.0	0.0	0.0	0.0	0.0	0.0	0.0	0.0	0.0	0.0	0.0	0.0	0.0	0.0	0.0	0.0	0.0	0.0
Bacteria;Firmicutes;Negativicutes;Selenomonadales;Veillonellaceae;Veillonella	0.0	310.0	0.0	89.0	287.0	0.0	0.0	917.0	0.0	0.0	36.0	339.0	26.0	108.0	0.0	357.0	21.0	47.0	233.0	1.0	0.0	0.0	480.0	161.0	10.0	31.0	0.0	0.0	131.0	194.0	0.0	0.0	144.0	43.0	507.0	0.0	70.0	498.0	9.0	354.0	49.0	1.0	98.0	117.0	1.0	0.0	131.0	113.0	135.0	0.0	105.0	1.0	0.0	0.0	0.0	0.0	544.0	276.0	84.0	346.0	494.0	25.0	202.0	750.0	0.0	3.0	68.0	1.0	638.0	383.0	146.0	0.0	113.0	27.0	65.0	1.0	720.0	6.0	0.0	34.0	4.0	0.0	164.0	897.0	0.0	173.0	0.0	120.0
Bacteria;Firmicutes;Other;Other;Other;Other	0.0	0.0	0.0	0.0	0.0	0.0	0.0	116.0	0.0	146.0	0.0	2.0	140.0	3.0	432.0	0.0	0.0	3.0	3.0	151.0	0.0	40.0	0.0	143.0	0.0	1.0	0.0	0.0	0.0	0.0	0.0	0.0	0.0	277.0	80.0	0.0	0.0	696.0	453.0	0.0	194.0	0.0	0.0	242.0	2.0	0.0	83.0	126.0	1.0	0.0	0.0	0.0	0.0	0.0	291.0	0.0	12.0	356.0	0.0	97.0	0.0	2.0	1.0	2.0	0.0	2.0	0.0	1.0	98.0	167.0	186.0	0.0	209.0	298.0	61.0	0.0	71.0	14.0	0.0	0.0	1.0	64.0	0.0	88.0	0.0	0.0	55.0	0.0
Bacteria;Fusobacteria;Fusobacteriia;Fusobacteriales;Fusobacteriaceae;Fusobacterium	0.0	0.0	0.0	0.0	0.0	0.0	0.0	0.0	0.0	0.0	197.0	42.0	19.0	2.0	24.0	0.0	19.0	0.0	12.0	0.0	0.0	0.0	0.0	0.0	0.0	0.0	0.0	0.0	2.0	20.0	0.0	0.0	36.0	0.0	0.0	0.0	0.0	0.0	0.0	0.0	2.0	0.0	32.0	0.0	2.0	0.0	0.0	317.0	1.0	0.0	6.0	7.0	0.0	17.0	12.0	0.0	12.0	3.0	3.0	0.0	0.0	0.0	94.0	0.0	0.0	0.0	33.0	0.0	0.0	5.0	0.0	0.0	3.0	0.0	0.0	0.0	0.0	0.0	0.0	0.0	0.0	44.0	14.0	0.0	0.0	0.0	0.0	0.0
Bacteria;Fusobacteria;Fusobacteriia;Fusobacteriales;Leptotrichiaceae;Leptotrichia	0.0	0.0	0.0	0.0	0.0	0.0	0.0	0.0	0.0	0.0	0.0	0.0	0.0	4.0	0.0	0.0	0.0	0.0	0.0	0.0	0.0	0.0	0.0	0.0	0.0	0.0	0.0	0.0	0.0	0.0	0.0	0.0	0.0	0.0	0.0	0.0	0.0	593.0	0.0	0.0	0.0	0.0	0.0	0.0	0.0	0.0	0.0	213.0	0.0	0.0	0.0	303.0	0.0	0.0	2.0	0.0	0.0	1.0	0.0	0.0	1.0	0.0	0.0	0.0	0.0	0.0	0.0	0.0	1.0	0.0	0.0	0.0	0.0	0.0	0.0	0.0	0.0	0.0	0.0	0.0	0.0	0.0	0.0	0.0	0.0	0.0	0.0	0.0
Bacteria;Fusobacteria;Fusobacteriia;Fusobacteriales;Leptotrichiaceae;Sneathia	0.0	0.0	0.0	0.0	0.0	0.0	0.0	0.0	0.0	0.0	0.0	0.0	0.0	0.0	0.0	0.0	0.0	0.0	0.0	0.0	0.0	0.0	0.0	0.0	0.0	0.0	0.0	0.0	0.0	0.0	0.0	0.0	0.0	0.0	0.0	0.0	0.0	0.0	0.0	0.0	0.0	0.0	0.0	0.0	0.0	0.0	0.0	0.0	0.0	0.0	0.0	0.0	0.0	0.0	12.0	0.0	0.0	0.0	0.0	0.0	0.0	0.0	0.0	0.0	0.0	0.0	0.0	0.0	0.0	0.0	0.0	0.0	0.0	0.0	0.0	0.0	0.0	0.0	0.0	0.0	0.0	0.0	0.0	0.0	0.0	0.0	0.0	0.0
Bacteria;Gemmatimonadetes;Gemmatimonadetes;Gemmatimonadales;Gemmatimonadaceae;Other	0.0	0.0	0.0	0.0	0.0	0.0	0.0	0.0	0.0	0.0	0.0	0.0	0.0	0.0	0.0	0.0	0.0	0.0	0.0	0.0	0.0	0.0	0.0	0.0	0.0	0.0	0.0	0.0	0.0	0.0	0.0	0.0	0.0	0.0	0.0	0.0	0.0	0.0	0.0	0.0	0.0	0.0	0.0	0.0	0.0	0.0	0.0	0.0	0.0	0.0	0.0	0.0	0.0	0.0	0.0	0.0	0.0	0.0	0.0	0.0	0.0	0.0	0.0	0.0	0.0	0.0	0.0	0.0	0.0	0.0	0.0	0.0	0.0	0.0	0.0	0.0	0.0	0.0	0.0	0.0	0.0	0.0	108.0	0.0	0.0	0.0	0.0	0.0
Bacteria;Gemmatimonadetes;Gemmatimonadetes;Gemmatimonadales;Gemmatimonadaceae;Unclassified	0.0	0.0	0.0	0.0	0.0	0.0	0.0	0.0	0.0	0.0	0.0	0.0	0.0	0.0	0.0	0.0	0.0	0.0	0.0	0.0	0.0	0.0	0.0	0.0	0.0	0.0	0.0	0.0	0.0	0.0	0.0	0.0	0.0	0.0	0.0	0.0	0.0	0.0	0.0	0.0	7.0	0.0	0.0	0.0	0.0	0.0	0.0	0.0	0.0	0.0	0.0	0.0	0.0	0.0	0.0	0.0	0.0	0.0	0.0	0.0	0.0	0.0	0.0	0.0	0.0	0.0	0.0	0.0	0.0	0.0	0.0	0.0	0.0	0.0	0.0	0.0	0.0	0.0	0.0	0.0	0.0	0.0	0.0	0.0	0.0	0.0	0.0	0.0
Bacteria;Gemmatimonadetes;Gemmatimonadetes;Other;Other;Other	123.0	0.0	1.0	0.0	0.0	0.0	226.0	158.0	490.0	50.0	0.0	4.0	643.0	0.0	0.0	0.0	22.0	0.0	0.0	0.0	0.0	0.0	17.0	181.0	0.0	6.0	0.0	0.0	96.0	0.0	0.0	0.0	0.0	11.0	0.0	0.0	0.0	0.0	117.0	0.0	704.0	0.0	2.0	0.0	0.0	0.0	0.0	0.0	5.0	0.0	47.0	94.0	0.0	60.0	109.0	0.0	9.0	0.0	0.0	0.0	0.0	4.0	326.0	0.0	0.0	1.0	0.0	16.0	0.0	19.0	0.0	0.0	7.0	19.0	78.0	0.0	2.0	0.0	0.0	0.0	0.0	0.0	0.0	178.0	0.0	0.0	211.0	0.0
Bacteria;Nitrospirae;Nitrospira;Nitrospirales;Nitrospiraceae;Nitrospira	0.0	0.0	0.0	0.0	0.0	0.0	0.0	0.0	2.0	0.0	0.0	0.0	0.0	0.0	0.0	0.0	0.0	0.0	0.0	0.0	0.0	0.0	0.0	0.0	0.0	0.0	186.0	0.0	0.0	0.0	0.0	0.0	0.0	0.0	0.0	0.0	0.0	0.0	0.0	0.0	0.0	0.0	0.0	0.0	0.0	0.0	0.0	0.0	0.0	0.0	0.0	0.0	0.0	0.0	0.0	0.0	0.0	0.0	0.0	0.0	0.0	0.0	0.0	0.0	0.0	0.0	0.0	0.0	0.0	0.0	0.0	0.0	0.0	0.0	0.0	0.0	0.0	0.0	0.0	0.0	0.0	0.0	0.0	0.0	0.0	0.0	0.0	0.0
Bacteria;Nitrospirae;Nitrospira;Nitrospirales;Unclassified;Nitrospira	0.0	0.0	0.0	0.0	0.0	0.0	289.0	0.0	0.0	0.0	0.0	0.0	0.0	60.0	0.0	0.0	0.0	0.0	0.0	0.0	0.0	0.0	0.0	0.0	0.0	0.0	0.0	0.0	0.0	0.0	0.0	0.0	0.0	0.0	0.0	0.0	0.0	0.0	1.0	0.0	0.0	0.0	0.0	0.0	0.0	0.0	0.0	0.0	0.0	0.0	0.0	0.0	0.0	0.0	0.0	0.0	0.0	0.0	0.0	0.0	0.0	0.0	0.0	0.0	0.0	0.0	0.0	0.0	0.0	0.0	0.0	0.0	0.0	0.0	0.0	0.0	0.0	0.0	0.0	0.0	0.0	0.0	0.0	0.0	0.0	0.0	0.0	0.0
Bacteria;Other;Other;Other;Other;Other	0.0	173.0	1.0	351.0	548.0	0.0	410.0	428.0	133.0	268.0	24.0	5.0	13.0	5.0	613.0	395.0	59.0	47.0	308.0	24.0	40.0	75.0	305.0	444.0	493.0	0.0	411.0	70.0	0.0	103.0	309.0	0.0	0.0	359.0	5.0	0.0	0.0	1.0	47.0	357.0	9.0	452.0	4.0	100.0	3.0	0.0	775.0	504.0	18.0	82.0	0.0	43.0	303.0	177.0	9.0	103.0	13.0	250.0	134.0	90.0	0.0	4.0	141.0	0.0	7.0	313.0	0.0	127.0	4.0	9.0	111.0	47.0	247.0	0.0	37.0	213.0	1.0	791.0	220.0	0.0	938.0	0.0	197.0	9.0	0.0	0.0	195.0	821.0
Bacteria;Planctomycetes;Other;Other;Other;Other	0.0	0.0	0.0	0.0	0.0	0.0	0.0	0.0	0.0	0.0	0.0	0.0	6.0	0.0	0.0	0.0	0.0	0.0	0.0	0.0	0.0	0.0	0.0	0.0	0.0	0.0	0.0	0.0	0.0	0.0	0.0	0.0	0.0	0.0	0.0	0.0	0.0	0.0	0.0	0.0	0.0	0.0	0.0	0.0	0.0	0.0	0.0	0.0	0.0	0.0	0.0	0.0	0.0	0.0	0.0	0.0	0.0	0.0	0.0	0.0	0.0	0.0	0.0	0.0	0.0	0.0	0.0	0.0	0.0	0.0	0.0	0.0	0.0	0.0	0.0	0.0	0.0	0.0	0.0	0.0	0.0	0.0	0.0	0.0	0.0	0.0	0.0	0.0
Bacteria;Planctomycetes;Phycisphaerae;Phycisphaerales;Phycisphaeraceae;Other	0.0	0.0	0.0	0.0	0.0	0.0	0.0	0.0	0.0	0.0	0.0	0.0	0.0	0.0	0.0	0.0	0.0	173.0	0.0	0.0	0.0	0.0	0.0	0.0	0.0	0.0	0.0	0.0	0.0	0.0	0.0	0.0	0.0	0.0	0.0	0.0	0.0	0.0	0.0	0.0	0.0	0.0	2.0	0.0	0.0	0.0	0.0	0.0	0.0	0.0	0.0	0.0	0.0	0.0	0.0	0.0	0.0	0.0	0.0	0.0	0.0	0.0	0.0	0.0	0.0	0.0	1.0	0.0	0.0	0.0	0.0	0.0	0.0	0.0	0.0	0.0	0.0	0.0	0.0	0.0	0.0	0.0	0.0	0.0	0.0	0.0	0.0	0.0
Bacteria;Planctomycetes;Phycisphaerae;Phycisphaerales;Phycisphaeraceae;Unclassified	0.0	0.0	0.0	0.0	0.0	0.0	0.0	0.0	0.0	0.0	0.0	0.0	0.0	0.0	113.0	0.0	0.0	0.0	0.0	0.0	0.0	0.0	0.0	0.0	0.0	0.0	0.0	0.0	0.0	0.0	0.0	0.0	0.0	0.0	0.0	0.0	0.0	0.0	0.0	0.0	0.0	0.0	0.0	0.0	0.0	0.0	0.0	0.0	0.0	0.0	0.0	0.0	0.0	0.0	0.0	0.0	0.0	0.0	0.0	0.0	0.0	0.0	0.0	0.0	0.0	0.0	21.0	0.0	0.0	0.0	0.0	0.0	0.0	0.0	0.0	0.0	0.0	0.0	0.0	0.0	0.0	0.0	0.0	0.0	0.0	0.0	0.0	0.0
Bacteria;Planctomycetes;Unclassified;Planctomycetales;Planctomycetaceae;Isosphaera	0.0	0.0	0.0	0.0	0.0	0.0	0.0	0.0	0.0	0.0	0.0	0.0	0.0	0.0	0.0	0.0	0.0	0.0	0.0	0.0	0.0	0.0	0.0	0.0	0.0	0.0	0.0	0.0	0.0	0.0	0.0	0.0	0.0	0.0	0.0	0.0	0.0	0.0	0.0	0.0	2.0	0.0	0.0	0.0	0.0	0.0	0.0	0.0	0.0	0.0	0.0	0.0	0.0	0.0	0.0	0.0	0.0	0.0	0.0	0.0	0.0	0.0	0.0	0.0	0.0	0.0	0.0	0.0	0.0	0.0	0.0	0.0	0.0	0.0	0.0	0.0	0.0	0.0	0.0	0.0	0.0	0.0	0.0	0.0	0.0	0.0	0.0	0.0
Bacteria;Planctomycetes;Unclassified;Planctomycetales;Planctomycetaceae;Other	0.0	0.0	0.0	0.0	0.0	0.0	0.0	0.0	0.0	0.0	0.0	0.0	0.0	258.0	0.0	0.0	0.0	0.0	0.0	0.0	0.0	0.0	0.0	0.0	0.0	0.0	0.0	0.0	0.0	0.0	0.0	0.0	0.0	0.0	0.0	0.0	0.0	0.0	1.0	0.0	0.0	0.0	0.0	0.0	0.0	0.0	0.0	0.0	0.0	0.0	0.0	0.0	0.0	0.0	0.0	0.0	0.0	0.0	0.0	0.0	0.0	0.0	0.0	0.0	0.0	0.0	0.0	0.0	0.0	0.0	0.0	0.0	0.0	0.0	0.0	0.0	0.0	0.0	0.0	0.0	0.0	0.0	0.0	0.0	0.0	0.0	0.0	0.0
Bacteria;Proteobacteria;Alphaproteobacteria;Caulobacterales;Caulobacteraceae;Asticcacaulis	0.0	0.0	0.0	1.0	160.0	0.0	0.0	0.0	0.0	230.0	0.0	0.0	4.0	16.0	0.0	0.0	7.0	0.0	99.0	0.0	0.0	0.0	0.0	0.0	1.0	0.0	0.0	0.0	2.0	0.0	0.0	0.0	0.0	0.0	0.0	0.0	0.0	0.0	5.0	17.0	0.0	0.0	15.0	8.0	0.0	0.0	17.0	0.0	0.0	0.0	0.0	0.0	0.0	125.0	0.0	6.0	4.0	84.0	0.0	0.0	112.0	0.0	17.0	0.0	0.0	174.0	0.0	0.0	0.0	0.0	0.0	29.0	0.0	400.0	0.0	0.0	0.0	0.0	0.0	0.0	0.0	245.0	190.0	3.0	79.0	0.0	1.0	0.0
Bacteria;Proteobacteria;Alphaproteobacteria;Caulobacterales;Caulobacteraceae;Brevundimonas	557.0	505.0	22.0	213.0	644.0	0.0	255.0	0.0	54.0	37.0	0.0	0.0	1.0	205.0	234.0	0.0	41.0	618.0	1.0	191.0	0.0	326.0	22.0	22.0	572.0	108.0	261.0	1.0	1.0	4.0	33.0	0.0	0.0	26.0	5.0	0.0	261.0	254.0	129.0	0.0	9.0	367.0	41.0	141.0	0.0	208.0	0.0	43.0	37.0	284.0	0.0	247.0	2.0	0.0	295.0	12.0	3.0	0.0	3.0	19.0	2.0	3.0	122.0	0.0	0.0	1.0	72.0	2939.0	18.0	0.0	0.0	173.0	241.0	256.0	25.0	0.0	1.0	811.0	1.0	0.0	3324.0	0.0	42.0	17.0	432.0	9.0	338.0	131.0
Bacteria;Proteobacteria;Alphaproteobacteria;Caulobacterales;Caulobacteraceae;Caulobacter	1360.0	3673.0	1054.0	557.0	3150.0	1498.0	4173.0	1319.0	2320.0	1596.0	231.0	10.0	119.0	1567.0	4181.0	3510.0	288.0	3438.0	2015.0	2868.0	1952.0	1002.0	1119.0	1881.0	726.0	570.0	1483.0	777.0	1139.0	567.0	2710.0	1271.0	1298.0	2059.0	812.0	825.0	713.0	929.0	2065.0	1720.0	134.0	1587.0	125.0	1782.0	679.0	3306.0	2825.0	2282.0	514.0	1753.0	803.0	2666.0	2275.0	1942.0	1119.0	412.0	48.0	838.0	443.0	1333.0	3860.0	149.0	4942.0	1357.0	5027.0	3920.0	332.0	822.0	92.0	1637.0	1323.0	1152.0	1527.0	747.0	481.0	3947.0	904.0	1831.0	2971.0	201.0	1956.0	1930.0	3015.0	1085.0	2640.0	1838.0	1112.0	3645.0
Bacteria;Proteobacteria;Alphaproteobacteria;Caulobacterales;Caulobacteraceae;Other	0.0	423.0	0.0	1.0	55.0	0.0	103.0	0.0	0.0	0.0	0.0	0.0	4.0	6.0	16.0	0.0	14.0	1.0	1.0	2.0	0.0	315.0	0.0	1.0	439.0	127.0	1.0	0.0	4.0	61.0	1.0	0.0	0.0	85.0	65.0	0.0	3.0	1.0	3.0	230.0	6.0	142.0	2.0	76.0	0.0	80.0	0.0	783.0	75.0	0.0	2.0	116.0	0.0	149.0	4.0	0.0	8.0	86.0	0.0	1.0	3.0	0.0	0.0	73.0	394.0	134.0	0.0	0.0	0.0	46.0	76.0	390.0	107.0	0.0	9.0	214.0	0.0	1.0	231.0	0.0	270.0	0.0	218.0	0.0	0.0	494.0	0.0	0.0
Bacteria;Proteobacteria;Alphaproteobacteria;Caulobacterales;Hyphomonadaceae;Hirschia	0.0	0.0	0.0	0.0	14.0	0.0	0.0	0.0	0.0	0.0	0.0	0.0	0.0	0.0	0.0	0.0	0.0	0.0	0.0	0.0	0.0	0.0	0.0	0.0	0.0	0.0	0.0	0.0	0.0	0.0	0.0	0.0	0.0	0.0	0.0	0.0	0.0	0.0	0.0	0.0	0.0	0.0	0.0	0.0	0.0	0.0	0.0	0.0	0.0	0.0	0.0	0.0	0.0	0.0	0.0	0.0	0.0	0.0	0.0	0.0	0.0	0.0	0.0	0.0	0.0	0.0	0.0	0.0	0.0	0.0	0.0	0.0	0.0	0.0	0.0	0.0	0.0	1.0	0.0	0.0	0.0	0.0	0.0	0.0	0.0	0.0	0.0	0.0
Bacteria;Proteobacteria;Alphaproteobacteria;Caulobacterales;Hyphomonadaceae;Other	0.0	0.0	0.0	0.0	0.0	0.0	0.0	0.0	0.0	0.0	0.0	0.0	0.0	0.0	0.0	0.0	0.0	0.0	0.0	0.0	0.0	0.0	0.0	128.0	0.0	0.0	0.0	0.0	0.0	0.0	0.0	0.0	0.0	0.0	0.0	0.0	0.0	0.0	0.0	0.0	0.0	0.0	0.0	0.0	0.0	0.0	73.0	0.0	0.0	0.0	0.0	0.0	0.0	0.0	0.0	0.0	0.0	12.0	0.0	0.0	0.0	0.0	0.0	0.0	0.0	0.0	0.0	0.0	0.0	0.0	0.0	0.0	0.0	0.0	0.0	0.0	0.0	0.0	0.0	0.0	0.0	0.0	40.0	0.0	0.0	0.0	0.0	0.0
Bacteria;Proteobacteria;Alphaproteobacteria;Other;Other;Other	0.0	0.0	0.0	12.0	0.0	0.0	0.0	0.0	0.0	0.0	0.0	0.0	0.0	0.0	228.0	0.0	0.0	0.0	104.0	0.0	0.0	11.0	0.0	13.0	0.0	0.0	0.0	0.0	0.0	0.0	0.0	207.0	0.0	14.0	0.0	21.0	0.0	18.0	0.0	0.0	0.0	0.0	1.0	0.0	0.0	0.0	0.0	0.0	0.0	0.0	23.0	0.0	0.0	0.0	0.0	0.0	1.0	93.0	0.0	0.0	0.0	1.0	78.0	0.0	0.0	1.0	0.0	80.0	1.0	0.0	8.0	69.0	0.0	0.0	0.0	0.0	0.0	0.0	0.0	0.0	0.0	0.0	0.0	0.0	0.0	0.0	9.0	0.0
Bacteria;Proteobacteria;Alphaproteobacteria;Parvularculales;Parvularculaceae;Parvularcula	0.0	0.0	0.0	0.0	0.0	0.0	0.0	0.0	0.0	0.0	0.0	0.0	0.0	0.0	0.0	0.0	0.0	0.0	0.0	0.0	0.0	0.0	0.0	0.0	0.0	0.0	0.0	0.0	0.0	0.0	0.0	0.0	0.0	0.0	0.0	0.0	0.0	0.0	0.0	24.0	0.0	0.0	0.0	0.0	0.0	0.0	51.0	0.0	0.0	0.0	0.0	0.0	0.0	0.0	0.0	0.0	0.0	0.0	0.0	0.0	0.0	0.0	0.0	0.0	0.0	0.0	0.0	0.0	0.0	0.0	0.0	0.0	0.0	0.0	0.0	0.0	0.0	0.0	0.0	0.0	0.0	0.0	0.0	0.0	0.0	0.0	0.0	0.0
Bacteria;Proteobacteria;Alphaproteobacteria;Rhizobiales;Aurantimonadaceae;Aureimonas	0.0	0.0	0.0	0.0	0.0	0.0	0.0	0.0	0.0	0.0	0.0	0.0	0.0	0.0	0.0	0.0	0.0	0.0	0.0	0.0	0.0	0.0	0.0	0.0	0.0	0.0	0.0	0.0	0.0	0.0	0.0	0.0	0.0	0.0	0.0	0.0	0.0	0.0	0.0	0.0	1.0	0.0	0.0	0.0	0.0	0.0	0.0	0.0	0.0	0.0	0.0	0.0	0.0	0.0	0.0	0.0	0.0	0.0	0.0	0.0	0.0	0.0	0.0	0.0	0.0	0.0	0.0	75.0	0.0	0.0	0.0	0.0	0.0	0.0	0.0	0.0	0.0	0.0	0.0	0.0	0.0	0.0	0.0	0.0	0.0	0.0	0.0	0.0
Bacteria;Proteobacteria;Alphaproteobacteria;Rhizobiales;Beijerinckiaceae;Chelatococcus	0.0	0.0	0.0	0.0	0.0	0.0	0.0	0.0	0.0	0.0	0.0	0.0	30.0	0.0	0.0	0.0	0.0	0.0	0.0	0.0	0.0	0.0	0.0	0.0	1.0	0.0	0.0	0.0	0.0	0.0	0.0	0.0	0.0	0.0	0.0	0.0	0.0	0.0	0.0	0.0	0.0	0.0	0.0	0.0	0.0	0.0	0.0	0.0	0.0	0.0	0.0	0.0	0.0	0.0	0.0	0.0	0.0	0.0	0.0	0.0	0.0	0.0	0.0	0.0	0.0	0.0	0.0	0.0	0.0	0.0	0.0	0.0	0.0	0.0	0.0	0.0	0.0	0.0	0.0	0.0	0.0	0.0	0.0	0.0	129.0	0.0	0.0	0.0
Bacteria;Proteobacteria;Alphaproteobacteria;Rhizobiales;Beijerinckiaceae;Other	0.0	0.0	0.0	0.0	0.0	0.0	0.0	0.0	0.0	0.0	0.0	0.0	0.0	0.0	0.0	0.0	0.0	0.0	0.0	0.0	0.0	0.0	0.0	0.0	0.0	0.0	0.0	0.0	0.0	0.0	0.0	0.0	0.0	0.0	47.0	0.0	0.0	0.0	0.0	0.0	0.0	0.0	0.0	0.0	0.0	0.0	0.0	0.0	0.0	0.0	0.0	0.0	0.0	0.0	0.0	0.0	0.0	0.0	0.0	0.0	0.0	0.0	0.0	0.0	0.0	0.0	0.0	0.0	0.0	0.0	0.0	0.0	0.0	0.0	0.0	0.0	0.0	0.0	0.0	0.0	0.0	0.0	0.0	0.0	0.0	0.0	0.0	0.0
Bacteria;Proteobacteria;Alphaproteobacteria;Rhizobiales;Bradyrhizobiaceae;Bosea	121.0	0.0	0.0	0.0	124.0	0.0	0.0	23.0	13.0	0.0	0.0	0.0	3.0	1.0	0.0	1.0	6.0	162.0	0.0	218.0	0.0	0.0	5.0	33.0	0.0	15.0	281.0	1.0	85.0	34.0	0.0	0.0	28.0	74.0	14.0	157.0	0.0	0.0	164.0	0.0	26.0	3.0	0.0	0.0	0.0	287.0	0.0	0.0	46.0	52.0	15.0	0.0	15.0	0.0	23.0	0.0	5.0	74.0	0.0	5.0	98.0	0.0	0.0	0.0	0.0	2.0	0.0	40.0	0.0	321.0	151.0	0.0	91.0	45.0	0.0	814.0	0.0	162.0	0.0	0.0	1.0	101.0	42.0	12.0	203.0	0.0	170.0	498.0
Bacteria;Proteobacteria;Alphaproteobacteria;Rhizobiales;Bradyrhizobiaceae;Bradyrhizobium	913.0	2508.0	704.0	834.0	1881.0	857.0	3491.0	1130.0	958.0	1397.0	131.0	6.0	64.0	1152.0	4392.0	2789.0	317.0	1374.0	1254.0	1384.0	2788.0	1499.0	344.0	1353.0	618.0	351.0	2028.0	1220.0	1234.0	621.0	1163.0	1057.0	424.0	1527.0	499.0	1396.0	1369.0	717.0	1061.0	1288.0	127.0	1521.0	211.0	1591.0	1669.0	2819.0	982.0	1460.0	218.0	1147.0	588.0	1070.0	1184.0	1660.0	1395.0	320.0	33.0	1134.0	245.0	816.0	2646.0	76.0	1905.0	1034.0	2244.0	4457.0	209.0	567.0	43.0	608.0	1652.0	1500.0	1381.0	883.0	287.0	1814.0	554.0	2491.0	1744.0	447.0	851.0	730.0	2110.0	518.0	1019.0	665.0	832.0	2692.0
Bacteria;Proteobacteria;Alphaproteobacteria;Rhizobiales;Bradyrhizobiaceae;Other	200.0	7.0	1036.0	260.0	356.0	540.0	705.0	14.0	334.0	53.0	75.0	1.0	6.0	83.0	5.0	165.0	14.0	39.0	222.0	525.0	678.0	179.0	3.0	90.0	874.0	2.0	569.0	156.0	62.0	129.0	70.0	150.0	9.0	193.0	152.0	51.0	81.0	547.0	380.0	1101.0	12.0	161.0	38.0	881.0	651.0	76.0	552.0	178.0	40.0	323.0	115.0	83.0	736.0	152.0	0.0	95.0	21.0	139.0	32.0	244.0	437.0	32.0	666.0	16.0	55.0	412.0	40.0	39.0	10.0	148.0	11.0	295.0	263.0	218.0	24.0	612.0	75.0	994.0	813.0	96.0	67.0	89.0	434.0	381.0	491.0	1212.0	7.0	272.0
Bacteria;Proteobacteria;Alphaproteobacteria;Rhizobiales;Brucellaceae;Ochrobactrum	0.0	98.0	0.0	0.0	0.0	0.0	0.0	0.0	0.0	0.0	0.0	0.0	198.0	0.0	0.0	260.0	0.0	0.0	1.0	0.0	0.0	0.0	4.0	0.0	0.0	0.0	0.0	0.0	0.0	0.0	0.0	0.0	0.0	0.0	0.0	0.0	0.0	0.0	0.0	0.0	223.0	104.0	12.0	251.0	0.0	0.0	0.0	0.0	0.0	0.0	0.0	0.0	0.0	0.0	72.0	14.0	0.0	27.0	12.0	0.0	0.0	0.0	0.0	0.0	0.0	0.0	0.0	1.0	1.0	9.0	0.0	0.0	0.0	0.0	0.0	0.0	0.0	0.0	0.0	0.0	0.0	0.0	49.0	29.0	0.0	0.0	0.0	291.0
Bacteria;Proteobacteria;Alphaproteobacteria;Rhizobiales;Hyphomicrobiaceae;Ancalomicrobium	0.0	0.0	0.0	0.0	0.0	0.0	0.0	0.0	0.0	0.0	0.0	0.0	0.0	0.0	0.0	0.0	0.0	0.0	0.0	0.0	0.0	0.0	0.0	0.0	0.0	0.0	0.0	0.0	0.0	0.0	0.0	0.0	0.0	0.0	0.0	0.0	25.0	0.0	0.0	0.0	0.0	0.0	0.0	0.0	0.0	0.0	0.0	0.0	0.0	0.0	0.0	0.0	0.0	0.0	0.0	0.0	0.0	0.0	0.0	0.0	0.0	0.0	0.0	0.0	0.0	0.0	0.0	0.0	0.0	0.0	59.0	0.0	0.0	0.0	0.0	0.0	0.0	0.0	0.0	0.0	0.0	0.0	0.0	0.0	0.0	0.0	0.0	0.0
Bacteria;Proteobacteria;Alphaproteobacteria;Rhizobiales;Hyphomicrobiaceae;Devosia	0.0	0.0	0.0	0.0	0.0	0.0	0.0	0.0	0.0	0.0	0.0	0.0	0.0	0.0	0.0	0.0	0.0	0.0	0.0	0.0	0.0	0.0	0.0	0.0	0.0	0.0	0.0	0.0	0.0	0.0	0.0	0.0	0.0	0.0	0.0	0.0	0.0	1.0	0.0	400.0	0.0	0.0	0.0	0.0	0.0	0.0	0.0	0.0	0.0	0.0	0.0	0.0	0.0	0.0	0.0	55.0	0.0	0.0	16.0	0.0	0.0	0.0	0.0	1.0	0.0	0.0	0.0	0.0	0.0	0.0	0.0	0.0	0.0	0.0	0.0	0.0	0.0	0.0	0.0	0.0	0.0	0.0	0.0	0.0	0.0	0.0	0.0	0.0
Bacteria;Proteobacteria;Alphaproteobacteria;Rhizobiales;Hyphomicrobiaceae;Hyphomicrobium	0.0	0.0	234.0	0.0	0.0	0.0	0.0	0.0	0.0	7.0	0.0	0.0	0.0	0.0	0.0	0.0	0.0	0.0	0.0	0.0	0.0	0.0	0.0	0.0	0.0	0.0	0.0	0.0	0.0	0.0	0.0	0.0	0.0	0.0	0.0	0.0	0.0	0.0	157.0	120.0	0.0	0.0	0.0	0.0	0.0	0.0	0.0	0.0	0.0	0.0	0.0	0.0	0.0	0.0	0.0	0.0	0.0	0.0	0.0	0.0	0.0	0.0	0.0	0.0	0.0	0.0	0.0	0.0	9.0	0.0	1.0	0.0	0.0	0.0	0.0	0.0	0.0	0.0	0.0	0.0	0.0	0.0	0.0	0.0	0.0	0.0	0.0	0.0
Bacteria;Proteobacteria;Alphaproteobacteria;Rhizobiales;Hyphomicrobiaceae;Other	0.0	0.0	0.0	0.0	0.0	0.0	0.0	0.0	0.0	49.0	0.0	0.0	6.0	0.0	0.0	0.0	0.0	0.0	0.0	0.0	0.0	0.0	3.0	0.0	0.0	0.0	0.0	0.0	0.0	0.0	0.0	0.0	0.0	0.0	0.0	0.0	0.0	0.0	0.0	0.0	553.0	0.0	0.0	0.0	0.0	0.0	0.0	0.0	0.0	0.0	0.0	160.0	0.0	0.0	96.0	0.0	0.0	0.0	0.0	0.0	0.0	0.0	0.0	0.0	0.0	0.0	0.0	0.0	0.0	0.0	0.0	0.0	0.0	0.0	0.0	0.0	0.0	0.0	0.0	0.0	0.0	0.0	1.0	0.0	0.0	0.0	29.0	221.0
Bacteria;Proteobacteria;Alphaproteobacteria;Rhizobiales;Hyphomicrobiaceae;Pedomicrobium	0.0	0.0	0.0	0.0	0.0	0.0	0.0	0.0	0.0	0.0	0.0	0.0	0.0	0.0	0.0	0.0	0.0	0.0	0.0	0.0	0.0	0.0	0.0	0.0	0.0	0.0	0.0	0.0	0.0	0.0	0.0	0.0	0.0	0.0	0.0	0.0	0.0	0.0	0.0	0.0	0.0	0.0	8.0	0.0	0.0	0.0	0.0	0.0	0.0	0.0	0.0	0.0	0.0	0.0	0.0	0.0	0.0	0.0	0.0	0.0	0.0	0.0	0.0	0.0	0.0	0.0	0.0	0.0	0.0	41.0	0.0	0.0	0.0	0.0	0.0	0.0	0.0	0.0	0.0	0.0	0.0	0.0	0.0	0.0	0.0	0.0	0.0	0.0
Bacteria;Proteobacteria;Alphaproteobacteria;Rhizobiales;Hyphomicrobiaceae;Pelagibacterium	0.0	0.0	0.0	0.0	0.0	0.0	0.0	0.0	0.0	119.0	0.0	0.0	314.0	0.0	0.0	0.0	1.0	0.0	0.0	0.0	0.0	0.0	0.0	0.0	0.0	0.0	178.0	0.0	0.0	0.0	0.0	0.0	0.0	0.0	0.0	0.0	0.0	0.0	0.0	0.0	258.0	0.0	0.0	10.0	0.0	0.0	0.0	0.0	0.0	0.0	0.0	0.0	0.0	0.0	130.0	0.0	8.0	0.0	0.0	0.0	0.0	0.0	0.0	0.0	0.0	0.0	0.0	2.0	3.0	0.0	0.0	0.0	13.0	0.0	0.0	0.0	0.0	0.0	0.0	0.0	0.0	0.0	0.0	0.0	0.0	0.0	0.0	0.0
Bacteria;Proteobacteria;Alphaproteobacteria;Rhizobiales;Hyphomicrobiaceae;Rhodomicrobium	0.0	0.0	0.0	0.0	0.0	0.0	0.0	0.0	0.0	0.0	0.0	0.0	0.0	0.0	0.0	0.0	0.0	0.0	0.0	0.0	0.0	0.0	0.0	0.0	0.0	0.0	0.0	0.0	0.0	0.0	0.0	0.0	0.0	0.0	0.0	0.0	0.0	0.0	0.0	0.0	0.0	0.0	0.0	0.0	0.0	0.0	0.0	0.0	0.0	0.0	0.0	0.0	0.0	0.0	0.0	0.0	0.0	0.0	0.0	0.0	0.0	0.0	0.0	0.0	0.0	0.0	0.0	0.0	11.0	0.0	0.0	0.0	0.0	0.0	0.0	0.0	0.0	0.0	0.0	0.0	0.0	0.0	0.0	0.0	0.0	0.0	0.0	0.0
Bacteria;Proteobacteria;Alphaproteobacteria;Rhizobiales;Hyphomicrobiaceae;Unclassified	0.0	0.0	0.0	0.0	0.0	0.0	0.0	0.0	0.0	0.0	0.0	0.0	0.0	0.0	152.0	0.0	42.0	0.0	0.0	0.0	0.0	0.0	0.0	0.0	0.0	0.0	0.0	0.0	0.0	5.0	0.0	0.0	0.0	0.0	0.0	0.0	0.0	0.0	0.0	0.0	0.0	0.0	0.0	0.0	0.0	0.0	0.0	0.0	0.0	0.0	0.0	0.0	219.0	0.0	0.0	28.0	0.0	0.0	0.0	0.0	0.0	0.0	64.0	0.0	0.0	0.0	0.0	0.0	0.0	0.0	27.0	0.0	0.0	0.0	0.0	0.0	0.0	0.0	0.0	0.0	401.0	0.0	0.0	24.0	0.0	0.0	0.0	0.0
Bacteria;Proteobacteria;Alphaproteobacteria;Rhizobiales;Methylobacteriaceae;Methylobacterium	70.0	801.0	399.0	524.0	405.0	7605.0	532.0	41.0	564.0	569.0	21114.0	159.0	5.0	461.0	3118.0	512.0	62.0	5.0	89.0	221.0	70.0	55.0	201.0	222.0	76.0	213.0	846.0	56.0	331.0	43.0	418.0	135.0	1061.0	267.0	140.0	323.0	47.0	151.0	171.0	80.0	70.0	6779.0	72.0	332.0	1048.0	1711.0	786.0	1279.0	74.0	611.0	469.0	668.0	203.0	465.0	55.0	242.0	68.0	141.0	74.0	69.0	73.0	38.0	493.0	101.0	62.0	1000.0	3.0	718.0	30.0	789.0	561.0	258.0	53.0	33.0	103.0	1659.0	108.0	3185.0	210.0	43.0	1627.0	0.0	789.0	302.0	144.0	204.0	543.0	236.0
Bacteria;Proteobacteria;Alphaproteobacteria;Rhizobiales;Methylobacteriaceae;Other	0.0	0.0	0.0	0.0	0.0	0.0	0.0	0.0	0.0	0.0	0.0	0.0	0.0	0.0	0.0	0.0	0.0	0.0	0.0	0.0	0.0	0.0	0.0	0.0	0.0	0.0	0.0	0.0	0.0	0.0	0.0	0.0	0.0	0.0	0.0	0.0	0.0	0.0	0.0	0.0	0.0	0.0	0.0	0.0	0.0	0.0	0.0	0.0	0.0	0.0	0.0	0.0	0.0	0.0	0.0	0.0	0.0	0.0	0.0	0.0	0.0	0.0	0.0	0.0	0.0	0.0	0.0	0.0	0.0	0.0	0.0	0.0	7.0	0.0	0.0	0.0	0.0	0.0	0.0	0.0	0.0	0.0	29.0	0.0	0.0	0.0	0.0	0.0
Bacteria;Proteobacteria;Alphaproteobacteria;Rhizobiales;Other;Other	0.0	0.0	452.0	0.0	132.0	0.0	0.0	130.0	0.0	0.0	0.0	0.0	3.0	87.0	78.0	0.0	16.0	255.0	56.0	0.0	94.0	89.0	291.0	19.0	6.0	2.0	0.0	170.0	1.0	0.0	0.0	0.0	0.0	55.0	10.0	289.0	3.0	75.0	1.0	0.0	2.0	17.0	5.0	32.0	18.0	62.0	48.0	0.0	2.0	291.0	0.0	0.0	93.0	62.0	0.0	1.0	0.0	0.0	89.0	208.0	88.0	0.0	0.0	2.0	9.0	2.0	22.0	63.0	1.0	15.0	156.0	0.0	36.0	307.0	60.0	169.0	230.0	100.0	132.0	0.0	0.0	126.0	5.0	17.0	0.0	112.0	0.0	8.0
Bacteria;Proteobacteria;Alphaproteobacteria;Rhizobiales;Phyllobacteriaceae;Mesorhizobium	0.0	0.0	0.0	0.0	5.0	0.0	0.0	0.0	0.0	84.0	0.0	0.0	173.0	273.0	0.0	5.0	4.0	6.0	136.0	0.0	0.0	0.0	0.0	97.0	0.0	205.0	0.0	0.0	0.0	0.0	0.0	0.0	0.0	185.0	0.0	0.0	0.0	25.0	147.0	0.0	17.0	0.0	63.0	0.0	0.0	0.0	0.0	67.0	0.0	0.0	0.0	0.0	0.0	0.0	0.0	7.0	23.0	25.0	1.0	0.0	701.0	6.0	0.0	0.0	332.0	3.0	9.0	2.0	7.0	1.0	160.0	8.0	83.0	587.0	9.0	0.0	0.0	455.0	27.0	0.0	0.0	0.0	0.0	59.0	0.0	0.0	0.0	3.0
Bacteria;Proteobacteria;Alphaproteobacteria;Rhizobiales;Phyllobacteriaceae;Other	0.0	0.0	0.0	0.0	0.0	0.0	0.0	0.0	0.0	0.0	0.0	0.0	101.0	1.0	0.0	1.0	1.0	6.0	0.0	0.0	0.0	0.0	0.0	0.0	0.0	0.0	0.0	0.0	113.0	10.0	47.0	0.0	21.0	326.0	0.0	111.0	0.0	0.0	0.0	0.0	81.0	0.0	0.0	0.0	0.0	0.0	0.0	0.0	4.0	0.0	0.0	0.0	0.0	0.0	239.0	0.0	8.0	0.0	0.0	0.0	0.0	0.0	1.0	0.0	0.0	0.0	0.0	2.0	0.0	0.0	32.0	0.0	8.0	0.0	0.0	0.0	0.0	0.0	0.0	0.0	0.0	0.0	0.0	0.0	0.0	0.0	0.0	0.0
Bacteria;Proteobacteria;Alphaproteobacteria;Rhizobiales;Rhizobiaceae;Rhizobium	0.0	0.0	0.0	0.0	0.0	0.0	0.0	0.0	0.0	0.0	0.0	0.0	0.0	19.0	31.0	0.0	0.0	0.0	44.0	0.0	0.0	0.0	0.0	3.0	0.0	0.0	0.0	25.0	0.0	0.0	0.0	0.0	0.0	7.0	0.0	0.0	0.0	0.0	0.0	0.0	0.0	0.0	0.0	0.0	0.0	0.0	150.0	0.0	0.0	18.0	0.0	0.0	0.0	0.0	0.0	0.0	0.0	0.0	0.0	0.0	0.0	0.0	0.0	0.0	0.0	0.0	0.0	0.0	0.0	0.0	0.0	0.0	0.0	0.0	0.0	0.0	0.0	0.0	0.0	0.0	55.0	0.0	0.0	0.0	0.0	0.0	0.0	0.0
Bacteria;Proteobacteria;Alphaproteobacteria;Rhizobiales;Rhizobiaceae;Shinella	81.0	0.0	3.0	55.0	0.0	0.0	311.0	0.0	0.0	0.0	0.0	1.0	4.0	0.0	0.0	0.0	0.0	177.0	0.0	0.0	0.0	117.0	7.0	4.0	113.0	52.0	0.0	57.0	3.0	14.0	0.0	0.0	0.0	1.0	0.0	0.0	0.0	0.0	31.0	1.0	7.0	206.0	2.0	0.0	2.0	0.0	197.0	144.0	0.0	0.0	5.0	35.0	0.0	0.0	0.0	0.0	8.0	1.0	0.0	39.0	0.0	3.0	0.0	225.0	0.0	111.0	0.0	225.0	0.0	0.0	199.0	632.0	0.0	0.0	0.0	0.0	0.0	0.0	0.0	0.0	17.0	0.0	0.0	23.0	0.0	0.0	0.0	0.0
Bacteria;Proteobacteria;Alphaproteobacteria;Rhizobiales;Rhodobiaceae;Rhodoligotrophos	0.0	0.0	0.0	0.0	0.0	0.0	0.0	0.0	0.0	0.0	0.0	0.0	63.0	0.0	0.0	0.0	1.0	0.0	0.0	0.0	0.0	0.0	0.0	0.0	0.0	0.0	0.0	0.0	0.0	0.0	0.0	0.0	0.0	0.0	0.0	0.0	0.0	0.0	0.0	0.0	96.0	0.0	0.0	0.0	0.0	0.0	0.0	0.0	0.0	0.0	0.0	0.0	0.0	0.0	189.0	0.0	0.0	0.0	0.0	0.0	0.0	0.0	0.0	0.0	0.0	0.0	0.0	0.0	0.0	0.0	0.0	0.0	0.0	0.0	0.0	0.0	0.0	0.0	0.0	0.0	0.0	0.0	0.0	0.0	0.0	0.0	0.0	0.0
Bacteria;Proteobacteria;Alphaproteobacteria;Rhizobiales;Rhodobiaceae;Tepidamorphus	0.0	0.0	0.0	0.0	0.0	0.0	0.0	0.0	0.0	0.0	0.0	0.0	0.0	0.0	0.0	0.0	0.0	0.0	0.0	0.0	0.0	0.0	0.0	0.0	0.0	0.0	0.0	0.0	0.0	0.0	0.0	0.0	0.0	0.0	0.0	0.0	0.0	0.0	0.0	0.0	0.0	0.0	0.0	0.0	0.0	0.0	0.0	2.0	0.0	0.0	0.0	0.0	0.0	0.0	0.0	0.0	0.0	0.0	0.0	0.0	0.0	0.0	0.0	0.0	0.0	0.0	0.0	0.0	0.0	0.0	3.0	109.0	0.0	0.0	0.0	0.0	0.0	0.0	0.0	0.0	0.0	0.0	0.0	0.0	0.0	0.0	0.0	0.0
Bacteria;Proteobacteria;Alphaproteobacteria;Rhizobiales;Unclassified;Agaricicola	0.0	0.0	0.0	0.0	0.0	0.0	0.0	0.0	0.0	0.0	0.0	0.0	0.0	0.0	0.0	0.0	0.0	0.0	0.0	0.0	0.0	0.0	0.0	18.0	0.0	0.0	0.0	0.0	0.0	0.0	0.0	0.0	0.0	0.0	0.0	0.0	0.0	0.0	0.0	0.0	0.0	0.0	0.0	0.0	0.0	0.0	0.0	0.0	0.0	0.0	0.0	0.0	0.0	0.0	0.0	0.0	0.0	0.0	0.0	0.0	0.0	0.0	0.0	0.0	0.0	0.0	0.0	0.0	0.0	0.0	0.0	0.0	0.0	0.0	0.0	0.0	0.0	0.0	0.0	0.0	0.0	0.0	0.0	0.0	0.0	0.0	0.0	0.0
Bacteria;Proteobacteria;Alphaproteobacteria;Rhizobiales;Unclassified;Nordella	0.0	0.0	0.0	0.0	0.0	0.0	0.0	0.0	0.0	0.0	0.0	0.0	0.0	0.0	0.0	0.0	0.0	0.0	0.0	0.0	0.0	0.0	0.0	0.0	0.0	0.0	0.0	0.0	0.0	0.0	0.0	0.0	0.0	0.0	0.0	0.0	0.0	0.0	0.0	0.0	0.0	0.0	0.0	0.0	0.0	0.0	0.0	0.0	0.0	0.0	0.0	0.0	0.0	0.0	0.0	0.0	0.0	0.0	0.0	0.0	0.0	0.0	0.0	0.0	0.0	0.0	0.0	0.0	0.0	0.0	0.0	0.0	0.0	0.0	10.0	0.0	0.0	0.0	0.0	0.0	0.0	0.0	0.0	0.0	0.0	0.0	38.0	0.0
Bacteria;Proteobacteria;Alphaproteobacteria;Rhizobiales;Xanthobacteraceae;Other	0.0	0.0	0.0	0.0	0.0	0.0	0.0	0.0	0.0	0.0	0.0	0.0	0.0	0.0	0.0	0.0	0.0	0.0	0.0	0.0	0.0	0.0	0.0	0.0	0.0	1.0	0.0	0.0	0.0	0.0	0.0	165.0	0.0	0.0	0.0	0.0	0.0	0.0	0.0	0.0	0.0	0.0	0.0	0.0	0.0	0.0	0.0	0.0	0.0	0.0	0.0	0.0	0.0	0.0	0.0	0.0	0.0	0.0	0.0	0.0	0.0	0.0	0.0	0.0	0.0	0.0	0.0	0.0	0.0	0.0	0.0	0.0	0.0	12.0	0.0	0.0	0.0	0.0	0.0	0.0	0.0	0.0	0.0	0.0	0.0	0.0	0.0	0.0
Bacteria;Proteobacteria;Alphaproteobacteria;Rhizobiales;Xanthobacteraceae;Pseudoxanthobacter	0.0	0.0	0.0	0.0	0.0	0.0	0.0	0.0	0.0	0.0	0.0	0.0	0.0	0.0	0.0	0.0	0.0	0.0	0.0	0.0	0.0	0.0	0.0	0.0	0.0	0.0	0.0	0.0	0.0	0.0	0.0	0.0	0.0	0.0	0.0	0.0	0.0	0.0	0.0	0.0	17.0	0.0	0.0	0.0	0.0	0.0	0.0	0.0	0.0	0.0	0.0	0.0	0.0	0.0	0.0	0.0	0.0	0.0	0.0	0.0	0.0	0.0	0.0	0.0	0.0	0.0	0.0	0.0	0.0	0.0	0.0	0.0	0.0	0.0	0.0	0.0	0.0	0.0	0.0	0.0	0.0	0.0	0.0	0.0	0.0	0.0	0.0	0.0
Bacteria;Proteobacteria;Alphaproteobacteria;Rhizobiales;Xanthobacteraceae;Xanthobacter	0.0	77.0	0.0	0.0	0.0	0.0	0.0	0.0	0.0	0.0	0.0	0.0	0.0	0.0	131.0	0.0	0.0	4.0	0.0	0.0	0.0	0.0	0.0	0.0	0.0	0.0	0.0	0.0	0.0	0.0	0.0	0.0	0.0	0.0	0.0	0.0	0.0	0.0	0.0	0.0	0.0	0.0	9.0	73.0	0.0	0.0	0.0	0.0	0.0	0.0	0.0	0.0	0.0	0.0	0.0	0.0	0.0	0.0	0.0	0.0	0.0	0.0	0.0	0.0	0.0	0.0	0.0	0.0	0.0	0.0	0.0	0.0	0.0	0.0	0.0	0.0	0.0	0.0	0.0	2.0	0.0	0.0	0.0	0.0	0.0	0.0	0.0	0.0
Bacteria;Proteobacteria;Alphaproteobacteria;Rhodobacterales;Rhodobacteraceae;Amaricoccus	0.0	0.0	0.0	0.0	0.0	0.0	0.0	0.0	0.0	0.0	0.0	0.0	3.0	0.0	0.0	0.0	6.0	0.0	0.0	0.0	0.0	0.0	0.0	29.0	0.0	0.0	0.0	0.0	0.0	0.0	0.0	0.0	0.0	0.0	0.0	0.0	0.0	0.0	0.0	0.0	0.0	39.0	0.0	0.0	0.0	0.0	0.0	0.0	0.0	0.0	0.0	0.0	0.0	0.0	0.0	0.0	0.0	0.0	0.0	0.0	0.0	0.0	0.0	0.0	0.0	0.0	0.0	0.0	0.0	0.0	0.0	0.0	0.0	0.0	0.0	0.0	0.0	0.0	0.0	0.0	0.0	255.0	0.0	0.0	0.0	0.0	0.0	24.0
Bacteria;Proteobacteria;Alphaproteobacteria;Rhodobacterales;Rhodobacteraceae;Gemmobacter	0.0	0.0	0.0	34.0	0.0	0.0	0.0	0.0	0.0	0.0	0.0	0.0	0.0	0.0	0.0	0.0	0.0	0.0	0.0	0.0	0.0	0.0	0.0	0.0	0.0	0.0	0.0	0.0	0.0	0.0	0.0	0.0	0.0	0.0	0.0	0.0	0.0	0.0	0.0	0.0	0.0	0.0	0.0	0.0	0.0	0.0	0.0	0.0	0.0	0.0	0.0	0.0	0.0	0.0	0.0	0.0	0.0	0.0	0.0	0.0	0.0	0.0	0.0	0.0	0.0	0.0	0.0	0.0	0.0	0.0	0.0	0.0	0.0	0.0	0.0	0.0	0.0	0.0	0.0	0.0	0.0	0.0	0.0	0.0	0.0	0.0	0.0	0.0
Bacteria;Proteobacteria;Alphaproteobacteria;Rhodobacterales;Rhodobacteraceae;Other	0.0	0.0	0.0	0.0	0.0	0.0	0.0	0.0	0.0	0.0	0.0	0.0	0.0	0.0	0.0	0.0	0.0	0.0	0.0	0.0	0.0	0.0	0.0	0.0	0.0	0.0	0.0	0.0	0.0	0.0	0.0	0.0	0.0	0.0	0.0	0.0	0.0	0.0	0.0	0.0	1.0	0.0	0.0	0.0	0.0	0.0	0.0	0.0	0.0	0.0	10.0	0.0	0.0	0.0	116.0	0.0	0.0	0.0	8.0	0.0	0.0	0.0	0.0	0.0	0.0	0.0	0.0	144.0	0.0	0.0	0.0	110.0	0.0	0.0	0.0	39.0	0.0	0.0	0.0	0.0	0.0	0.0	0.0	0.0	0.0	0.0	0.0	0.0
Bacteria;Proteobacteria;Alphaproteobacteria;Rhodobacterales;Rhodobacteraceae;Pannonibacter	0.0	0.0	0.0	0.0	0.0	0.0	0.0	0.0	0.0	0.0	0.0	0.0	35.0	1.0	0.0	0.0	0.0	0.0	0.0	0.0	0.0	0.0	0.0	0.0	0.0	0.0	0.0	0.0	0.0	0.0	0.0	0.0	0.0	0.0	0.0	0.0	0.0	0.0	0.0	0.0	0.0	0.0	0.0	0.0	0.0	0.0	0.0	49.0	0.0	0.0	0.0	0.0	0.0	0.0	0.0	0.0	0.0	0.0	0.0	0.0	0.0	0.0	0.0	0.0	0.0	0.0	0.0	0.0	0.0	0.0	0.0	0.0	0.0	0.0	0.0	0.0	0.0	0.0	0.0	0.0	0.0	0.0	0.0	0.0	0.0	0.0	0.0	0.0
Bacteria;Proteobacteria;Alphaproteobacteria;Rhodobacterales;Rhodobacteraceae;Paracoccus	758.0	52.0	108.0	0.0	369.0	0.0	0.0	126.0	3.0	356.0	0.0	3.0	1517.0	5.0	0.0	0.0	36.0	0.0	1.0	180.0	112.0	0.0	0.0	0.0	88.0	387.0	143.0	22.0	14.0	2.0	410.0	0.0	36.0	125.0	0.0	103.0	0.0	222.0	124.0	637.0	3936.0	1.0	1.0	198.0	3.0	0.0	316.0	417.0	22.0	205.0	141.0	62.0	0.0	182.0	598.0	56.0	88.0	253.0	0.0	9.0	0.0	0.0	137.0	550.0	0.0	0.0	0.0	4012.0	89.0	91.0	4.0	386.0	23.0	238.0	1.0	123.0	0.0	2.0	0.0	0.0	2.0	0.0	0.0	204.0	354.0	184.0	0.0	8.0
Bacteria;Proteobacteria;Alphaproteobacteria;Rhodobacterales;Rhodobacteraceae;Rubellimicrobium	0.0	0.0	0.0	0.0	0.0	130.0	0.0	0.0	0.0	0.0	0.0	0.0	0.0	0.0	552.0	0.0	0.0	0.0	6.0	0.0	0.0	0.0	0.0	0.0	0.0	0.0	0.0	0.0	0.0	0.0	0.0	0.0	0.0	0.0	0.0	0.0	0.0	0.0	0.0	0.0	1.0	17.0	0.0	0.0	0.0	0.0	0.0	0.0	0.0	138.0	0.0	0.0	0.0	0.0	0.0	0.0	0.0	0.0	0.0	0.0	0.0	5.0	0.0	0.0	0.0	0.0	0.0	99.0	0.0	0.0	0.0	0.0	0.0	0.0	0.0	0.0	0.0	0.0	0.0	0.0	0.0	0.0	0.0	0.0	0.0	0.0	0.0	0.0
Bacteria;Proteobacteria;Alphaproteobacteria;Rhodobacterales;Rhodobacteraceae;Tabrizicola	0.0	0.0	0.0	0.0	0.0	1.0	0.0	0.0	0.0	0.0	0.0	0.0	0.0	0.0	0.0	0.0	0.0	0.0	0.0	0.0	0.0	0.0	0.0	0.0	0.0	2.0	0.0	0.0	0.0	0.0	0.0	0.0	0.0	0.0	0.0	0.0	0.0	0.0	0.0	0.0	0.0	0.0	0.0	0.0	0.0	0.0	0.0	0.0	0.0	0.0	0.0	0.0	0.0	0.0	0.0	0.0	0.0	0.0	0.0	0.0	0.0	0.0	0.0	0.0	0.0	0.0	0.0	26.0	0.0	0.0	0.0	17.0	0.0	212.0	0.0	0.0	0.0	0.0	0.0	0.0	0.0	176.0	0.0	1.0	0.0	0.0	0.0	0.0
Bacteria;Proteobacteria;Alphaproteobacteria;Rhodospirillales;Acetobacteraceae;Craurococcus	0.0	0.0	2.0	0.0	0.0	0.0	184.0	0.0	0.0	0.0	0.0	0.0	0.0	0.0	0.0	0.0	0.0	0.0	0.0	0.0	0.0	0.0	0.0	0.0	0.0	0.0	0.0	0.0	0.0	318.0	0.0	0.0	0.0	0.0	0.0	0.0	0.0	0.0	0.0	0.0	0.0	0.0	0.0	0.0	0.0	0.0	0.0	0.0	0.0	0.0	0.0	0.0	0.0	0.0	0.0	0.0	0.0	0.0	0.0	0.0	0.0	0.0	0.0	0.0	0.0	0.0	0.0	0.0	0.0	0.0	0.0	0.0	0.0	0.0	0.0	0.0	0.0	0.0	0.0	0.0	0.0	0.0	0.0	0.0	0.0	0.0	0.0	0.0
Bacteria;Proteobacteria;Alphaproteobacteria;Rhodospirillales;Acetobacteraceae;Granulibacter	0.0	0.0	0.0	0.0	0.0	40.0	0.0	0.0	0.0	0.0	0.0	0.0	0.0	0.0	0.0	0.0	0.0	0.0	0.0	0.0	0.0	0.0	0.0	0.0	0.0	0.0	0.0	0.0	0.0	0.0	0.0	0.0	0.0	0.0	0.0	0.0	0.0	0.0	0.0	0.0	0.0	0.0	0.0	0.0	0.0	0.0	0.0	0.0	0.0	0.0	0.0	0.0	0.0	0.0	0.0	0.0	0.0	0.0	0.0	0.0	0.0	0.0	0.0	0.0	0.0	0.0	0.0	0.0	0.0	0.0	0.0	0.0	0.0	0.0	0.0	0.0	0.0	0.0	0.0	0.0	0.0	0.0	0.0	0.0	0.0	0.0	0.0	0.0
Bacteria;Proteobacteria;Alphaproteobacteria;Rhodospirillales;Acetobacteraceae;Rhodovarius	0.0	0.0	0.0	0.0	0.0	0.0	0.0	0.0	0.0	0.0	0.0	0.0	0.0	0.0	0.0	0.0	0.0	0.0	0.0	0.0	0.0	0.0	0.0	0.0	0.0	0.0	0.0	47.0	0.0	0.0	0.0	0.0	0.0	0.0	0.0	0.0	0.0	0.0	0.0	0.0	0.0	0.0	0.0	0.0	0.0	0.0	0.0	0.0	0.0	0.0	0.0	0.0	0.0	0.0	0.0	0.0	0.0	0.0	0.0	0.0	0.0	0.0	0.0	0.0	0.0	0.0	0.0	0.0	0.0	0.0	0.0	0.0	0.0	0.0	0.0	0.0	0.0	0.0	0.0	0.0	0.0	0.0	0.0	0.0	0.0	0.0	0.0	0.0
Bacteria;Proteobacteria;Alphaproteobacteria;Rhodospirillales;Acetobacteraceae;Roseomonas	0.0	0.0	0.0	0.0	0.0	0.0	0.0	0.0	0.0	0.0	0.0	0.0	0.0	0.0	4.0	0.0	0.0	0.0	0.0	0.0	0.0	0.0	0.0	0.0	0.0	0.0	0.0	52.0	10.0	0.0	0.0	0.0	0.0	0.0	0.0	0.0	26.0	0.0	0.0	0.0	2.0	0.0	0.0	0.0	0.0	0.0	0.0	0.0	0.0	0.0	0.0	0.0	0.0	3.0	0.0	0.0	0.0	0.0	0.0	0.0	0.0	0.0	0.0	152.0	0.0	0.0	16.0	15.0	0.0	3.0	0.0	0.0	23.0	0.0	0.0	19.0	0.0	0.0	0.0	0.0	0.0	0.0	0.0	0.0	0.0	0.0	0.0	0.0
Bacteria;Proteobacteria;Alphaproteobacteria;Rhodospirillales;Acetobacteraceae;Rubritepida	0.0	0.0	0.0	39.0	0.0	0.0	0.0	0.0	0.0	0.0	0.0	0.0	0.0	0.0	0.0	0.0	0.0	0.0	0.0	0.0	0.0	0.0	0.0	0.0	0.0	0.0	0.0	0.0	0.0	0.0	0.0	0.0	0.0	0.0	0.0	0.0	0.0	0.0	0.0	0.0	0.0	0.0	0.0	0.0	0.0	0.0	0.0	0.0	0.0	0.0	0.0	0.0	0.0	0.0	0.0	0.0	0.0	0.0	0.0	0.0	0.0	0.0	0.0	0.0	0.0	0.0	0.0	0.0	0.0	0.0	0.0	0.0	0.0	0.0	0.0	0.0	0.0	0.0	0.0	0.0	0.0	0.0	0.0	0.0	0.0	0.0	0.0	0.0
Bacteria;Proteobacteria;Alphaproteobacteria;Rhodospirillales;Other;Other	0.0	0.0	0.0	0.0	0.0	0.0	0.0	0.0	0.0	0.0	0.0	0.0	6.0	0.0	0.0	0.0	0.0	5.0	0.0	0.0	0.0	0.0	0.0	0.0	0.0	0.0	0.0	0.0	0.0	0.0	0.0	0.0	0.0	0.0	20.0	0.0	0.0	0.0	0.0	0.0	0.0	0.0	2.0	0.0	0.0	0.0	0.0	0.0	30.0	0.0	1.0	0.0	0.0	0.0	0.0	0.0	0.0	15.0	0.0	0.0	0.0	0.0	187.0	0.0	0.0	0.0	0.0	0.0	0.0	0.0	0.0	0.0	0.0	0.0	0.0	0.0	0.0	0.0	0.0	0.0	0.0	0.0	0.0	0.0	0.0	0.0	0.0	0.0
Bacteria;Proteobacteria;Alphaproteobacteria;Rhodospirillales;Rhodospirillaceae;Azospirillum	0.0	0.0	0.0	0.0	0.0	0.0	0.0	0.0	0.0	0.0	0.0	0.0	0.0	0.0	0.0	0.0	0.0	0.0	0.0	0.0	0.0	0.0	0.0	0.0	0.0	0.0	0.0	0.0	0.0	0.0	0.0	0.0	0.0	0.0	0.0	0.0	0.0	0.0	0.0	0.0	0.0	0.0	0.0	0.0	0.0	0.0	0.0	0.0	0.0	0.0	0.0	0.0	0.0	0.0	0.0	0.0	0.0	0.0	14.0	0.0	0.0	0.0	0.0	0.0	0.0	0.0	0.0	0.0	0.0	0.0	0.0	0.0	0.0	0.0	0.0	0.0	0.0	0.0	0.0	0.0	0.0	0.0	0.0	0.0	0.0	0.0	0.0	0.0
Bacteria;Proteobacteria;Alphaproteobacteria;Rhodospirillales;Rhodospirillaceae;Dongia	0.0	0.0	0.0	0.0	0.0	0.0	0.0	0.0	0.0	0.0	0.0	0.0	0.0	0.0	0.0	0.0	0.0	0.0	0.0	0.0	0.0	0.0	0.0	28.0	0.0	0.0	0.0	0.0	0.0	0.0	0.0	0.0	0.0	0.0	0.0	0.0	0.0	0.0	0.0	0.0	0.0	0.0	0.0	0.0	0.0	0.0	0.0	0.0	0.0	0.0	0.0	0.0	0.0	0.0	0.0	0.0	0.0	0.0	0.0	0.0	0.0	0.0	0.0	0.0	0.0	0.0	0.0	0.0	0.0	0.0	0.0	0.0	0.0	0.0	0.0	0.0	0.0	0.0	0.0	0.0	0.0	0.0	0.0	0.0	0.0	0.0	0.0	0.0
Bacteria;Proteobacteria;Alphaproteobacteria;Rhodospirillales;Rhodospirillaceae;Elstera	0.0	0.0	0.0	0.0	0.0	0.0	0.0	0.0	0.0	0.0	0.0	0.0	0.0	0.0	0.0	0.0	0.0	0.0	0.0	0.0	0.0	0.0	0.0	0.0	0.0	0.0	0.0	0.0	0.0	0.0	0.0	0.0	0.0	0.0	0.0	0.0	0.0	0.0	0.0	0.0	0.0	0.0	0.0	0.0	0.0	0.0	0.0	0.0	0.0	0.0	0.0	0.0	0.0	0.0	0.0	0.0	2.0	0.0	0.0	0.0	0.0	0.0	0.0	0.0	0.0	0.0	0.0	0.0	0.0	0.0	0.0	0.0	0.0	0.0	0.0	0.0	0.0	0.0	0.0	0.0	0.0	0.0	0.0	0.0	0.0	0.0	0.0	0.0
Bacteria;Proteobacteria;Alphaproteobacteria;Rhodospirillales;Rhodospirillaceae;Ferrovibrio	0.0	0.0	0.0	0.0	0.0	0.0	0.0	0.0	0.0	0.0	0.0	0.0	0.0	0.0	0.0	0.0	0.0	0.0	0.0	0.0	0.0	0.0	0.0	0.0	0.0	0.0	0.0	0.0	0.0	0.0	0.0	0.0	0.0	0.0	0.0	0.0	0.0	0.0	0.0	0.0	0.0	0.0	0.0	0.0	0.0	0.0	0.0	0.0	0.0	0.0	0.0	0.0	0.0	58.0	83.0	0.0	0.0	0.0	0.0	0.0	0.0	0.0	0.0	0.0	0.0	0.0	0.0	0.0	0.0	0.0	6.0	0.0	0.0	0.0	0.0	0.0	0.0	0.0	0.0	0.0	0.0	0.0	0.0	0.0	0.0	0.0	0.0	0.0
Bacteria;Proteobacteria;Alphaproteobacteria;Rhodospirillales;Rhodospirillaceae;Other	0.0	0.0	0.0	0.0	0.0	0.0	0.0	5.0	0.0	0.0	0.0	0.0	0.0	38.0	0.0	6.0	0.0	0.0	0.0	0.0	0.0	0.0	0.0	0.0	0.0	0.0	0.0	0.0	0.0	0.0	0.0	0.0	0.0	0.0	0.0	63.0	0.0	0.0	0.0	0.0	0.0	0.0	0.0	0.0	0.0	0.0	0.0	0.0	0.0	0.0	0.0	0.0	0.0	0.0	0.0	0.0	0.0	0.0	0.0	0.0	74.0	10.0	0.0	0.0	0.0	0.0	0.0	0.0	0.0	0.0	23.0	0.0	0.0	0.0	0.0	0.0	0.0	0.0	0.0	0.0	0.0	0.0	0.0	0.0	0.0	0.0	0.0	0.0
Bacteria;Proteobacteria;Alphaproteobacteria;Rhodospirillales;Rhodospirillaceae;Pelagibius	0.0	0.0	0.0	0.0	0.0	0.0	0.0	0.0	0.0	0.0	0.0	0.0	0.0	0.0	0.0	0.0	0.0	0.0	0.0	0.0	0.0	0.0	0.0	0.0	0.0	0.0	0.0	0.0	0.0	0.0	0.0	0.0	0.0	0.0	0.0	0.0	0.0	0.0	0.0	0.0	5.0	0.0	0.0	0.0	0.0	0.0	0.0	0.0	0.0	0.0	0.0	0.0	0.0	0.0	0.0	0.0	0.0	0.0	0.0	0.0	0.0	0.0	0.0	0.0	0.0	0.0	0.0	0.0	0.0	0.0	0.0	0.0	0.0	0.0	0.0	0.0	0.0	0.0	0.0	0.0	0.0	0.0	0.0	0.0	0.0	0.0	0.0	0.0
Bacteria;Proteobacteria;Alphaproteobacteria;Rhodospirillales;Rhodospirillaceae;Skermanella	0.0	0.0	0.0	0.0	0.0	0.0	0.0	0.0	0.0	0.0	0.0	0.0	0.0	0.0	0.0	0.0	0.0	0.0	0.0	0.0	0.0	0.0	0.0	0.0	0.0	0.0	0.0	0.0	0.0	0.0	0.0	0.0	0.0	0.0	0.0	0.0	0.0	0.0	0.0	0.0	0.0	0.0	0.0	0.0	0.0	0.0	0.0	0.0	0.0	0.0	0.0	0.0	0.0	0.0	0.0	0.0	0.0	0.0	0.0	0.0	0.0	0.0	0.0	0.0	0.0	0.0	0.0	265.0	0.0	0.0	0.0	0.0	0.0	0.0	0.0	0.0	0.0	0.0	0.0	0.0	0.0	0.0	0.0	0.0	0.0	0.0	0.0	0.0
Bacteria;Proteobacteria;Alphaproteobacteria;Rhodospirillales;Rhodospirillaceae;Unclassified	0.0	0.0	0.0	0.0	0.0	0.0	0.0	0.0	0.0	0.0	0.0	0.0	0.0	0.0	0.0	0.0	0.0	0.0	0.0	0.0	0.0	0.0	0.0	0.0	3.0	0.0	0.0	0.0	0.0	0.0	0.0	0.0	0.0	0.0	0.0	0.0	0.0	0.0	0.0	0.0	5.0	0.0	0.0	0.0	0.0	0.0	0.0	0.0	0.0	0.0	0.0	0.0	0.0	0.0	32.0	0.0	0.0	0.0	0.0	0.0	0.0	8.0	0.0	0.0	0.0	0.0	0.0	0.0	0.0	0.0	0.0	0.0	0.0	0.0	0.0	0.0	0.0	0.0	0.0	0.0	0.0	0.0	0.0	0.0	336.0	0.0	0.0	0.0
Bacteria;Proteobacteria;Alphaproteobacteria;Rhodospirillales;Unclassified;Geminicoccus	0.0	0.0	0.0	0.0	0.0	0.0	0.0	0.0	0.0	0.0	0.0	0.0	0.0	0.0	0.0	0.0	0.0	0.0	0.0	0.0	0.0	0.0	0.0	0.0	0.0	0.0	0.0	0.0	0.0	0.0	0.0	0.0	0.0	0.0	0.0	0.0	0.0	0.0	0.0	0.0	0.0	0.0	0.0	0.0	0.0	0.0	0.0	0.0	0.0	0.0	0.0	0.0	0.0	0.0	0.0	0.0	0.0	0.0	0.0	0.0	0.0	7.0	0.0	0.0	0.0	0.0	0.0	0.0	0.0	0.0	0.0	0.0	0.0	0.0	6.0	0.0	0.0	0.0	0.0	0.0	0.0	0.0	0.0	0.0	0.0	0.0	0.0	0.0
Bacteria;Proteobacteria;Alphaproteobacteria;Rhodospirillales;Unclassified;Reyranella	0.0	0.0	0.0	0.0	0.0	0.0	0.0	0.0	0.0	0.0	0.0	0.0	0.0	0.0	0.0	0.0	0.0	0.0	0.0	0.0	0.0	0.0	0.0	3.0	0.0	0.0	0.0	0.0	0.0	0.0	0.0	0.0	0.0	0.0	0.0	0.0	0.0	0.0	0.0	0.0	0.0	0.0	0.0	0.0	0.0	0.0	0.0	0.0	21.0	0.0	0.0	0.0	0.0	0.0	0.0	0.0	0.0	0.0	0.0	0.0	0.0	0.0	0.0	0.0	0.0	0.0	0.0	0.0	0.0	0.0	0.0	0.0	0.0	0.0	0.0	0.0	0.0	0.0	0.0	0.0	0.0	0.0	0.0	0.0	0.0	0.0	0.0	0.0
Bacteria;Proteobacteria;Alphaproteobacteria;Rhodospirillales;Unclassified;Unclassified	0.0	0.0	0.0	0.0	0.0	0.0	0.0	0.0	0.0	0.0	0.0	0.0	0.0	0.0	0.0	0.0	0.0	0.0	0.0	0.0	0.0	0.0	0.0	0.0	0.0	0.0	0.0	0.0	0.0	0.0	0.0	0.0	0.0	0.0	0.0	0.0	0.0	0.0	0.0	0.0	0.0	0.0	0.0	0.0	0.0	0.0	0.0	0.0	4.0	0.0	0.0	0.0	0.0	0.0	0.0	0.0	0.0	0.0	0.0	0.0	0.0	0.0	0.0	0.0	0.0	0.0	0.0	0.0	0.0	0.0	0.0	0.0	0.0	0.0	0.0	0.0	0.0	0.0	0.0	0.0	0.0	0.0	0.0	0.0	0.0	0.0	0.0	0.0
Bacteria;Proteobacteria;Alphaproteobacteria;Rickettsiales;Other;Other	0.0	0.0	0.0	0.0	251.0	0.0	0.0	0.0	0.0	0.0	0.0	0.0	0.0	0.0	0.0	0.0	0.0	0.0	0.0	0.0	0.0	0.0	0.0	0.0	0.0	0.0	0.0	0.0	0.0	0.0	0.0	0.0	0.0	0.0	0.0	0.0	0.0	0.0	0.0	0.0	0.0	7.0	0.0	0.0	0.0	0.0	0.0	0.0	0.0	0.0	0.0	0.0	0.0	0.0	4.0	0.0	0.0	0.0	0.0	0.0	0.0	0.0	0.0	36.0	0.0	0.0	0.0	0.0	3.0	0.0	0.0	0.0	48.0	0.0	0.0	0.0	0.0	2.0	0.0	0.0	0.0	0.0	0.0	0.0	0.0	0.0	240.0	0.0
Bacteria;Proteobacteria;Alphaproteobacteria;Rickettsiales;Rickettsiaceae;Other	0.0	0.0	0.0	0.0	0.0	0.0	0.0	0.0	0.0	0.0	0.0	0.0	0.0	0.0	0.0	0.0	0.0	0.0	0.0	0.0	0.0	0.0	0.0	0.0	0.0	0.0	0.0	0.0	0.0	0.0	0.0	0.0	0.0	0.0	0.0	0.0	0.0	0.0	0.0	0.0	0.0	0.0	2.0	0.0	0.0	0.0	0.0	0.0	0.0	0.0	0.0	0.0	0.0	0.0	0.0	0.0	0.0	0.0	0.0	0.0	0.0	0.0	181.0	0.0	0.0	0.0	0.0	0.0	0.0	0.0	0.0	0.0	0.0	0.0	0.0	0.0	0.0	0.0	0.0	0.0	0.0	0.0	0.0	0.0	0.0	0.0	0.0	0.0
Bacteria;Proteobacteria;Alphaproteobacteria;Rickettsiales;Rickettsiaceae;Rickettsia	0.0	0.0	0.0	0.0	0.0	0.0	0.0	0.0	0.0	0.0	0.0	0.0	0.0	0.0	0.0	0.0	0.0	0.0	0.0	0.0	0.0	0.0	0.0	0.0	0.0	0.0	0.0	0.0	0.0	0.0	0.0	0.0	0.0	0.0	0.0	0.0	0.0	0.0	0.0	0.0	0.0	0.0	0.0	0.0	0.0	0.0	0.0	0.0	0.0	0.0	0.0	0.0	0.0	0.0	0.0	0.0	0.0	0.0	0.0	0.0	0.0	0.0	0.0	0.0	0.0	0.0	0.0	40.0	0.0	0.0	0.0	0.0	0.0	0.0	0.0	0.0	0.0	0.0	0.0	0.0	0.0	0.0	0.0	0.0	0.0	0.0	0.0	0.0
Bacteria;Proteobacteria;Alphaproteobacteria;Rickettsiales;Unclassified;Candidatus_Odyssella	0.0	0.0	0.0	0.0	0.0	0.0	0.0	0.0	0.0	0.0	0.0	0.0	0.0	0.0	0.0	0.0	0.0	0.0	0.0	0.0	0.0	0.0	0.0	0.0	0.0	0.0	0.0	0.0	0.0	0.0	0.0	0.0	0.0	0.0	0.0	0.0	0.0	0.0	0.0	0.0	0.0	0.0	0.0	0.0	0.0	0.0	0.0	0.0	0.0	0.0	0.0	44.0	0.0	0.0	0.0	0.0	0.0	0.0	0.0	0.0	0.0	0.0	0.0	0.0	0.0	0.0	0.0	0.0	0.0	0.0	0.0	0.0	0.0	0.0	0.0	0.0	0.0	0.0	0.0	0.0	0.0	0.0	0.0	0.0	0.0	0.0	0.0	0.0
Bacteria;Proteobacteria;Alphaproteobacteria;Rickettsiales;Unclassified;Unclassified	0.0	0.0	0.0	1.0	0.0	0.0	0.0	0.0	0.0	0.0	0.0	0.0	0.0	0.0	1.0	0.0	0.0	0.0	0.0	0.0	0.0	0.0	0.0	0.0	0.0	0.0	0.0	19.0	0.0	0.0	0.0	0.0	0.0	0.0	0.0	0.0	0.0	73.0	0.0	2.0	0.0	0.0	0.0	12.0	0.0	0.0	0.0	0.0	0.0	0.0	0.0	0.0	0.0	0.0	0.0	0.0	0.0	0.0	0.0	0.0	0.0	0.0	0.0	0.0	0.0	0.0	0.0	7.0	0.0	0.0	0.0	1.0	0.0	0.0	0.0	0.0	0.0	0.0	0.0	0.0	0.0	0.0	0.0	3.0	7.0	0.0	4.0	0.0
Bacteria;Proteobacteria;Alphaproteobacteria;Sphingomonadales;Erythrobacteraceae;Altererythrobacter	0.0	0.0	0.0	0.0	0.0	0.0	0.0	0.0	0.0	0.0	0.0	0.0	9.0	0.0	0.0	0.0	0.0	0.0	0.0	0.0	0.0	0.0	0.0	48.0	0.0	0.0	0.0	0.0	0.0	0.0	0.0	0.0	0.0	0.0	0.0	0.0	0.0	0.0	0.0	0.0	0.0	0.0	0.0	0.0	0.0	0.0	0.0	0.0	0.0	0.0	0.0	0.0	0.0	0.0	0.0	0.0	0.0	0.0	0.0	0.0	0.0	1.0	0.0	0.0	0.0	0.0	0.0	0.0	0.0	0.0	0.0	0.0	0.0	0.0	0.0	0.0	0.0	0.0	0.0	0.0	0.0	0.0	0.0	0.0	0.0	0.0	0.0	0.0
Bacteria;Proteobacteria;Alphaproteobacteria;Sphingomonadales;Erythrobacteraceae;Erythrobacter	0.0	0.0	0.0	44.0	0.0	125.0	0.0	0.0	0.0	0.0	1.0	30.0	17.0	1.0	0.0	0.0	0.0	0.0	1.0	0.0	0.0	23.0	0.0	0.0	0.0	0.0	0.0	0.0	0.0	0.0	0.0	0.0	0.0	0.0	0.0	0.0	0.0	0.0	1.0	0.0	0.0	0.0	0.0	0.0	0.0	0.0	0.0	65.0	0.0	0.0	0.0	0.0	0.0	0.0	0.0	0.0	0.0	1.0	0.0	8.0	0.0	0.0	0.0	0.0	0.0	0.0	0.0	21.0	0.0	0.0	0.0	0.0	1.0	0.0	0.0	0.0	0.0	0.0	0.0	0.0	0.0	0.0	0.0	0.0	0.0	0.0	0.0	0.0
Bacteria;Proteobacteria;Alphaproteobacteria;Sphingomonadales;Erythrobacteraceae;Other	0.0	0.0	0.0	110.0	0.0	1.0	0.0	0.0	0.0	0.0	0.0	1.0	2.0	0.0	0.0	0.0	0.0	2.0	0.0	0.0	0.0	6.0	0.0	45.0	0.0	0.0	0.0	51.0	0.0	0.0	0.0	0.0	0.0	50.0	0.0	156.0	1.0	1.0	25.0	0.0	0.0	1.0	0.0	0.0	0.0	62.0	0.0	0.0	0.0	0.0	0.0	0.0	0.0	0.0	65.0	16.0	0.0	17.0	1.0	0.0	1.0	0.0	0.0	0.0	0.0	0.0	0.0	9.0	0.0	0.0	0.0	0.0	1.0	0.0	0.0	0.0	12.0	0.0	0.0	0.0	0.0	0.0	0.0	0.0	0.0	0.0	40.0	20.0
Bacteria;Proteobacteria;Alphaproteobacteria;Sphingomonadales;Other;Other	0.0	0.0	0.0	1.0	0.0	0.0	0.0	181.0	0.0	0.0	0.0	0.0	0.0	0.0	0.0	0.0	0.0	0.0	0.0	0.0	0.0	0.0	0.0	0.0	273.0	0.0	0.0	0.0	0.0	0.0	0.0	1.0	0.0	0.0	0.0	0.0	0.0	0.0	0.0	0.0	0.0	0.0	0.0	0.0	0.0	0.0	0.0	0.0	0.0	0.0	0.0	0.0	64.0	0.0	0.0	0.0	0.0	0.0	0.0	0.0	0.0	0.0	0.0	0.0	0.0	0.0	0.0	0.0	0.0	0.0	0.0	0.0	0.0	0.0	0.0	0.0	0.0	0.0	0.0	0.0	1.0	0.0	0.0	6.0	0.0	0.0	0.0	0.0
Bacteria;Proteobacteria;Alphaproteobacteria;Sphingomonadales;Sphingomonadaceae;Novosphingobium	570.0	1589.0	940.0	414.0	591.0	336.0	1143.0	722.0	1087.0	1388.0	99.0	6.0	30.0	449.0	1778.0	1028.0	113.0	529.0	276.0	228.0	1732.0	266.0	497.0	875.0	949.0	212.0	1916.0	147.0	1217.0	413.0	580.0	545.0	538.0	736.0	63.0	756.0	117.0	264.0	530.0	469.0	38.0	617.0	121.0	979.0	576.0	2147.0	713.0	542.0	138.0	575.0	324.0	1462.0	1106.0	755.0	468.0	138.0	9.0	186.0	222.0	241.0	1462.0	79.0	788.0	74.0	1489.0	887.0	20.0	272.0	6.0	657.0	377.0	1435.0	253.0	950.0	188.0	257.0	400.0	325.0	0.0	260.0	1034.0	149.0	263.0	577.0	515.0	259.0	68.0	468.0
Bacteria;Proteobacteria;Alphaproteobacteria;Sphingomonadales;Sphingomonadaceae;Other	0.0	0.0	0.0	0.0	0.0	0.0	0.0	0.0	0.0	0.0	0.0	0.0	200.0	0.0	0.0	0.0	0.0	0.0	0.0	0.0	0.0	0.0	0.0	152.0	0.0	0.0	0.0	0.0	0.0	0.0	0.0	0.0	0.0	0.0	0.0	0.0	0.0	0.0	43.0	0.0	0.0	0.0	0.0	0.0	0.0	0.0	0.0	0.0	0.0	0.0	0.0	0.0	0.0	0.0	0.0	0.0	0.0	0.0	0.0	0.0	0.0	0.0	0.0	0.0	0.0	0.0	0.0	1.0	0.0	0.0	0.0	0.0	0.0	0.0	0.0	0.0	0.0	0.0	0.0	0.0	0.0	0.0	0.0	0.0	0.0	0.0	0.0	0.0
Bacteria;Proteobacteria;Alphaproteobacteria;Sphingomonadales;Sphingomonadaceae;Sandarakinorhabdus	0.0	0.0	0.0	0.0	0.0	0.0	0.0	0.0	0.0	0.0	0.0	0.0	0.0	0.0	0.0	0.0	0.0	0.0	0.0	0.0	0.0	0.0	0.0	0.0	0.0	0.0	0.0	0.0	0.0	0.0	0.0	0.0	0.0	0.0	0.0	0.0	0.0	0.0	0.0	0.0	0.0	0.0	0.0	0.0	0.0	0.0	0.0	0.0	0.0	0.0	0.0	0.0	0.0	0.0	0.0	0.0	0.0	0.0	0.0	0.0	0.0	0.0	0.0	0.0	0.0	0.0	0.0	0.0	3.0	0.0	0.0	0.0	0.0	0.0	0.0	0.0	0.0	0.0	0.0	0.0	0.0	0.0	0.0	0.0	0.0	0.0	0.0	0.0
Bacteria;Proteobacteria;Alphaproteobacteria;Sphingomonadales;Sphingomonadaceae;Sphingobium	371.0	38.0	1.0	12.0	0.0	0.0	319.0	327.0	235.0	0.0	107.0	2.0	0.0	84.0	272.0	726.0	0.0	1.0	169.0	162.0	47.0	59.0	1.0	34.0	79.0	49.0	388.0	49.0	44.0	127.0	178.0	1150.0	0.0	57.0	226.0	344.0	1.0	154.0	78.0	60.0	58.0	0.0	2.0	310.0	1201.0	0.0	170.0	0.0	29.0	42.0	146.0	0.0	0.0	519.0	15.0	71.0	7.0	5.0	88.0	103.0	73.0	2.0	328.0	25.0	748.0	3.0	10.0	70.0	41.0	240.0	5.0	114.0	67.0	376.0	21.0	0.0	55.0	2136.0	176.0	118.0	2.0	89.0	180.0	391.0	815.0	0.0	77.0	167.0
Bacteria;Proteobacteria;Alphaproteobacteria;Sphingomonadales;Sphingomonadaceae;Sphingomonas	7772.0	6259.0	10819.0	5237.0	8657.0	19838.0	9995.0	6175.0	10327.0	9494.0	26952.0	104.0	413.0	4713.0	12326.0	8871.0	904.0	5902.0	4245.0	6835.0	6094.0	4019.0	4651.0	4142.0	8497.0	2329.0	18848.0	4648.0	7213.0	2991.0	7253.0	7374.0	2183.0	3360.0	2192.0	7799.0	3728.0	7638.0	6197.0	7596.0	523.0	8191.0	838.0	5839.0	23620.0	15742.0	9060.0	8234.0	1140.0	7276.0	2955.0	10297.0	13145.0	6837.0	2411.0	3024.0	285.0	3395.0	1028.0	6326.0	9220.0	260.0	5846.0	3726.0	15666.0	15968.0	2918.0	3942.0	324.0	4627.0	5034.0	8536.0	2442.0	5483.0	1232.0	10664.0	4773.0	14940.0	9953.0	1977.0	7473.0	12378.0	3624.0	4574.0	14314.0	15359.0	4557.0	5794.0
Bacteria;Proteobacteria;Betaproteobacteria;Burkholderiales;Alcaligenaceae;Achromobacter	127.0	157.0	0.0	0.0	173.0	0.0	74.0	116.0	0.0	0.0	0.0	0.0	3776.0	0.0	2.0	0.0	17.0	0.0	0.0	0.0	0.0	0.0	0.0	7.0	115.0	0.0	0.0	69.0	0.0	0.0	13.0	0.0	57.0	0.0	0.0	0.0	0.0	0.0	32.0	0.0	4984.0	0.0	3.0	256.0	0.0	0.0	0.0	125.0	42.0	0.0	0.0	0.0	0.0	63.0	782.0	0.0	48.0	4.0	1.0	0.0	0.0	8.0	255.0	0.0	0.0	0.0	0.0	19.0	54.0	0.0	0.0	26.0	21.0	0.0	0.0	0.0	61.0	21.0	301.0	27.0	65.0	0.0	0.0	19.0	0.0	0.0	0.0	0.0
Bacteria;Proteobacteria;Betaproteobacteria;Burkholderiales;Alcaligenaceae;Alcaligenes	0.0	0.0	0.0	0.0	0.0	0.0	0.0	0.0	0.0	0.0	18.0	0.0	0.0	0.0	0.0	0.0	0.0	0.0	0.0	0.0	0.0	0.0	0.0	0.0	0.0	0.0	0.0	0.0	0.0	0.0	0.0	0.0	0.0	0.0	0.0	0.0	0.0	0.0	0.0	0.0	1.0	0.0	0.0	0.0	0.0	0.0	0.0	0.0	0.0	0.0	0.0	143.0	0.0	0.0	0.0	0.0	0.0	0.0	0.0	0.0	216.0	0.0	0.0	0.0	1.0	0.0	0.0	0.0	1.0	0.0	0.0	0.0	0.0	0.0	0.0	0.0	0.0	0.0	0.0	0.0	0.0	0.0	0.0	0.0	0.0	0.0	0.0	0.0
Bacteria;Proteobacteria;Betaproteobacteria;Burkholderiales;Alcaligenaceae;Bordetella	0.0	0.0	0.0	0.0	0.0	0.0	0.0	0.0	0.0	0.0	0.0	0.0	6.0	0.0	0.0	0.0	0.0	0.0	0.0	0.0	0.0	0.0	0.0	0.0	0.0	0.0	0.0	0.0	0.0	0.0	0.0	0.0	0.0	0.0	0.0	0.0	0.0	0.0	0.0	0.0	1.0	0.0	0.0	0.0	0.0	0.0	0.0	0.0	0.0	0.0	0.0	0.0	0.0	0.0	2.0	0.0	0.0	0.0	0.0	0.0	0.0	0.0	0.0	0.0	0.0	0.0	0.0	0.0	0.0	0.0	0.0	0.0	0.0	0.0	0.0	0.0	0.0	0.0	0.0	0.0	0.0	0.0	0.0	0.0	0.0	0.0	0.0	0.0
Bacteria;Proteobacteria;Betaproteobacteria;Burkholderiales;Alcaligenaceae;Candidimonas	0.0	0.0	0.0	0.0	0.0	0.0	0.0	0.0	0.0	0.0	0.0	0.0	50.0	0.0	0.0	0.0	0.0	0.0	0.0	0.0	0.0	0.0	0.0	0.0	0.0	0.0	0.0	0.0	0.0	0.0	0.0	0.0	0.0	0.0	0.0	0.0	0.0	0.0	0.0	0.0	51.0	0.0	0.0	0.0	0.0	0.0	0.0	5.0	0.0	0.0	0.0	0.0	0.0	0.0	0.0	0.0	0.0	0.0	0.0	0.0	0.0	0.0	0.0	0.0	0.0	0.0	0.0	0.0	0.0	0.0	0.0	0.0	0.0	0.0	13.0	0.0	0.0	0.0	0.0	0.0	0.0	0.0	0.0	0.0	0.0	0.0	0.0	0.0
Bacteria;Proteobacteria;Betaproteobacteria;Burkholderiales;Alcaligenaceae;Derxia	0.0	0.0	0.0	0.0	0.0	16.0	126.0	0.0	0.0	46.0	0.0	0.0	0.0	1.0	0.0	0.0	0.0	0.0	0.0	0.0	28.0	65.0	0.0	1.0	0.0	0.0	0.0	0.0	8.0	0.0	0.0	0.0	0.0	0.0	0.0	0.0	0.0	0.0	0.0	0.0	0.0	137.0	3.0	26.0	0.0	216.0	140.0	0.0	0.0	18.0	29.0	7.0	1.0	0.0	0.0	0.0	0.0	4.0	7.0	2.0	0.0	0.0	0.0	0.0	0.0	0.0	0.0	21.0	1.0	0.0	68.0	0.0	0.0	0.0	0.0	209.0	0.0	0.0	0.0	0.0	0.0	0.0	26.0	0.0	0.0	0.0	2.0	21.0
Bacteria;Proteobacteria;Betaproteobacteria;Burkholderiales;Alcaligenaceae;Other	0.0	13.0	0.0	1.0	0.0	0.0	0.0	1.0	0.0	0.0	0.0	2.0	11613.0	26.0	0.0	0.0	5.0	0.0	7.0	0.0	0.0	155.0	20.0	10.0	70.0	35.0	0.0	0.0	0.0	0.0	23.0	0.0	1.0	0.0	0.0	0.0	0.0	80.0	4.0	0.0	2059.0	0.0	0.0	26.0	0.0	0.0	292.0	16.0	0.0	0.0	0.0	0.0	0.0	120.0	92.0	0.0	75.0	1.0	0.0	0.0	0.0	2.0	0.0	239.0	0.0	1.0	0.0	57.0	18.0	17.0	0.0	3.0	9.0	38.0	0.0	0.0	4.0	5.0	0.0	3.0	8.0	0.0	0.0	21.0	0.0	0.0	0.0	0.0
Bacteria;Proteobacteria;Betaproteobacteria;Burkholderiales;Alcaligenaceae;Parasutterella	0.0	0.0	0.0	0.0	0.0	0.0	0.0	0.0	0.0	0.0	16.0	156.0	16.0	0.0	0.0	0.0	25.0	1.0	0.0	0.0	0.0	0.0	0.0	52.0	0.0	0.0	0.0	0.0	0.0	11.0	0.0	0.0	0.0	38.0	192.0	0.0	0.0	0.0	43.0	0.0	3.0	0.0	0.0	0.0	0.0	0.0	0.0	0.0	0.0	0.0	149.0	0.0	0.0	0.0	0.0	87.0	22.0	101.0	63.0	0.0	0.0	0.0	0.0	0.0	0.0	0.0	1.0	0.0	23.0	0.0	0.0	0.0	0.0	0.0	0.0	0.0	0.0	0.0	0.0	0.0	0.0	208.0	0.0	0.0	0.0	0.0	0.0	0.0
Bacteria;Proteobacteria;Betaproteobacteria;Burkholderiales;Alcaligenaceae;Pigmentiphaga	0.0	0.0	0.0	0.0	0.0	0.0	0.0	0.0	0.0	0.0	0.0	0.0	384.0	0.0	0.0	0.0	0.0	0.0	1.0	0.0	0.0	0.0	0.0	0.0	0.0	0.0	0.0	0.0	0.0	9.0	0.0	0.0	0.0	0.0	0.0	0.0	0.0	0.0	0.0	0.0	201.0	0.0	5.0	0.0	0.0	0.0	0.0	0.0	0.0	0.0	0.0	0.0	0.0	0.0	0.0	0.0	0.0	0.0	0.0	0.0	0.0	0.0	365.0	0.0	0.0	0.0	0.0	0.0	0.0	0.0	1.0	35.0	0.0	0.0	0.0	0.0	0.0	0.0	0.0	0.0	0.0	0.0	0.0	0.0	0.0	215.0	0.0	0.0
Bacteria;Proteobacteria;Betaproteobacteria;Burkholderiales;Alcaligenaceae;Pusillimonas	0.0	0.0	0.0	0.0	0.0	0.0	0.0	0.0	0.0	17.0	0.0	2.0	379.0	0.0	0.0	0.0	0.0	0.0	0.0	0.0	0.0	0.0	0.0	0.0	0.0	0.0	0.0	0.0	0.0	0.0	0.0	0.0	0.0	0.0	0.0	0.0	0.0	0.0	0.0	0.0	241.0	1.0	0.0	0.0	0.0	0.0	0.0	0.0	0.0	0.0	0.0	0.0	0.0	0.0	0.0	0.0	0.0	0.0	0.0	0.0	0.0	0.0	0.0	0.0	0.0	0.0	0.0	2.0	0.0	0.0	0.0	0.0	0.0	0.0	0.0	0.0	0.0	0.0	0.0	0.0	0.0	0.0	0.0	6.0	0.0	0.0	0.0	0.0
Bacteria;Proteobacteria;Betaproteobacteria;Burkholderiales;Alcaligenaceae;Sutterella	36.0	0.0	76.0	40.0	99.0	5.0	0.0	61.0	0.0	314.0	0.0	81.0	24.0	462.0	0.0	1.0	183.0	133.0	84.0	52.0	0.0	142.0	343.0	78.0	0.0	3.0	0.0	127.0	410.0	492.0	342.0	55.0	288.0	333.0	2.0	0.0	184.0	0.0	397.0	0.0	209.0	0.0	92.0	194.0	1.0	0.0	89.0	234.0	223.0	0.0	85.0	187.0	730.0	424.0	14.0	42.0	129.0	251.0	20.0	174.0	0.0	276.0	236.0	67.0	0.0	2.0	49.0	35.0	60.0	152.0	134.0	413.0	156.0	660.0	519.0	103.0	17.0	0.0	1.0	696.0	0.0	411.0	496.0	523.0	0.0	193.0	99.0	34.0
Bacteria;Proteobacteria;Betaproteobacteria;Burkholderiales;Burkholderiaceae;Burkholderia	396.0	168.0	0.0	164.0	177.0	751.0	318.0	475.0	389.0	216.0	99.0	1.0	0.0	2.0	1.0	736.0	29.0	267.0	21.0	86.0	16.0	161.0	210.0	160.0	12.0	55.0	993.0	44.0	254.0	64.0	0.0	343.0	18.0	25.0	2.0	269.0	127.0	247.0	93.0	67.0	7.0	313.0	9.0	283.0	31.0	191.0	180.0	2.0	72.0	374.0	105.0	493.0	44.0	785.0	3.0	205.0	2.0	63.0	96.0	0.0	6.0	0.0	230.0	2.0	810.0	469.0	77.0	103.0	2.0	1.0	238.0	214.0	67.0	71.0	67.0	0.0	0.0	1.0	61.0	45.0	130.0	593.0	43.0	112.0	1188.0	0.0	41.0	56.0
Bacteria;Proteobacteria;Betaproteobacteria;Burkholderiales;Burkholderiaceae;Cupriavidus	0.0	56.0	0.0	94.0	14.0	0.0	569.0	0.0	0.0	0.0	0.0	0.0	0.0	2.0	0.0	1.0	0.0	0.0	22.0	63.0	2.0	0.0	0.0	0.0	1.0	0.0	0.0	0.0	36.0	0.0	0.0	65.0	0.0	1.0	21.0	0.0	147.0	0.0	1.0	0.0	0.0	1.0	0.0	1.0	0.0	9.0	0.0	0.0	1.0	0.0	0.0	0.0	0.0	4.0	50.0	0.0	0.0	1.0	1.0	0.0	42.0	0.0	79.0	0.0	0.0	60.0	8.0	0.0	12.0	288.0	128.0	0.0	0.0	140.0	0.0	0.0	0.0	634.0	259.0	0.0	5.0	0.0	5.0	98.0	0.0	81.0	0.0	0.0
Bacteria;Proteobacteria;Betaproteobacteria;Burkholderiales;Burkholderiaceae;Lautropia	0.0	0.0	0.0	0.0	0.0	0.0	0.0	0.0	0.0	0.0	0.0	0.0	0.0	0.0	0.0	0.0	0.0	0.0	0.0	0.0	0.0	0.0	0.0	0.0	0.0	0.0	0.0	0.0	0.0	0.0	0.0	0.0	0.0	0.0	0.0	0.0	0.0	0.0	0.0	0.0	0.0	0.0	0.0	20.0	0.0	0.0	0.0	0.0	0.0	0.0	0.0	0.0	0.0	0.0	0.0	0.0	0.0	0.0	0.0	0.0	0.0	0.0	0.0	0.0	0.0	0.0	0.0	0.0	0.0	0.0	0.0	0.0	0.0	0.0	0.0	0.0	0.0	0.0	0.0	0.0	0.0	0.0	0.0	0.0	0.0	0.0	0.0	0.0
Bacteria;Proteobacteria;Betaproteobacteria;Burkholderiales;Burkholderiaceae;Limnobacter	27.0	0.0	25.0	0.0	0.0	0.0	190.0	400.0	219.0	0.0	0.0	0.0	0.0	0.0	0.0	344.0	5.0	0.0	24.0	1.0	58.0	0.0	0.0	0.0	150.0	1.0	0.0	0.0	0.0	204.0	33.0	271.0	73.0	0.0	0.0	0.0	0.0	122.0	82.0	2.0	0.0	0.0	3.0	0.0	1.0	0.0	229.0	0.0	25.0	0.0	0.0	0.0	0.0	0.0	6.0	3.0	1.0	0.0	0.0	0.0	0.0	0.0	0.0	0.0	73.0	0.0	0.0	5.0	0.0	221.0	3.0	352.0	0.0	57.0	0.0	0.0	49.0	0.0	0.0	0.0	1.0	240.0	115.0	1.0	0.0	0.0	80.0	0.0
Bacteria;Proteobacteria;Betaproteobacteria;Burkholderiales;Burkholderiaceae;Ralstonia	447.0	0.0	602.0	0.0	2.0	27.0	0.0	156.0	11.0	0.0	21.0	1.0	1.0	75.0	6.0	0.0	31.0	62.0	22.0	16.0	155.0	163.0	7.0	20.0	6.0	8.0	252.0	0.0	165.0	1.0	0.0	591.0	60.0	0.0	9.0	0.0	0.0	16.0	73.0	11.0	0.0	2.0	2.0	63.0	147.0	0.0	67.0	2.0	0.0	390.0	67.0	16.0	0.0	74.0	65.0	9.0	2.0	62.0	36.0	61.0	0.0	0.0	226.0	11.0	0.0	0.0	1.0	168.0	0.0	0.0	3.0	313.0	384.0	18.0	0.0	153.0	57.0	0.0	0.0	36.0	0.0	971.0	235.0	0.0	351.0	43.0	6.0	93.0
Bacteria;Proteobacteria;Betaproteobacteria;Burkholderiales;Comamonadaceae;Acidovorax	190.0	344.0	151.0	165.0	1145.0	98.0	634.0	250.0	67.0	27.0	0.0	0.0	1.0	477.0	962.0	244.0	8.0	492.0	190.0	43.0	438.0	170.0	186.0	252.0	547.0	43.0	108.0	214.0	589.0	231.0	531.0	404.0	260.0	108.0	86.0	307.0	172.0	13.0	69.0	450.0	9.0	521.0	48.0	87.0	1.0	207.0	387.0	211.0	3.0	380.0	206.0	267.0	851.0	257.0	90.0	11.0	8.0	44.0	113.0	20.0	375.0	8.0	364.0	207.0	412.0	607.0	86.0	72.0	16.0	42.0	94.0	392.0	94.0	318.0	67.0	854.0	13.0	978.0	83.0	159.0	150.0	379.0	25.0	65.0	810.0	155.0	188.0	249.0
Bacteria;Proteobacteria;Betaproteobacteria;Burkholderiales;Comamonadaceae;Aquabacterium	311.0	1035.0	109.0	82.0	89.0	254.0	1087.0	610.0	1147.0	740.0	34.0	1.0	14.0	514.0	421.0	127.0	153.0	161.0	572.0	1128.0	2412.0	466.0	590.0	296.0	673.0	437.0	300.0	342.0	502.0	195.0	317.0	791.0	429.0	426.0	446.0	340.0	585.0	316.0	457.0	2151.0	50.0	1031.0	83.0	977.0	1010.0	362.0	1715.0	662.0	36.0	1290.0	40.0	1392.0	1696.0	1445.0	291.0	312.0	10.0	1010.0	65.0	832.0	1970.0	26.0	898.0	371.0	820.0	1538.0	55.0	405.0	32.0	649.0	70.0	474.0	283.0	477.0	21.0	1396.0	254.0	1522.0	242.0	150.0	390.0	436.0	123.0	331.0	1860.0	796.0	138.0	775.0
Bacteria;Proteobacteria;Betaproteobacteria;Burkholderiales;Comamonadaceae;Aquincola	0.0	0.0	0.0	0.0	0.0	0.0	0.0	0.0	0.0	0.0	0.0	0.0	0.0	0.0	0.0	0.0	0.0	0.0	0.0	0.0	0.0	2.0	0.0	1.0	0.0	0.0	0.0	0.0	0.0	0.0	0.0	0.0	0.0	0.0	0.0	0.0	0.0	0.0	0.0	0.0	0.0	0.0	0.0	0.0	0.0	0.0	0.0	0.0	0.0	0.0	0.0	0.0	0.0	0.0	0.0	0.0	0.0	0.0	0.0	0.0	0.0	0.0	0.0	0.0	0.0	0.0	0.0	0.0	0.0	0.0	0.0	0.0	0.0	0.0	0.0	0.0	0.0	0.0	0.0	0.0	0.0	0.0	0.0	0.0	0.0	0.0	0.0	0.0
Bacteria;Proteobacteria;Betaproteobacteria;Burkholderiales;Comamonadaceae;Azohydromonas	0.0	0.0	0.0	0.0	0.0	0.0	0.0	0.0	0.0	0.0	0.0	0.0	0.0	1.0	0.0	0.0	0.0	0.0	0.0	0.0	0.0	0.0	0.0	0.0	0.0	0.0	0.0	0.0	0.0	0.0	0.0	0.0	0.0	0.0	0.0	0.0	0.0	0.0	25.0	0.0	0.0	0.0	0.0	0.0	0.0	0.0	0.0	90.0	0.0	0.0	0.0	0.0	0.0	0.0	0.0	0.0	0.0	1.0	0.0	0.0	0.0	0.0	0.0	0.0	0.0	0.0	0.0	0.0	0.0	0.0	0.0	0.0	0.0	0.0	0.0	0.0	0.0	0.0	0.0	0.0	0.0	0.0	0.0	0.0	0.0	0.0	0.0	0.0
Bacteria;Proteobacteria;Betaproteobacteria;Burkholderiales;Comamonadaceae;Comamonas	0.0	41.0	1120.0	1.0	105.0	0.0	162.0	61.0	8.0	226.0	0.0	0.0	0.0	74.0	0.0	4.0	0.0	1.0	285.0	108.0	0.0	0.0	117.0	53.0	114.0	11.0	268.0	10.0	252.0	2.0	115.0	0.0	29.0	6.0	23.0	295.0	2.0	18.0	10.0	124.0	93.0	0.0	0.0	0.0	277.0	42.0	0.0	91.0	2.0	0.0	1.0	183.0	0.0	162.0	0.0	0.0	8.0	1.0	29.0	19.0	215.0	18.0	68.0	15.0	31.0	227.0	57.0	125.0	1.0	396.0	112.0	13.0	0.0	0.0	35.0	102.0	0.0	84.0	0.0	0.0	0.0	0.0	0.0	9.0	0.0	364.0	0.0	0.0
Bacteria;Proteobacteria;Betaproteobacteria;Burkholderiales;Comamonadaceae;Curvibacter	1975.0	1549.0	796.0	1083.0	1262.0	1580.0	3363.0	1180.0	4112.0	1802.0	201.0	10.0	90.0	1243.0	2013.0	1375.0	322.0	1276.0	517.0	1436.0	2525.0	1290.0	1070.0	953.0	3036.0	308.0	4061.0	1314.0	1546.0	425.0	1424.0	2599.0	878.0	622.0	683.0	2166.0	494.0	3650.0	1507.0	1932.0	130.0	2785.0	184.0	922.0	1626.0	4453.0	1796.0	991.0	277.0	1061.0	353.0	1732.0	1660.0	2189.0	519.0	1227.0	62.0	624.0	600.0	1069.0	2373.0	99.0	1305.0	1388.0	2593.0	2715.0	662.0	698.0	61.0	1558.0	872.0	1894.0	728.0	1048.0	364.0	1772.0	979.0	3660.0	3222.0	356.0	1262.0	1687.0	2162.0	705.0	1858.0	2732.0	972.0	1036.0
Bacteria;Proteobacteria;Betaproteobacteria;Burkholderiales;Comamonadaceae;Delftia	1.0	140.0	1.0	2.0	88.0	28.0	525.0	1.0	28.0	236.0	1.0	0.0	0.0	87.0	2.0	0.0	1.0	138.0	0.0	5.0	199.0	0.0	5.0	2.0	0.0	15.0	747.0	0.0	0.0	1.0	0.0	0.0	7.0	0.0	2.0	2.0	0.0	3.0	52.0	137.0	0.0	0.0	6.0	43.0	4.0	7.0	1.0	432.0	0.0	28.0	0.0	246.0	1.0	41.0	0.0	2.0	0.0	49.0	1.0	15.0	174.0	1.0	192.0	48.0	58.0	161.0	71.0	10.0	0.0	0.0	158.0	290.0	95.0	154.0	0.0	3.0	71.0	169.0	1.0	0.0	5.0	3.0	48.0	2.0	0.0	0.0	3.0	0.0
Bacteria;Proteobacteria;Betaproteobacteria;Burkholderiales;Comamonadaceae;Hydrogenophaga	0.0	37.0	0.0	1.0	0.0	0.0	0.0	27.0	4.0	63.0	0.0	0.0	0.0	0.0	558.0	114.0	15.0	0.0	2.0	118.0	20.0	0.0	387.0	5.0	167.0	31.0	818.0	0.0	46.0	0.0	41.0	0.0	0.0	0.0	0.0	0.0	0.0	80.0	0.0	180.0	0.0	0.0	0.0	0.0	0.0	0.0	0.0	37.0	28.0	0.0	0.0	0.0	0.0	43.0	1.0	0.0	0.0	0.0	47.0	1.0	0.0	0.0	0.0	0.0	0.0	0.0	0.0	0.0	0.0	286.0	1.0	0.0	66.0	0.0	0.0	0.0	0.0	33.0	0.0	0.0	0.0	0.0	162.0	0.0	0.0	0.0	0.0	16.0
Bacteria;Proteobacteria;Betaproteobacteria;Burkholderiales;Comamonadaceae;Leptothrix	0.0	0.0	0.0	0.0	0.0	0.0	0.0	0.0	0.0	0.0	0.0	0.0	2.0	0.0	0.0	0.0	1.0	1.0	0.0	7.0	0.0	0.0	0.0	0.0	0.0	23.0	0.0	0.0	0.0	0.0	0.0	0.0	93.0	0.0	0.0	0.0	0.0	0.0	49.0	0.0	0.0	0.0	0.0	1.0	0.0	247.0	0.0	0.0	0.0	0.0	0.0	0.0	85.0	0.0	0.0	0.0	0.0	0.0	0.0	0.0	0.0	0.0	0.0	0.0	0.0	527.0	43.0	0.0	0.0	9.0	0.0	134.0	0.0	253.0	0.0	0.0	0.0	0.0	0.0	0.0	51.0	32.0	0.0	4.0	0.0	0.0	255.0	0.0
Bacteria;Proteobacteria;Betaproteobacteria;Burkholderiales;Comamonadaceae;Methylibium	0.0	0.0	0.0	0.0	0.0	0.0	0.0	0.0	0.0	0.0	0.0	0.0	0.0	0.0	0.0	0.0	0.0	3.0	0.0	0.0	0.0	0.0	0.0	0.0	0.0	0.0	0.0	0.0	0.0	0.0	0.0	0.0	0.0	157.0	0.0	0.0	0.0	0.0	0.0	0.0	0.0	0.0	0.0	0.0	0.0	0.0	0.0	0.0	0.0	0.0	0.0	0.0	0.0	0.0	0.0	0.0	0.0	0.0	0.0	0.0	0.0	0.0	1.0	0.0	0.0	0.0	0.0	0.0	0.0	0.0	0.0	0.0	0.0	0.0	0.0	0.0	0.0	0.0	0.0	0.0	0.0	0.0	0.0	0.0	0.0	0.0	0.0	0.0
Bacteria;Proteobacteria;Betaproteobacteria;Burkholderiales;Comamonadaceae;Other	0.0	0.0	0.0	0.0	0.0	0.0	0.0	0.0	0.0	0.0	0.0	0.0	0.0	0.0	0.0	0.0	1.0	0.0	0.0	0.0	0.0	0.0	0.0	0.0	0.0	0.0	0.0	0.0	54.0	0.0	0.0	0.0	0.0	0.0	0.0	0.0	0.0	0.0	0.0	0.0	0.0	0.0	0.0	0.0	0.0	54.0	0.0	1.0	0.0	0.0	0.0	0.0	0.0	0.0	0.0	0.0	1.0	0.0	0.0	0.0	1.0	0.0	0.0	0.0	58.0	0.0	0.0	0.0	2.0	0.0	0.0	0.0	0.0	0.0	21.0	0.0	0.0	0.0	0.0	0.0	0.0	0.0	0.0	0.0	0.0	0.0	0.0	0.0
Bacteria;Proteobacteria;Betaproteobacteria;Burkholderiales;Comamonadaceae;Ottowia	0.0	0.0	0.0	0.0	0.0	0.0	0.0	0.0	0.0	0.0	0.0	0.0	0.0	0.0	0.0	0.0	0.0	0.0	0.0	0.0	0.0	0.0	0.0	0.0	0.0	0.0	0.0	0.0	0.0	0.0	0.0	0.0	0.0	0.0	0.0	0.0	0.0	0.0	0.0	0.0	2.0	0.0	0.0	0.0	0.0	0.0	0.0	0.0	0.0	0.0	0.0	0.0	0.0	0.0	0.0	0.0	0.0	0.0	0.0	0.0	0.0	0.0	0.0	0.0	0.0	0.0	0.0	0.0	0.0	0.0	0.0	0.0	0.0	0.0	0.0	0.0	0.0	0.0	0.0	0.0	0.0	0.0	0.0	0.0	0.0	0.0	0.0	0.0
Bacteria;Proteobacteria;Betaproteobacteria;Burkholderiales;Comamonadaceae;Paucibacter	0.0	0.0	3.0	0.0	0.0	140.0	445.0	0.0	0.0	0.0	2.0	0.0	8.0	0.0	0.0	0.0	0.0	0.0	0.0	0.0	0.0	36.0	0.0	1.0	0.0	0.0	0.0	0.0	0.0	0.0	0.0	0.0	46.0	0.0	0.0	0.0	0.0	1.0	0.0	36.0	0.0	0.0	0.0	21.0	0.0	0.0	0.0	0.0	0.0	0.0	0.0	0.0	296.0	208.0	0.0	0.0	0.0	0.0	0.0	0.0	29.0	15.0	0.0	0.0	0.0	226.0	0.0	0.0	1.0	0.0	0.0	0.0	0.0	0.0	0.0	0.0	3.0	0.0	0.0	0.0	0.0	0.0	0.0	0.0	0.0	0.0	113.0	14.0
Bacteria;Proteobacteria;Betaproteobacteria;Burkholderiales;Comamonadaceae;Pelomonas	0.0	0.0	0.0	212.0	0.0	166.0	370.0	100.0	247.0	44.0	0.0	0.0	11.0	91.0	476.0	513.0	34.0	28.0	52.0	197.0	41.0	21.0	3.0	219.0	448.0	54.0	88.0	0.0	0.0	88.0	434.0	1.0	107.0	141.0	105.0	0.0	58.0	107.0	18.0	221.0	14.0	316.0	16.0	0.0	104.0	124.0	317.0	18.0	16.0	0.0	82.0	204.0	17.0	0.0	77.0	2.0	5.0	43.0	0.0	15.0	546.0	1.0	93.0	84.0	18.0	206.0	1.0	4.0	1.0	328.0	1.0	166.0	173.0	0.0	47.0	0.0	8.0	188.0	0.0	0.0	97.0	199.0	372.0	5.0	73.0	0.0	0.0	390.0
Bacteria;Proteobacteria;Betaproteobacteria;Burkholderiales;Comamonadaceae;Rhizobacter	0.0	0.0	0.0	0.0	0.0	0.0	0.0	0.0	0.0	0.0	0.0	0.0	0.0	0.0	0.0	0.0	0.0	0.0	0.0	0.0	0.0	0.0	0.0	0.0	30.0	0.0	0.0	0.0	0.0	0.0	0.0	0.0	0.0	0.0	0.0	0.0	0.0	0.0	0.0	0.0	0.0	0.0	0.0	0.0	0.0	0.0	0.0	0.0	0.0	0.0	0.0	0.0	0.0	0.0	0.0	83.0	0.0	0.0	0.0	0.0	0.0	0.0	0.0	0.0	0.0	0.0	0.0	0.0	0.0	0.0	0.0	0.0	0.0	0.0	0.0	0.0	15.0	0.0	0.0	0.0	0.0	0.0	0.0	0.0	0.0	0.0	0.0	0.0
Bacteria;Proteobacteria;Betaproteobacteria;Burkholderiales;Comamonadaceae;Schlegelella	0.0	0.0	0.0	0.0	0.0	0.0	0.0	0.0	0.0	0.0	0.0	0.0	0.0	0.0	0.0	0.0	0.0	0.0	0.0	56.0	0.0	0.0	0.0	0.0	25.0	0.0	0.0	0.0	0.0	0.0	0.0	0.0	0.0	0.0	0.0	0.0	0.0	0.0	0.0	0.0	0.0	0.0	0.0	0.0	0.0	0.0	0.0	0.0	1.0	0.0	0.0	0.0	0.0	0.0	0.0	0.0	0.0	0.0	0.0	0.0	0.0	0.0	0.0	0.0	0.0	0.0	0.0	0.0	0.0	0.0	0.0	0.0	0.0	0.0	0.0	0.0	0.0	0.0	0.0	0.0	0.0	0.0	0.0	0.0	0.0	0.0	0.0	0.0
Bacteria;Proteobacteria;Betaproteobacteria;Burkholderiales;Comamonadaceae;Sphaerotilus	0.0	0.0	0.0	0.0	0.0	0.0	0.0	0.0	0.0	0.0	0.0	0.0	0.0	0.0	0.0	0.0	0.0	0.0	0.0	0.0	0.0	0.0	0.0	0.0	0.0	0.0	0.0	0.0	0.0	0.0	0.0	0.0	0.0	0.0	0.0	0.0	0.0	0.0	0.0	0.0	0.0	0.0	0.0	0.0	0.0	0.0	0.0	0.0	0.0	0.0	0.0	0.0	0.0	0.0	0.0	0.0	0.0	0.0	0.0	0.0	0.0	0.0	0.0	0.0	0.0	0.0	0.0	0.0	0.0	0.0	0.0	0.0	0.0	0.0	0.0	0.0	21.0	0.0	0.0	0.0	0.0	0.0	0.0	0.0	0.0	0.0	0.0	0.0
Bacteria;Proteobacteria;Betaproteobacteria;Burkholderiales;Comamonadaceae;Tepidimonas	85.0	0.0	0.0	0.0	0.0	76.0	79.0	0.0	0.0	0.0	0.0	0.0	0.0	0.0	0.0	0.0	0.0	0.0	0.0	0.0	0.0	0.0	0.0	0.0	0.0	0.0	0.0	0.0	0.0	0.0	0.0	0.0	0.0	0.0	76.0	0.0	0.0	0.0	0.0	0.0	0.0	0.0	0.0	0.0	0.0	0.0	0.0	0.0	0.0	0.0	0.0	0.0	0.0	0.0	0.0	0.0	0.0	0.0	0.0	0.0	0.0	0.0	0.0	83.0	0.0	0.0	0.0	0.0	10.0	0.0	0.0	0.0	0.0	0.0	0.0	0.0	0.0	0.0	0.0	0.0	0.0	0.0	0.0	0.0	0.0	0.0	0.0	0.0
Bacteria;Proteobacteria;Betaproteobacteria;Burkholderiales;Comamonadaceae;Variovorax	0.0	0.0	0.0	0.0	1.0	82.0	0.0	0.0	0.0	0.0	0.0	0.0	0.0	0.0	0.0	0.0	19.0	0.0	0.0	0.0	0.0	0.0	0.0	0.0	0.0	0.0	0.0	0.0	0.0	19.0	0.0	177.0	0.0	0.0	0.0	0.0	0.0	0.0	0.0	0.0	3.0	39.0	0.0	0.0	0.0	0.0	1.0	0.0	0.0	0.0	0.0	0.0	40.0	0.0	0.0	118.0	0.0	0.0	0.0	0.0	93.0	0.0	0.0	5.0	0.0	0.0	0.0	56.0	0.0	54.0	0.0	0.0	0.0	95.0	31.0	161.0	0.0	0.0	0.0	0.0	0.0	0.0	0.0	1.0	0.0	0.0	0.0	0.0
Bacteria;Proteobacteria;Betaproteobacteria;Burkholderiales;Oxalobacteraceae;Herbaspirillum	897.0	1309.0	1379.0	41.0	1383.0	729.0	2780.0	451.0	1125.0	769.0	20.0	2.0	20.0	99.0	96.0	30.0	1.0	517.0	397.0	390.0	2634.0	115.0	493.0	43.0	1674.0	490.0	491.0	495.0	204.0	1371.0	354.0	1191.0	431.0	698.0	674.0	2022.0	357.0	848.0	334.0	10434.0	7.0	1140.0	9.0	1616.0	1444.0	1741.0	1007.0	340.0	204.0	1349.0	209.0	34.0	398.0	907.0	160.0	148.0	7.0	188.0	169.0	772.0	807.0	14.0	634.0	134.0	384.0	1190.0	113.0	305.0	16.0	307.0	790.0	1860.0	494.0	21.0	70.0	757.0	30.0	735.0	1252.0	270.0	534.0	938.0	158.0	306.0	2110.0	2091.0	446.0	976.0
Bacteria;Proteobacteria;Betaproteobacteria;Burkholderiales;Oxalobacteraceae;Janthinobacterium	306.0	277.0	73.0	2.0	196.0	0.0	167.0	0.0	0.0	0.0	30.0	0.0	13.0	0.0	4.0	8.0	0.0	1.0	2.0	0.0	4.0	0.0	12.0	0.0	0.0	67.0	0.0	34.0	269.0	0.0	0.0	0.0	25.0	48.0	12.0	0.0	8.0	1.0	1.0	544.0	2.0	0.0	0.0	0.0	0.0	0.0	0.0	1.0	0.0	7.0	0.0	14.0	0.0	0.0	0.0	26.0	3.0	0.0	0.0	0.0	571.0	4.0	0.0	0.0	0.0	0.0	1.0	138.0	1.0	0.0	55.0	1.0	193.0	0.0	0.0	0.0	0.0	339.0	0.0	0.0	124.0	0.0	0.0	41.0	205.0	0.0	243.0	0.0
Bacteria;Proteobacteria;Betaproteobacteria;Burkholderiales;Oxalobacteraceae;Massilia	0.0	0.0	0.0	0.0	0.0	0.0	0.0	0.0	123.0	0.0	0.0	0.0	1.0	4.0	22.0	262.0	0.0	0.0	108.0	0.0	0.0	0.0	2.0	0.0	20.0	5.0	72.0	0.0	1.0	0.0	0.0	0.0	0.0	2.0	2.0	0.0	0.0	56.0	96.0	0.0	9.0	0.0	0.0	33.0	0.0	0.0	0.0	265.0	10.0	0.0	0.0	4.0	0.0	42.0	0.0	0.0	0.0	1.0	0.0	4.0	0.0	0.0	0.0	8.0	0.0	2.0	54.0	1011.0	7.0	0.0	0.0	0.0	26.0	0.0	0.0	343.0	0.0	83.0	0.0	0.0	0.0	0.0	1.0	124.0	0.0	0.0	0.0	116.0
Bacteria;Proteobacteria;Betaproteobacteria;Burkholderiales;Oxalobacteraceae;Other	0.0	1.0	0.0	0.0	1.0	0.0	0.0	0.0	0.0	0.0	0.0	0.0	0.0	1.0	0.0	0.0	0.0	0.0	0.0	0.0	0.0	110.0	0.0	2.0	0.0	0.0	0.0	0.0	0.0	0.0	0.0	0.0	0.0	0.0	0.0	0.0	0.0	0.0	0.0	0.0	0.0	0.0	0.0	0.0	0.0	0.0	0.0	35.0	0.0	0.0	0.0	0.0	0.0	0.0	0.0	0.0	0.0	0.0	0.0	0.0	0.0	0.0	0.0	0.0	0.0	0.0	0.0	7.0	0.0	0.0	0.0	0.0	1.0	0.0	0.0	0.0	0.0	311.0	126.0	0.0	0.0	0.0	0.0	0.0	0.0	0.0	0.0	0.0
Bacteria;Proteobacteria;Betaproteobacteria;Burkholderiales;Oxalobacteraceae;Oxalobacter	0.0	0.0	0.0	0.0	0.0	0.0	0.0	0.0	0.0	0.0	0.0	5.0	0.0	0.0	0.0	0.0	0.0	0.0	0.0	0.0	0.0	0.0	0.0	0.0	0.0	0.0	0.0	0.0	0.0	0.0	0.0	0.0	0.0	0.0	0.0	0.0	0.0	0.0	0.0	0.0	0.0	0.0	0.0	0.0	0.0	0.0	0.0	0.0	0.0	0.0	0.0	0.0	0.0	0.0	0.0	0.0	4.0	0.0	0.0	0.0	0.0	0.0	0.0	0.0	0.0	0.0	0.0	0.0	0.0	0.0	0.0	0.0	0.0	0.0	0.0	0.0	0.0	0.0	0.0	0.0	0.0	0.0	0.0	0.0	0.0	0.0	0.0	0.0
Bacteria;Proteobacteria;Betaproteobacteria;Burkholderiales;Oxalobacteraceae;Undibacterium	745.0	215.0	190.0	172.0	1028.0	347.0	580.0	226.0	173.0	1478.0	97.0	2.0	10.0	491.0	492.0	93.0	48.0	232.0	394.0	523.0	839.0	152.0	260.0	286.0	646.0	3.0	407.0	372.0	760.0	69.0	257.0	182.0	280.0	477.0	111.0	291.0	48.0	921.0	209.0	304.0	27.0	822.0	14.0	300.0	1110.0	262.0	638.0	720.0	87.0	81.0	292.0	500.0	989.0	413.0	182.0	231.0	30.0	64.0	235.0	1332.0	440.0	35.0	215.0	1018.0	1186.0	1646.0	47.0	236.0	41.0	143.0	477.0	785.0	35.0	344.0	124.0	932.0	160.0	2535.0	749.0	0.0	924.0	540.0	292.0	144.0	1867.0	1691.0	1027.0	985.0
Bacteria;Proteobacteria;Betaproteobacteria;Hydrogenophilales;Hydrogenophilaceae;Tepidiphilus	0.0	0.0	0.0	0.0	0.0	0.0	0.0	0.0	0.0	0.0	0.0	0.0	0.0	0.0	0.0	0.0	0.0	0.0	0.0	0.0	0.0	0.0	0.0	0.0	0.0	31.0	0.0	0.0	0.0	0.0	0.0	0.0	0.0	0.0	0.0	0.0	0.0	0.0	0.0	0.0	0.0	0.0	0.0	0.0	0.0	0.0	0.0	0.0	0.0	0.0	0.0	0.0	0.0	0.0	0.0	0.0	0.0	0.0	0.0	0.0	0.0	0.0	0.0	0.0	0.0	0.0	0.0	0.0	0.0	0.0	0.0	0.0	0.0	0.0	0.0	0.0	0.0	0.0	0.0	0.0	0.0	0.0	0.0	0.0	0.0	0.0	0.0	0.0
Bacteria;Proteobacteria;Betaproteobacteria;Methylophilales;Methylophilaceae;Methylophilus	184.0	110.0	40.0	155.0	316.0	34.0	0.0	63.0	111.0	279.0	33.0	1.0	4.0	328.0	69.0	591.0	0.0	111.0	215.0	266.0	690.0	4.0	79.0	251.0	616.0	39.0	724.0	85.0	538.0	76.0	96.0	126.0	14.0	94.0	51.0	144.0	72.0	159.0	66.0	100.0	12.0	58.0	20.0	178.0	315.0	87.0	437.0	433.0	7.0	203.0	113.0	161.0	290.0	211.0	230.0	170.0	9.0	148.0	125.0	253.0	90.0	11.0	265.0	74.0	834.0	676.0	1.0	4.0	18.0	153.0	90.0	696.0	159.0	360.0	110.0	598.0	176.0	554.0	405.0	37.0	199.0	298.0	91.0	204.0	5.0	1521.0	255.0	845.0
Bacteria;Proteobacteria;Betaproteobacteria;Methylophilales;Methylophilaceae;Other	0.0	0.0	0.0	0.0	0.0	0.0	0.0	0.0	0.0	0.0	0.0	0.0	0.0	0.0	0.0	0.0	0.0	0.0	0.0	0.0	0.0	0.0	0.0	0.0	0.0	0.0	0.0	0.0	0.0	0.0	0.0	0.0	0.0	0.0	0.0	0.0	0.0	0.0	0.0	0.0	7.0	0.0	0.0	0.0	0.0	0.0	0.0	0.0	0.0	0.0	0.0	0.0	0.0	0.0	0.0	0.0	0.0	0.0	0.0	0.0	0.0	0.0	0.0	0.0	0.0	0.0	0.0	0.0	0.0	0.0	0.0	0.0	0.0	0.0	0.0	0.0	0.0	0.0	0.0	0.0	0.0	0.0	0.0	0.0	0.0	0.0	0.0	0.0
Bacteria;Proteobacteria;Betaproteobacteria;Methylophilales;Methylophilaceae;Unclassified	180.0	13.0	539.0	133.0	363.0	0.0	99.0	457.0	610.0	306.0	78.0	1.0	0.0	174.0	921.0	65.0	43.0	148.0	70.0	149.0	339.0	123.0	28.0	162.0	2.0	263.0	938.0	224.0	282.0	5.0	50.0	0.0	27.0	53.0	177.0	46.0	57.0	85.0	208.0	207.0	44.0	417.0	58.0	136.0	574.0	345.0	961.0	123.0	33.0	340.0	71.0	236.0	319.0	185.0	0.0	31.0	10.0	38.0	12.0	335.0	12.0	24.0	0.0	289.0	650.0	366.0	82.0	120.0	3.0	69.0	1.0	102.0	39.0	234.0	59.0	352.0	143.0	1031.0	523.0	240.0	1.0	8.0	67.0	76.0	276.0	107.0	109.0	281.0
Bacteria;Proteobacteria;Betaproteobacteria;Neisseriales;Neisseriaceae;Deefgea	0.0	0.0	0.0	0.0	0.0	0.0	0.0	0.0	0.0	0.0	0.0	0.0	0.0	0.0	0.0	0.0	0.0	0.0	0.0	0.0	0.0	0.0	0.0	0.0	0.0	0.0	0.0	0.0	0.0	0.0	0.0	0.0	0.0	0.0	2.0	0.0	0.0	0.0	0.0	0.0	0.0	0.0	0.0	0.0	0.0	0.0	0.0	0.0	0.0	0.0	0.0	0.0	0.0	0.0	0.0	0.0	0.0	0.0	0.0	0.0	0.0	0.0	0.0	0.0	0.0	0.0	0.0	0.0	0.0	0.0	0.0	0.0	0.0	0.0	0.0	0.0	0.0	0.0	0.0	0.0	0.0	0.0	0.0	0.0	0.0	0.0	0.0	0.0
Bacteria;Proteobacteria;Betaproteobacteria;Neisseriales;Neisseriaceae;Neisseria	0.0	32.0	0.0	0.0	0.0	0.0	0.0	0.0	0.0	0.0	0.0	3.0	0.0	0.0	0.0	0.0	0.0	0.0	0.0	0.0	0.0	0.0	0.0	0.0	0.0	0.0	0.0	0.0	0.0	0.0	0.0	0.0	0.0	0.0	0.0	0.0	0.0	128.0	0.0	0.0	0.0	0.0	13.0	0.0	0.0	0.0	0.0	0.0	0.0	0.0	0.0	5.0	0.0	31.0	2.0	0.0	0.0	0.0	0.0	0.0	0.0	0.0	1.0	0.0	0.0	0.0	0.0	0.0	5.0	0.0	0.0	0.0	0.0	0.0	0.0	0.0	0.0	0.0	0.0	0.0	0.0	0.0	0.0	0.0	0.0	0.0	0.0	0.0
Bacteria;Proteobacteria;Betaproteobacteria;Neisseriales;Neisseriaceae;Other	0.0	0.0	0.0	0.0	0.0	55.0	0.0	0.0	0.0	0.0	0.0	0.0	0.0	0.0	0.0	0.0	0.0	0.0	0.0	54.0	0.0	0.0	0.0	0.0	0.0	0.0	0.0	0.0	0.0	0.0	0.0	0.0	0.0	0.0	0.0	0.0	0.0	0.0	0.0	0.0	0.0	0.0	0.0	0.0	0.0	440.0	0.0	0.0	0.0	230.0	0.0	0.0	0.0	0.0	0.0	0.0	0.0	0.0	0.0	0.0	0.0	0.0	0.0	0.0	92.0	0.0	0.0	0.0	0.0	0.0	0.0	0.0	75.0	0.0	0.0	0.0	0.0	0.0	0.0	0.0	0.0	0.0	0.0	0.0	0.0	0.0	0.0	0.0
Bacteria;Proteobacteria;Betaproteobacteria;Nitrosomonadales;Gallionellaceae;Other	0.0	0.0	0.0	0.0	0.0	0.0	0.0	0.0	0.0	0.0	0.0	0.0	0.0	0.0	0.0	0.0	0.0	0.0	0.0	0.0	0.0	0.0	0.0	0.0	0.0	0.0	0.0	0.0	0.0	0.0	0.0	0.0	0.0	0.0	0.0	0.0	0.0	0.0	0.0	0.0	13.0	0.0	0.0	0.0	0.0	0.0	0.0	0.0	0.0	0.0	0.0	0.0	0.0	0.0	0.0	0.0	0.0	0.0	0.0	0.0	0.0	0.0	0.0	0.0	0.0	0.0	0.0	0.0	0.0	0.0	0.0	0.0	0.0	0.0	0.0	0.0	0.0	0.0	0.0	0.0	0.0	0.0	0.0	0.0	0.0	0.0	0.0	0.0
Bacteria;Proteobacteria;Betaproteobacteria;Nitrosomonadales;Nitrosomonadaceae;Other	0.0	0.0	0.0	0.0	0.0	0.0	0.0	0.0	0.0	0.0	0.0	0.0	0.0	146.0	0.0	0.0	0.0	0.0	0.0	0.0	0.0	0.0	0.0	0.0	0.0	0.0	0.0	0.0	0.0	0.0	0.0	0.0	0.0	0.0	0.0	0.0	0.0	0.0	0.0	0.0	0.0	0.0	0.0	0.0	0.0	0.0	0.0	0.0	0.0	0.0	0.0	0.0	0.0	0.0	0.0	0.0	0.0	0.0	0.0	0.0	0.0	0.0	0.0	0.0	0.0	0.0	0.0	0.0	0.0	0.0	0.0	0.0	0.0	0.0	0.0	0.0	0.0	0.0	0.0	0.0	0.0	0.0	0.0	0.0	0.0	0.0	0.0	25.0
Bacteria;Proteobacteria;Betaproteobacteria;Nitrosomonadales;Nitrosomonadaceae;Unclassified	0.0	0.0	0.0	0.0	0.0	0.0	0.0	0.0	0.0	0.0	0.0	0.0	0.0	0.0	0.0	0.0	0.0	0.0	0.0	0.0	0.0	0.0	0.0	0.0	0.0	0.0	0.0	0.0	0.0	0.0	0.0	0.0	0.0	0.0	0.0	0.0	0.0	0.0	0.0	0.0	0.0	0.0	0.0	0.0	0.0	0.0	0.0	0.0	0.0	0.0	0.0	0.0	0.0	0.0	0.0	0.0	0.0	0.0	0.0	0.0	0.0	0.0	0.0	0.0	0.0	0.0	0.0	0.0	0.0	0.0	7.0	0.0	0.0	0.0	0.0	0.0	0.0	0.0	0.0	0.0	0.0	0.0	0.0	0.0	0.0	0.0	0.0	0.0
Bacteria;Proteobacteria;Betaproteobacteria;Other;Other;Other	0.0	0.0	0.0	0.0	0.0	0.0	0.0	0.0	344.0	0.0	0.0	0.0	0.0	0.0	0.0	0.0	0.0	0.0	0.0	0.0	0.0	0.0	0.0	0.0	0.0	155.0	0.0	0.0	0.0	0.0	0.0	0.0	0.0	0.0	0.0	0.0	0.0	1.0	0.0	251.0	0.0	0.0	0.0	0.0	0.0	5.0	0.0	0.0	0.0	0.0	0.0	0.0	0.0	0.0	0.0	0.0	0.0	0.0	0.0	0.0	0.0	0.0	0.0	0.0	0.0	0.0	0.0	0.0	0.0	9.0	0.0	0.0	0.0	0.0	0.0	11.0	0.0	0.0	0.0	0.0	0.0	0.0	0.0	0.0	0.0	0.0	0.0	0.0
Bacteria;Proteobacteria;Betaproteobacteria;Rhodocyclales;Rhodocyclaceae;Dechloromonas	0.0	0.0	2.0	0.0	0.0	0.0	401.0	0.0	0.0	0.0	1.0	0.0	0.0	0.0	0.0	0.0	0.0	0.0	0.0	0.0	0.0	0.0	0.0	0.0	0.0	0.0	0.0	0.0	0.0	0.0	0.0	0.0	0.0	0.0	0.0	0.0	0.0	0.0	0.0	0.0	0.0	0.0	0.0	0.0	0.0	0.0	0.0	0.0	0.0	0.0	0.0	0.0	0.0	0.0	0.0	0.0	0.0	0.0	0.0	0.0	0.0	0.0	0.0	0.0	0.0	0.0	0.0	0.0	0.0	0.0	0.0	0.0	0.0	0.0	0.0	0.0	0.0	0.0	0.0	0.0	0.0	0.0	0.0	0.0	0.0	0.0	0.0	0.0
Bacteria;Proteobacteria;Betaproteobacteria;Rhodocyclales;Rhodocyclaceae;Methyloversatilis	0.0	113.0	0.0	39.0	0.0	0.0	0.0	0.0	0.0	0.0	0.0	0.0	2.0	33.0	0.0	0.0	0.0	0.0	46.0	0.0	99.0	0.0	0.0	27.0	168.0	0.0	0.0	0.0	29.0	0.0	0.0	35.0	0.0	0.0	0.0	137.0	0.0	0.0	0.0	0.0	3.0	0.0	26.0	21.0	0.0	0.0	0.0	220.0	0.0	0.0	0.0	0.0	0.0	0.0	0.0	0.0	0.0	5.0	0.0	1.0	120.0	0.0	0.0	11.0	219.0	0.0	0.0	0.0	0.0	0.0	0.0	0.0	0.0	248.0	5.0	171.0	0.0	199.0	0.0	0.0	0.0	0.0	0.0	0.0	526.0	163.0	14.0	0.0
Bacteria;Proteobacteria;Betaproteobacteria;Rhodocyclales;Rhodocyclaceae;Other	0.0	0.0	0.0	0.0	0.0	0.0	0.0	0.0	0.0	0.0	0.0	0.0	0.0	0.0	0.0	0.0	0.0	0.0	0.0	0.0	0.0	0.0	0.0	0.0	0.0	0.0	0.0	0.0	0.0	0.0	0.0	0.0	0.0	0.0	0.0	0.0	0.0	0.0	95.0	0.0	0.0	0.0	0.0	0.0	0.0	0.0	0.0	0.0	0.0	0.0	50.0	0.0	0.0	0.0	0.0	0.0	0.0	0.0	0.0	0.0	0.0	0.0	0.0	0.0	0.0	1.0	0.0	0.0	0.0	0.0	0.0	0.0	0.0	0.0	0.0	0.0	0.0	0.0	0.0	0.0	0.0	0.0	0.0	0.0	0.0	0.0	0.0	0.0
Bacteria;Proteobacteria;Betaproteobacteria;Rhodocyclales;Rhodocyclaceae;Sulfuritalea	53.0	0.0	0.0	0.0	0.0	0.0	0.0	0.0	0.0	0.0	0.0	0.0	0.0	0.0	0.0	0.0	0.0	0.0	0.0	0.0	0.0	0.0	0.0	0.0	0.0	0.0	0.0	0.0	0.0	0.0	0.0	0.0	0.0	0.0	0.0	0.0	0.0	0.0	0.0	0.0	0.0	0.0	0.0	0.0	0.0	0.0	0.0	0.0	0.0	0.0	0.0	0.0	0.0	0.0	0.0	0.0	0.0	0.0	13.0	0.0	0.0	0.0	0.0	0.0	0.0	0.0	0.0	0.0	0.0	0.0	0.0	0.0	0.0	19.0	0.0	0.0	0.0	0.0	0.0	0.0	0.0	0.0	0.0	1.0	0.0	0.0	0.0	0.0
Bacteria;Proteobacteria;Betaproteobacteria;Rhodocyclales;Rhodocyclaceae;Zoogloea	0.0	0.0	0.0	0.0	0.0	0.0	0.0	0.0	0.0	0.0	0.0	0.0	0.0	0.0	0.0	0.0	0.0	0.0	0.0	0.0	0.0	0.0	0.0	0.0	8.0	0.0	0.0	0.0	0.0	0.0	0.0	0.0	0.0	0.0	0.0	0.0	0.0	0.0	0.0	0.0	0.0	0.0	0.0	0.0	0.0	0.0	0.0	0.0	0.0	0.0	0.0	0.0	0.0	0.0	0.0	0.0	0.0	0.0	0.0	0.0	0.0	0.0	0.0	0.0	0.0	0.0	0.0	0.0	0.0	0.0	0.0	0.0	0.0	0.0	0.0	0.0	0.0	0.0	0.0	0.0	0.0	0.0	0.0	0.0	650.0	0.0	0.0	0.0
Bacteria;Proteobacteria;Betaproteobacteria;Unclassified;Unclassified;Unclassified	0.0	0.0	0.0	0.0	0.0	0.0	0.0	0.0	0.0	0.0	0.0	0.0	0.0	0.0	0.0	0.0	0.0	0.0	0.0	0.0	0.0	0.0	0.0	0.0	0.0	0.0	0.0	0.0	0.0	0.0	0.0	0.0	0.0	0.0	0.0	0.0	0.0	0.0	0.0	0.0	0.0	0.0	0.0	0.0	0.0	0.0	0.0	0.0	0.0	0.0	0.0	0.0	0.0	0.0	0.0	0.0	0.0	0.0	0.0	0.0	0.0	0.0	0.0	0.0	0.0	0.0	0.0	0.0	0.0	0.0	0.0	0.0	0.0	0.0	3.0	0.0	0.0	0.0	0.0	0.0	0.0	0.0	0.0	0.0	0.0	0.0	0.0	0.0
Bacteria;Proteobacteria;Deltaproteobacteria;Bdellovibrionales;Bacteriovoracaceae;Other	0.0	0.0	0.0	0.0	0.0	0.0	0.0	0.0	0.0	0.0	0.0	0.0	0.0	0.0	0.0	0.0	0.0	0.0	0.0	0.0	0.0	0.0	0.0	0.0	0.0	0.0	0.0	0.0	0.0	0.0	15.0	0.0	0.0	0.0	0.0	0.0	0.0	0.0	0.0	0.0	0.0	0.0	0.0	0.0	0.0	0.0	0.0	0.0	0.0	0.0	0.0	0.0	0.0	0.0	0.0	0.0	0.0	0.0	0.0	0.0	0.0	0.0	0.0	0.0	0.0	0.0	0.0	0.0	0.0	0.0	0.0	0.0	0.0	0.0	0.0	0.0	0.0	0.0	0.0	0.0	0.0	0.0	0.0	0.0	0.0	0.0	0.0	0.0
Bacteria;Proteobacteria;Deltaproteobacteria;Bdellovibrionales;Bacteriovoracaceae;Peredibacter	0.0	0.0	0.0	0.0	0.0	51.0	79.0	0.0	0.0	0.0	0.0	0.0	0.0	0.0	0.0	0.0	0.0	4.0	1.0	1.0	0.0	0.0	0.0	68.0	0.0	0.0	0.0	0.0	0.0	0.0	0.0	0.0	0.0	0.0	0.0	0.0	0.0	0.0	1.0	0.0	0.0	0.0	0.0	0.0	0.0	0.0	0.0	0.0	0.0	0.0	0.0	0.0	0.0	0.0	26.0	0.0	0.0	0.0	0.0	0.0	0.0	0.0	0.0	0.0	0.0	990.0	0.0	0.0	0.0	43.0	0.0	13.0	0.0	0.0	7.0	0.0	0.0	0.0	0.0	0.0	0.0	0.0	6.0	0.0	0.0	26.0	0.0	0.0
Bacteria;Proteobacteria;Deltaproteobacteria;Bdellovibrionales;Bdellovibrionaceae;Bdellovibrio	92.0	594.0	269.0	171.0	858.0	144.0	797.0	459.0	80.0	136.0	0.0	0.0	21.0	629.0	143.0	160.0	17.0	104.0	146.0	23.0	619.0	169.0	71.0	82.0	219.0	192.0	127.0	5.0	157.0	0.0	0.0	333.0	110.0	143.0	28.0	64.0	247.0	504.0	111.0	947.0	29.0	1.0	48.0	149.0	183.0	1395.0	284.0	252.0	94.0	93.0	86.0	187.0	105.0	263.0	312.0	37.0	0.0	70.0	31.0	2.0	453.0	0.0	365.0	295.0	0.0	196.0	149.0	76.0	10.0	314.0	351.0	42.0	146.0	28.0	1.0	316.0	0.0	422.0	120.0	0.0	247.0	23.0	75.0	70.0	244.0	111.0	81.0	208.0
Bacteria;Proteobacteria;Deltaproteobacteria;Desulfovibrionales;Desulfovibrionaceae;Bilophila	366.0	0.0	0.0	0.0	0.0	0.0	0.0	28.0	0.0	0.0	0.0	53.0	5.0	46.0	1.0	0.0	1.0	6.0	1.0	143.0	0.0	13.0	8.0	88.0	3.0	21.0	0.0	0.0	34.0	0.0	0.0	0.0	16.0	19.0	6.0	69.0	144.0	0.0	119.0	0.0	92.0	0.0	5.0	28.0	0.0	0.0	0.0	124.0	1.0	0.0	24.0	0.0	0.0	181.0	0.0	0.0	30.0	142.0	0.0	0.0	0.0	553.0	0.0	177.0	0.0	0.0	0.0	0.0	52.0	23.0	0.0	0.0	119.0	0.0	832.0	2.0	93.0	0.0	0.0	134.0	225.0	0.0	0.0	48.0	385.0	0.0	0.0	38.0
Bacteria;Proteobacteria;Deltaproteobacteria;Desulfovibrionales;Desulfovibrionaceae;Desulfovibrio	4.0	2.0	0.0	19.0	0.0	3.0	2.0	0.0	28.0	49.0	80.0	4.0	6.0	0.0	2.0	1.0	0.0	0.0	1.0	0.0	2.0	1.0	0.0	93.0	2.0	1.0	1.0	3.0	3.0	1.0	0.0	0.0	0.0	0.0	0.0	1.0	0.0	0.0	0.0	0.0	13.0	0.0	1.0	0.0	3.0	0.0	1.0	1.0	1.0	0.0	3.0	1.0	0.0	0.0	25.0	0.0	14.0	0.0	1.0	1.0	1.0	90.0	0.0	1.0	0.0	1.0	0.0	1.0	19.0	0.0	0.0	0.0	2.0	52.0	199.0	0.0	1.0	2.0	2.0	113.0	0.0	0.0	3.0	1.0	3.0	2.0	0.0	1.0
Bacteria;Proteobacteria;Deltaproteobacteria;Myxococcales;Cystobacteraceae;Anaeromyxobacter	0.0	0.0	0.0	0.0	0.0	0.0	0.0	0.0	0.0	0.0	0.0	0.0	0.0	0.0	0.0	0.0	0.0	0.0	0.0	0.0	0.0	0.0	0.0	0.0	0.0	0.0	0.0	0.0	0.0	0.0	0.0	0.0	0.0	0.0	0.0	0.0	0.0	0.0	0.0	0.0	0.0	0.0	0.0	0.0	0.0	0.0	0.0	30.0	0.0	0.0	0.0	0.0	0.0	0.0	0.0	0.0	0.0	0.0	0.0	0.0	0.0	0.0	0.0	0.0	0.0	0.0	0.0	0.0	0.0	0.0	0.0	0.0	0.0	0.0	0.0	0.0	0.0	0.0	0.0	0.0	0.0	0.0	0.0	0.0	0.0	0.0	0.0	0.0
Bacteria;Proteobacteria;Deltaproteobacteria;Myxococcales;Nannocystaceae;Enhygromyxa	0.0	0.0	0.0	0.0	0.0	0.0	0.0	0.0	0.0	0.0	0.0	0.0	0.0	0.0	0.0	0.0	0.0	0.0	0.0	0.0	0.0	0.0	0.0	0.0	0.0	0.0	0.0	0.0	0.0	0.0	0.0	0.0	0.0	0.0	0.0	0.0	0.0	0.0	0.0	0.0	17.0	0.0	0.0	0.0	0.0	0.0	0.0	0.0	0.0	0.0	0.0	0.0	0.0	0.0	0.0	0.0	0.0	0.0	0.0	0.0	0.0	0.0	0.0	0.0	0.0	0.0	0.0	0.0	0.0	0.0	0.0	0.0	0.0	0.0	0.0	0.0	0.0	0.0	0.0	0.0	0.0	0.0	0.0	0.0	0.0	0.0	0.0	0.0
Bacteria;Proteobacteria;Deltaproteobacteria;Myxococcales;Other;Other	0.0	87.0	0.0	0.0	53.0	214.0	0.0	36.0	48.0	0.0	1.0	0.0	0.0	85.0	0.0	0.0	0.0	0.0	0.0	5.0	0.0	0.0	0.0	0.0	0.0	57.0	145.0	0.0	27.0	0.0	0.0	0.0	0.0	0.0	37.0	162.0	89.0	0.0	13.0	208.0	0.0	0.0	0.0	0.0	0.0	0.0	0.0	0.0	1.0	0.0	21.0	115.0	0.0	72.0	0.0	0.0	0.0	7.0	0.0	0.0	0.0	1.0	0.0	0.0	0.0	190.0	0.0	0.0	0.0	6.0	0.0	1.0	0.0	54.0	15.0	0.0	0.0	1.0	0.0	0.0	0.0	0.0	0.0	0.0	0.0	0.0	0.0	0.0
Bacteria;Proteobacteria;Deltaproteobacteria;Myxococcales;Polyangiaceae;Sorangium	215.0	224.0	95.0	16.0	0.0	115.0	78.0	109.0	310.0	214.0	11.0	0.0	2.0	0.0	523.0	0.0	12.0	190.0	14.0	256.0	137.0	339.0	240.0	44.0	0.0	104.0	604.0	9.0	253.0	7.0	0.0	24.0	0.0	0.0	43.0	0.0	207.0	12.0	64.0	267.0	10.0	30.0	2.0	18.0	16.0	325.0	297.0	3.0	102.0	380.0	194.0	64.0	80.0	148.0	73.0	116.0	6.0	29.0	0.0	59.0	10.0	5.0	0.0	146.0	785.0	130.0	0.0	113.0	36.0	27.0	39.0	1.0	37.0	47.0	0.0	203.0	1.0	191.0	67.0	3.0	0.0	10.0	56.0	0.0	0.0	0.0	197.0	0.0
Bacteria;Proteobacteria;Deltaproteobacteria;Myxococcales;Sandaracinaceae;Other	0.0	0.0	0.0	0.0	0.0	0.0	0.0	0.0	0.0	0.0	0.0	0.0	0.0	0.0	0.0	0.0	0.0	20.0	0.0	0.0	0.0	0.0	0.0	0.0	0.0	0.0	0.0	0.0	0.0	0.0	0.0	1.0	0.0	0.0	0.0	0.0	0.0	22.0	0.0	0.0	0.0	0.0	0.0	0.0	0.0	0.0	0.0	0.0	0.0	0.0	0.0	0.0	0.0	0.0	0.0	0.0	0.0	0.0	0.0	0.0	0.0	0.0	0.0	0.0	0.0	0.0	0.0	0.0	0.0	0.0	0.0	0.0	133.0	0.0	0.0	0.0	0.0	0.0	0.0	0.0	0.0	0.0	0.0	0.0	0.0	303.0	0.0	0.0
Bacteria;Proteobacteria;Deltaproteobacteria;Myxococcales;Sandaracinaceae;Sandaracinus	0.0	0.0	0.0	0.0	0.0	0.0	0.0	0.0	0.0	0.0	0.0	0.0	0.0	0.0	0.0	0.0	0.0	0.0	0.0	0.0	0.0	0.0	0.0	0.0	0.0	0.0	0.0	0.0	0.0	0.0	0.0	0.0	0.0	0.0	0.0	0.0	0.0	0.0	0.0	0.0	0.0	0.0	0.0	0.0	0.0	0.0	0.0	0.0	0.0	0.0	0.0	0.0	0.0	0.0	0.0	0.0	0.0	0.0	0.0	0.0	0.0	0.0	0.0	0.0	0.0	0.0	0.0	0.0	0.0	0.0	0.0	0.0	0.0	0.0	0.0	0.0	0.0	0.0	0.0	0.0	0.0	0.0	80.0	0.0	0.0	0.0	0.0	0.0
Bacteria;Proteobacteria;Deltaproteobacteria;Myxococcales;Unclassified;Haliangium	0.0	112.0	0.0	0.0	0.0	0.0	0.0	0.0	0.0	0.0	0.0	0.0	0.0	0.0	0.0	0.0	0.0	0.0	0.0	0.0	0.0	0.0	0.0	0.0	0.0	0.0	0.0	0.0	0.0	0.0	0.0	0.0	0.0	0.0	0.0	0.0	0.0	0.0	0.0	0.0	0.0	0.0	0.0	0.0	0.0	0.0	0.0	0.0	0.0	26.0	0.0	0.0	0.0	0.0	0.0	0.0	0.0	14.0	0.0	0.0	0.0	0.0	0.0	0.0	0.0	0.0	0.0	0.0	0.0	0.0	0.0	0.0	0.0	0.0	0.0	0.0	0.0	0.0	0.0	0.0	0.0	0.0	0.0	0.0	0.0	0.0	0.0	0.0
Bacteria;Proteobacteria;Deltaproteobacteria;Myxococcales;Unclassified;Unclassified	0.0	0.0	0.0	0.0	0.0	0.0	0.0	0.0	0.0	0.0	0.0	0.0	0.0	0.0	0.0	0.0	47.0	0.0	0.0	0.0	0.0	0.0	0.0	0.0	0.0	0.0	0.0	0.0	0.0	0.0	0.0	0.0	0.0	0.0	0.0	0.0	0.0	0.0	0.0	0.0	0.0	0.0	0.0	0.0	0.0	0.0	0.0	0.0	0.0	0.0	25.0	0.0	0.0	0.0	5.0	0.0	0.0	0.0	0.0	0.0	0.0	0.0	0.0	0.0	0.0	6.0	0.0	0.0	0.0	0.0	0.0	0.0	0.0	0.0	0.0	0.0	0.0	0.0	0.0	0.0	0.0	0.0	0.0	0.0	0.0	0.0	0.0	0.0
Bacteria;Proteobacteria;Deltaproteobacteria;Other;Other;Other	0.0	0.0	0.0	0.0	0.0	0.0	0.0	0.0	0.0	0.0	0.0	0.0	0.0	22.0	0.0	0.0	0.0	0.0	0.0	0.0	0.0	0.0	0.0	0.0	0.0	0.0	0.0	0.0	0.0	0.0	0.0	0.0	0.0	0.0	0.0	0.0	0.0	0.0	0.0	0.0	0.0	0.0	0.0	0.0	0.0	0.0	0.0	0.0	0.0	0.0	0.0	0.0	0.0	0.0	0.0	0.0	0.0	0.0	0.0	0.0	0.0	0.0	7.0	0.0	0.0	0.0	0.0	0.0	0.0	0.0	0.0	0.0	0.0	0.0	0.0	0.0	24.0	0.0	0.0	0.0	0.0	0.0	0.0	0.0	0.0	0.0	0.0	0.0
Bacteria;Proteobacteria;Epsilonproteobacteria;Campylobacterales;Campylobacteraceae;Arcobacter	0.0	0.0	0.0	0.0	0.0	0.0	0.0	0.0	0.0	0.0	10.0	0.0	0.0	0.0	0.0	0.0	0.0	0.0	0.0	0.0	0.0	0.0	0.0	0.0	0.0	0.0	0.0	0.0	0.0	0.0	0.0	0.0	0.0	0.0	0.0	0.0	0.0	0.0	0.0	0.0	0.0	0.0	0.0	0.0	0.0	0.0	0.0	0.0	0.0	0.0	0.0	0.0	0.0	0.0	0.0	0.0	0.0	0.0	0.0	0.0	0.0	0.0	0.0	0.0	0.0	0.0	0.0	0.0	0.0	0.0	0.0	0.0	0.0	0.0	0.0	0.0	0.0	0.0	0.0	0.0	0.0	0.0	0.0	0.0	0.0	0.0	0.0	0.0
Bacteria;Proteobacteria;Epsilonproteobacteria;Campylobacterales;Campylobacteraceae;Campylobacter	0.0	0.0	0.0	1.0	0.0	1.0	0.0	0.0	1.0	0.0	0.0	2.0	0.0	0.0	0.0	0.0	0.0	0.0	0.0	0.0	0.0	1.0	0.0	2.0	0.0	0.0	0.0	1.0	0.0	0.0	0.0	0.0	0.0	0.0	7.0	0.0	0.0	0.0	0.0	0.0	0.0	0.0	0.0	0.0	0.0	0.0	0.0	0.0	0.0	0.0	0.0	3.0	0.0	0.0	2.0	0.0	2.0	0.0	0.0	0.0	0.0	0.0	0.0	0.0	0.0	0.0	0.0	0.0	0.0	0.0	1.0	1.0	3.0	0.0	0.0	0.0	0.0	0.0	0.0	1.0	0.0	0.0	0.0	0.0	0.0	1.0	0.0	0.0
Bacteria;Proteobacteria;Epsilonproteobacteria;Campylobacterales;Helicobacteraceae;Helicobacter	1.0	0.0	1.0	0.0	0.0	0.0	0.0	0.0	1.0	0.0	1.0	0.0	0.0	1.0	0.0	0.0	0.0	0.0	0.0	0.0	0.0	0.0	0.0	0.0	0.0	1.0	0.0	0.0	0.0	1.0	0.0	0.0	0.0	0.0	0.0	0.0	0.0	0.0	0.0	0.0	1.0	0.0	0.0	0.0	0.0	0.0	0.0	0.0	0.0	0.0	0.0	1.0	0.0	0.0	0.0	0.0	0.0	1.0	0.0	0.0	0.0	0.0	0.0	1.0	0.0	1.0	0.0	0.0	0.0	0.0	0.0	0.0	2.0	0.0	0.0	0.0	0.0	0.0	0.0	2.0	0.0	1.0	0.0	0.0	0.0	0.0	0.0	0.0
Bacteria;Proteobacteria;Gammaproteobacteria;Acidithiobacillales;Other;Other	0.0	0.0	0.0	0.0	0.0	0.0	0.0	0.0	0.0	0.0	0.0	0.0	0.0	0.0	0.0	0.0	0.0	0.0	0.0	0.0	0.0	0.0	0.0	0.0	0.0	0.0	0.0	0.0	113.0	0.0	0.0	0.0	0.0	0.0	0.0	0.0	0.0	0.0	0.0	0.0	0.0	0.0	0.0	0.0	0.0	0.0	0.0	0.0	0.0	0.0	0.0	0.0	0.0	0.0	0.0	0.0	0.0	0.0	0.0	0.0	0.0	0.0	0.0	0.0	0.0	0.0	0.0	0.0	0.0	0.0	0.0	0.0	0.0	0.0	0.0	0.0	0.0	0.0	0.0	0.0	0.0	0.0	0.0	0.0	0.0	0.0	0.0	0.0
Bacteria;Proteobacteria;Gammaproteobacteria;Aeromonadales;Aeromonadaceae;Aeromonas	0.0	0.0	0.0	0.0	0.0	0.0	0.0	0.0	0.0	118.0	0.0	0.0	0.0	0.0	0.0	0.0	0.0	0.0	27.0	0.0	0.0	0.0	25.0	0.0	22.0	0.0	0.0	0.0	0.0	0.0	0.0	0.0	0.0	0.0	0.0	0.0	0.0	0.0	0.0	0.0	0.0	0.0	0.0	0.0	0.0	0.0	0.0	0.0	0.0	0.0	0.0	0.0	0.0	0.0	0.0	0.0	0.0	0.0	0.0	0.0	0.0	0.0	0.0	206.0	0.0	1.0	0.0	0.0	0.0	0.0	174.0	0.0	1.0	0.0	0.0	0.0	0.0	0.0	0.0	0.0	0.0	0.0	0.0	0.0	0.0	0.0	0.0	0.0
Bacteria;Proteobacteria;Gammaproteobacteria;Alteromonadales;Alteromonadaceae;Alishewanella	0.0	0.0	0.0	0.0	0.0	0.0	0.0	0.0	0.0	0.0	0.0	0.0	0.0	0.0	0.0	0.0	0.0	0.0	0.0	0.0	0.0	0.0	0.0	0.0	0.0	0.0	0.0	0.0	5.0	0.0	0.0	0.0	0.0	0.0	0.0	0.0	0.0	0.0	0.0	0.0	0.0	0.0	15.0	0.0	0.0	0.0	0.0	0.0	0.0	0.0	0.0	0.0	0.0	0.0	154.0	0.0	0.0	0.0	0.0	0.0	0.0	0.0	0.0	0.0	63.0	0.0	0.0	0.0	0.0	0.0	0.0	0.0	0.0	0.0	0.0	0.0	0.0	0.0	0.0	0.0	0.0	333.0	0.0	0.0	0.0	0.0	0.0	0.0
Bacteria;Proteobacteria;Gammaproteobacteria;Alteromonadales;Alteromonadaceae;Microbulbifer	0.0	0.0	0.0	0.0	0.0	0.0	111.0	0.0	0.0	0.0	0.0	0.0	0.0	0.0	0.0	0.0	0.0	0.0	0.0	0.0	0.0	0.0	0.0	0.0	0.0	0.0	0.0	0.0	0.0	0.0	0.0	0.0	0.0	18.0	0.0	0.0	62.0	0.0	0.0	0.0	0.0	0.0	0.0	0.0	0.0	0.0	0.0	0.0	0.0	52.0	0.0	0.0	0.0	0.0	0.0	0.0	0.0	0.0	0.0	0.0	0.0	0.0	0.0	0.0	0.0	0.0	0.0	0.0	0.0	0.0	0.0	0.0	0.0	0.0	0.0	0.0	0.0	0.0	0.0	0.0	0.0	0.0	0.0	0.0	0.0	0.0	0.0	0.0
Bacteria;Proteobacteria;Gammaproteobacteria;Alteromonadales;Alteromonadaceae;Simiduia	0.0	0.0	0.0	0.0	0.0	0.0	0.0	0.0	0.0	0.0	0.0	0.0	0.0	0.0	0.0	0.0	0.0	0.0	0.0	0.0	0.0	0.0	0.0	0.0	0.0	0.0	0.0	0.0	0.0	0.0	0.0	0.0	0.0	0.0	0.0	0.0	0.0	0.0	0.0	0.0	0.0	0.0	0.0	0.0	0.0	0.0	0.0	0.0	0.0	0.0	0.0	0.0	0.0	0.0	0.0	0.0	0.0	0.0	0.0	0.0	0.0	15.0	0.0	29.0	0.0	0.0	0.0	0.0	0.0	0.0	0.0	0.0	0.0	0.0	0.0	0.0	0.0	0.0	0.0	0.0	0.0	0.0	0.0	0.0	0.0	0.0	0.0	0.0
Bacteria;Proteobacteria;Gammaproteobacteria;Alteromonadales;Pseudoalteromonadaceae;Pseudoalteromonas	123.0	0.0	0.0	0.0	0.0	0.0	0.0	0.0	0.0	0.0	0.0	0.0	0.0	0.0	0.0	0.0	0.0	0.0	0.0	0.0	0.0	0.0	0.0	0.0	0.0	0.0	0.0	0.0	0.0	0.0	0.0	0.0	0.0	0.0	0.0	0.0	0.0	0.0	0.0	0.0	0.0	0.0	0.0	0.0	0.0	0.0	0.0	0.0	0.0	0.0	0.0	0.0	0.0	0.0	0.0	0.0	1.0	0.0	0.0	0.0	0.0	0.0	0.0	0.0	0.0	0.0	0.0	0.0	0.0	0.0	0.0	0.0	0.0	0.0	0.0	0.0	0.0	0.0	0.0	0.0	0.0	0.0	0.0	0.0	0.0	0.0	0.0	0.0
Bacteria;Proteobacteria;Gammaproteobacteria;Chromatiales;Chromatiaceae;Rheinheimera	0.0	0.0	0.0	0.0	0.0	0.0	0.0	0.0	0.0	0.0	0.0	0.0	0.0	0.0	6.0	0.0	0.0	0.0	0.0	0.0	0.0	0.0	0.0	0.0	0.0	0.0	0.0	0.0	0.0	0.0	0.0	0.0	0.0	0.0	0.0	0.0	0.0	0.0	0.0	0.0	0.0	0.0	0.0	0.0	0.0	0.0	0.0	0.0	0.0	0.0	0.0	0.0	0.0	0.0	0.0	0.0	0.0	0.0	0.0	0.0	0.0	0.0	0.0	0.0	0.0	0.0	0.0	0.0	0.0	0.0	0.0	0.0	0.0	0.0	0.0	0.0	0.0	0.0	0.0	0.0	0.0	0.0	0.0	0.0	0.0	0.0	7.0	0.0
Bacteria;Proteobacteria;Gammaproteobacteria;Chromatiales;Ectothiorhodospiraceae;Acidiferrobacter	0.0	0.0	0.0	0.0	0.0	0.0	0.0	5.0	0.0	0.0	0.0	0.0	0.0	0.0	0.0	0.0	0.0	0.0	0.0	0.0	0.0	0.0	0.0	0.0	0.0	0.0	0.0	0.0	0.0	0.0	0.0	0.0	0.0	0.0	32.0	0.0	0.0	0.0	0.0	0.0	0.0	0.0	0.0	0.0	0.0	0.0	0.0	0.0	0.0	0.0	0.0	0.0	0.0	0.0	0.0	0.0	0.0	0.0	0.0	0.0	0.0	0.0	0.0	0.0	0.0	0.0	0.0	0.0	0.0	0.0	0.0	0.0	0.0	0.0	0.0	0.0	0.0	0.0	0.0	0.0	0.0	0.0	0.0	0.0	0.0	0.0	0.0	0.0
Bacteria;Proteobacteria;Gammaproteobacteria;Enterobacteriales;Enterobacteriaceae;Hafnia	0.0	0.0	47.0	162.0	0.0	0.0	0.0	0.0	0.0	0.0	0.0	0.0	0.0	40.0	0.0	2.0	22.0	3.0	1.0	0.0	142.0	84.0	0.0	60.0	0.0	0.0	0.0	0.0	0.0	0.0	247.0	0.0	1.0	0.0	0.0	0.0	0.0	366.0	25.0	0.0	2.0	0.0	4.0	0.0	0.0	0.0	0.0	0.0	0.0	108.0	62.0	0.0	0.0	0.0	0.0	1.0	0.0	0.0	0.0	2.0	0.0	0.0	0.0	32.0	45.0	890.0	0.0	0.0	0.0	8.0	0.0	0.0	2.0	0.0	0.0	208.0	0.0	0.0	32.0	0.0	0.0	0.0	14.0	0.0	0.0	0.0	0.0	0.0
Bacteria;Proteobacteria;Gammaproteobacteria;Enterobacteriales;Enterobacteriaceae;Klebsiella	426.0	889.0	252.0	128.0	925.0	1027.0	1275.0	329.0	1126.0	225.0	659.0	37.0	38.0	129.0	7.0	0.0	33.0	339.0	306.0	144.0	108.0	720.0	236.0	406.0	859.0	307.0	0.0	134.0	161.0	765.0	36.0	303.0	111.0	530.0	65.0	222.0	115.0	1.0	177.0	287.0	111.0	16.0	117.0	5.0	7.0	241.0	4.0	58.0	25.0	0.0	586.0	574.0	559.0	2038.0	79.0	1.0	60.0	360.0	85.0	546.0	38.0	346.0	13.0	149.0	76.0	1.0	24.0	232.0	53.0	64.0	27.0	586.0	469.0	320.0	855.0	191.0	899.0	622.0	238.0	53.0	678.0	630.0	253.0	511.0	521.0	147.0	312.0	7.0
Bacteria;Proteobacteria;Gammaproteobacteria;Enterobacteriales;Enterobacteriaceae;Morganella	0.0	0.0	0.0	0.0	0.0	0.0	0.0	0.0	0.0	0.0	0.0	0.0	0.0	0.0	0.0	0.0	0.0	0.0	0.0	0.0	0.0	0.0	0.0	0.0	0.0	0.0	0.0	0.0	0.0	0.0	0.0	0.0	0.0	0.0	0.0	0.0	0.0	0.0	0.0	0.0	0.0	0.0	0.0	0.0	0.0	0.0	0.0	0.0	0.0	0.0	0.0	0.0	0.0	0.0	0.0	0.0	0.0	0.0	0.0	0.0	0.0	0.0	0.0	0.0	0.0	0.0	0.0	0.0	0.0	0.0	0.0	0.0	0.0	0.0	0.0	0.0	0.0	0.0	0.0	0.0	0.0	40.0	0.0	0.0	0.0	0.0	0.0	0.0
Bacteria;Proteobacteria;Gammaproteobacteria;Enterobacteriales;Enterobacteriaceae;Pantoea	79.0	118.0	1.0	1.0	19.0	263.0	79.0	10.0	400.0	46.0	128.0	103.0	2.0	60.0	2.0	0.0	83.0	84.0	193.0	1.0	12.0	1.0	0.0	47.0	0.0	28.0	0.0	0.0	0.0	75.0	28.0	254.0	57.0	220.0	118.0	0.0	13.0	0.0	226.0	16.0	43.0	0.0	1.0	24.0	226.0	0.0	74.0	235.0	0.0	0.0	45.0	0.0	0.0	27.0	0.0	0.0	215.0	246.0	38.0	0.0	378.0	193.0	1.0	193.0	744.0	4.0	0.0	0.0	52.0	351.0	9.0	635.0	39.0	104.0	108.0	2.0	153.0	55.0	1.0	4.0	151.0	24.0	0.0	83.0	32.0	19.0	98.0	0.0
Bacteria;Proteobacteria;Gammaproteobacteria;Enterobacteriales;Enterobacteriaceae;Proteus	0.0	0.0	0.0	0.0	0.0	0.0	0.0	0.0	0.0	0.0	1.0	0.0	0.0	79.0	0.0	0.0	0.0	0.0	0.0	0.0	0.0	0.0	0.0	0.0	0.0	0.0	0.0	0.0	0.0	0.0	0.0	0.0	0.0	20.0	0.0	0.0	0.0	0.0	1.0	0.0	1.0	0.0	0.0	103.0	0.0	0.0	0.0	0.0	0.0	44.0	0.0	0.0	0.0	0.0	0.0	0.0	0.0	0.0	0.0	396.0	0.0	2.0	0.0	0.0	0.0	0.0	0.0	278.0	10.0	0.0	0.0	0.0	0.0	0.0	0.0	0.0	0.0	0.0	0.0	0.0	0.0	0.0	0.0	0.0	0.0	0.0	0.0	0.0
Bacteria;Proteobacteria;Gammaproteobacteria;Enterobacteriales;Enterobacteriaceae;Providencia	0.0	0.0	0.0	0.0	0.0	0.0	0.0	0.0	0.0	0.0	28.0	0.0	0.0	1.0	2.0	0.0	0.0	0.0	0.0	0.0	0.0	0.0	0.0	0.0	0.0	0.0	0.0	0.0	0.0	0.0	0.0	0.0	0.0	0.0	0.0	0.0	0.0	0.0	0.0	0.0	5.0	0.0	0.0	0.0	0.0	0.0	0.0	19.0	0.0	0.0	0.0	91.0	0.0	0.0	0.0	0.0	0.0	0.0	0.0	0.0	0.0	0.0	0.0	0.0	0.0	0.0	0.0	0.0	0.0	0.0	0.0	0.0	0.0	0.0	28.0	0.0	0.0	0.0	0.0	0.0	214.0	0.0	0.0	0.0	0.0	0.0	0.0	0.0
Bacteria;Proteobacteria;Gammaproteobacteria;Enterobacteriales;Enterobacteriaceae;Serratia	0.0	0.0	0.0	0.0	0.0	0.0	0.0	0.0	0.0	0.0	18.0	0.0	0.0	0.0	0.0	0.0	0.0	0.0	0.0	0.0	0.0	141.0	0.0	9.0	0.0	0.0	0.0	0.0	0.0	0.0	0.0	0.0	0.0	0.0	0.0	0.0	0.0	0.0	0.0	0.0	0.0	0.0	0.0	1.0	0.0	0.0	0.0	0.0	0.0	0.0	2.0	0.0	0.0	0.0	0.0	0.0	0.0	0.0	0.0	0.0	0.0	27.0	0.0	0.0	0.0	0.0	64.0	0.0	0.0	0.0	0.0	0.0	14.0	208.0	108.0	0.0	3.0	0.0	0.0	21.0	0.0	0.0	0.0	1.0	0.0	0.0	0.0	0.0
Bacteria;Proteobacteria;Gammaproteobacteria;Enterobacteriales;Enterobacteriaceae;Tatumella	0.0	0.0	0.0	0.0	0.0	0.0	0.0	0.0	0.0	0.0	0.0	0.0	0.0	0.0	0.0	0.0	0.0	0.0	0.0	0.0	0.0	0.0	0.0	0.0	0.0	18.0	0.0	0.0	0.0	0.0	0.0	0.0	0.0	0.0	0.0	0.0	0.0	0.0	0.0	0.0	0.0	0.0	0.0	0.0	0.0	0.0	0.0	0.0	0.0	0.0	0.0	0.0	0.0	0.0	0.0	0.0	0.0	0.0	0.0	0.0	0.0	0.0	0.0	0.0	0.0	0.0	0.0	0.0	0.0	0.0	11.0	0.0	0.0	0.0	0.0	0.0	0.0	0.0	0.0	0.0	0.0	0.0	0.0	0.0	0.0	0.0	0.0	0.0
Bacteria;Proteobacteria;Gammaproteobacteria;Enterobacteriales;Enterobacteriaceae;Unclassified	128.0	1422.0	2045.0	930.0	1748.0	278.0	184.0	190.0	1.0	477.0	143.0	199.0	414.0	485.0	3.0	1.0	2132.0	498.0	1381.0	783.0	1335.0	153.0	135.0	293.0	526.0	73.0	36.0	1449.0	51.0	2503.0	10.0	5.0	1357.0	93.0	140.0	3271.0	1374.0	1.0	62.0	346.0	19.0	1450.0	2781.0	4.0	463.0	2077.0	37.0	6.0	3003.0	2709.0	867.0	507.0	135.0	457.0	109.0	1417.0	153.0	43.0	2172.0	417.0	173.0	1119.0	516.0	174.0	185.0	15.0	1851.0	57.0	258.0	30.0	30.0	922.0	111.0	0.0	1214.0	1332.0	6.0	24.0	1328.0	784.0	717.0	0.0	3655.0	124.0	2.0	660.0	1134.0	600.0
Bacteria;Proteobacteria;Gammaproteobacteria;Legionellales;Coxiellaceae;Aquicella	0.0	0.0	0.0	0.0	0.0	0.0	0.0	0.0	0.0	0.0	0.0	0.0	1.0	0.0	0.0	0.0	0.0	0.0	15.0	48.0	0.0	0.0	0.0	0.0	0.0	0.0	0.0	0.0	0.0	0.0	0.0	0.0	0.0	0.0	0.0	0.0	0.0	0.0	0.0	0.0	0.0	0.0	0.0	0.0	0.0	0.0	0.0	0.0	0.0	0.0	0.0	0.0	0.0	23.0	0.0	0.0	0.0	0.0	0.0	0.0	0.0	0.0	0.0	0.0	0.0	0.0	0.0	0.0	0.0	0.0	0.0	0.0	0.0	0.0	0.0	0.0	0.0	0.0	0.0	0.0	0.0	0.0	0.0	0.0	0.0	0.0	0.0	0.0
Bacteria;Proteobacteria;Gammaproteobacteria;Legionellales;Coxiellaceae;Coxiella	0.0	0.0	0.0	0.0	0.0	0.0	0.0	0.0	0.0	0.0	0.0	0.0	0.0	0.0	0.0	0.0	0.0	0.0	0.0	0.0	0.0	0.0	0.0	0.0	0.0	0.0	0.0	0.0	0.0	0.0	0.0	0.0	0.0	0.0	0.0	0.0	0.0	0.0	45.0	0.0	0.0	0.0	0.0	0.0	0.0	0.0	0.0	0.0	0.0	0.0	0.0	0.0	0.0	0.0	0.0	0.0	0.0	0.0	0.0	0.0	0.0	0.0	0.0	0.0	0.0	0.0	0.0	0.0	0.0	0.0	0.0	0.0	0.0	0.0	0.0	0.0	0.0	0.0	0.0	0.0	0.0	0.0	0.0	0.0	0.0	0.0	0.0	0.0
Bacteria;Proteobacteria;Gammaproteobacteria;Legionellales;Legionellaceae;Legionella	0.0	0.0	0.0	0.0	0.0	0.0	0.0	106.0	0.0	0.0	0.0	0.0	4.0	0.0	0.0	0.0	0.0	0.0	0.0	0.0	0.0	0.0	0.0	0.0	0.0	0.0	0.0	0.0	0.0	0.0	0.0	0.0	0.0	0.0	0.0	0.0	0.0	0.0	0.0	0.0	5.0	0.0	0.0	0.0	0.0	0.0	0.0	0.0	0.0	0.0	0.0	0.0	0.0	0.0	0.0	0.0	0.0	0.0	0.0	0.0	0.0	0.0	0.0	0.0	0.0	0.0	0.0	0.0	0.0	0.0	0.0	0.0	0.0	0.0	0.0	0.0	0.0	0.0	0.0	0.0	1.0	0.0	0.0	3.0	0.0	0.0	0.0	0.0
Bacteria;Proteobacteria;Gammaproteobacteria;Oceanospirillales;Alcanivoracaceae;Alcanivorax	0.0	0.0	0.0	0.0	0.0	0.0	0.0	0.0	0.0	0.0	0.0	0.0	6.0	0.0	0.0	0.0	0.0	0.0	0.0	0.0	0.0	0.0	0.0	0.0	0.0	0.0	0.0	0.0	0.0	0.0	0.0	0.0	0.0	0.0	0.0	0.0	0.0	0.0	0.0	0.0	30.0	0.0	0.0	0.0	0.0	0.0	0.0	0.0	0.0	0.0	0.0	0.0	0.0	0.0	0.0	0.0	0.0	0.0	0.0	0.0	0.0	0.0	0.0	0.0	0.0	0.0	0.0	0.0	0.0	0.0	0.0	0.0	0.0	0.0	0.0	0.0	0.0	0.0	0.0	0.0	0.0	0.0	0.0	0.0	0.0	0.0	0.0	0.0
Bacteria;Proteobacteria;Gammaproteobacteria;Oceanospirillales;Halomonadaceae;Halomonas	0.0	0.0	0.0	0.0	0.0	0.0	0.0	0.0	0.0	194.0	0.0	0.0	0.0	0.0	0.0	0.0	0.0	0.0	0.0	0.0	0.0	0.0	0.0	0.0	0.0	0.0	0.0	0.0	0.0	0.0	0.0	0.0	0.0	0.0	0.0	0.0	0.0	0.0	0.0	0.0	0.0	0.0	0.0	48.0	0.0	0.0	0.0	0.0	0.0	0.0	0.0	0.0	0.0	0.0	0.0	0.0	0.0	0.0	0.0	0.0	0.0	0.0	0.0	0.0	0.0	0.0	0.0	0.0	0.0	0.0	0.0	0.0	0.0	0.0	0.0	0.0	0.0	0.0	0.0	0.0	0.0	0.0	0.0	0.0	0.0	0.0	0.0	0.0
Bacteria;Proteobacteria;Gammaproteobacteria;Oceanospirillales;Oceanospirillaceae;Marinomonas	0.0	0.0	0.0	0.0	0.0	0.0	0.0	0.0	0.0	0.0	0.0	0.0	0.0	0.0	0.0	0.0	0.0	0.0	0.0	0.0	0.0	0.0	0.0	0.0	0.0	0.0	0.0	0.0	0.0	0.0	0.0	0.0	0.0	0.0	0.0	0.0	0.0	0.0	0.0	0.0	0.0	0.0	0.0	0.0	0.0	0.0	0.0	0.0	0.0	0.0	0.0	0.0	0.0	0.0	0.0	0.0	0.0	0.0	0.0	0.0	0.0	0.0	0.0	0.0	0.0	233.0	0.0	0.0	0.0	0.0	0.0	0.0	0.0	0.0	0.0	0.0	0.0	0.0	0.0	0.0	0.0	0.0	0.0	0.0	0.0	0.0	0.0	0.0
Bacteria;Proteobacteria;Gammaproteobacteria;Oceanospirillales;Oceanospirillaceae;Pseudospirillum	0.0	0.0	0.0	0.0	0.0	0.0	0.0	0.0	0.0	0.0	0.0	0.0	59.0	0.0	0.0	0.0	1.0	0.0	0.0	1.0	0.0	0.0	0.0	0.0	0.0	0.0	0.0	0.0	0.0	0.0	0.0	0.0	0.0	0.0	0.0	0.0	0.0	0.0	0.0	0.0	10.0	0.0	0.0	0.0	0.0	0.0	0.0	0.0	0.0	0.0	0.0	0.0	0.0	0.0	0.0	0.0	0.0	0.0	0.0	0.0	0.0	0.0	0.0	0.0	0.0	0.0	0.0	1.0	0.0	41.0	0.0	0.0	0.0	0.0	0.0	0.0	0.0	0.0	0.0	0.0	0.0	0.0	0.0	0.0	0.0	0.0	0.0	0.0
Bacteria;Proteobacteria;Gammaproteobacteria;Oceanospirillales;Oleiphilaceae;Oleiphilus	0.0	0.0	0.0	0.0	0.0	0.0	0.0	0.0	0.0	0.0	0.0	0.0	0.0	0.0	0.0	0.0	32.0	0.0	0.0	0.0	0.0	0.0	0.0	0.0	0.0	0.0	0.0	0.0	0.0	0.0	0.0	0.0	0.0	0.0	0.0	0.0	0.0	0.0	0.0	0.0	0.0	0.0	0.0	0.0	0.0	0.0	0.0	0.0	0.0	0.0	0.0	0.0	0.0	0.0	0.0	0.0	0.0	0.0	0.0	0.0	0.0	0.0	0.0	0.0	0.0	0.0	0.0	0.0	0.0	0.0	0.0	0.0	0.0	0.0	0.0	0.0	0.0	0.0	0.0	0.0	0.0	0.0	0.0	0.0	0.0	0.0	0.0	0.0
Bacteria;Proteobacteria;Gammaproteobacteria;Other;Other;Other	0.0	0.0	1.0	0.0	0.0	0.0	164.0	0.0	0.0	0.0	0.0	0.0	0.0	0.0	0.0	0.0	2.0	0.0	0.0	0.0	74.0	0.0	0.0	0.0	0.0	4.0	0.0	0.0	0.0	0.0	0.0	0.0	0.0	0.0	0.0	0.0	11.0	0.0	0.0	0.0	0.0	0.0	0.0	0.0	0.0	0.0	0.0	0.0	0.0	29.0	0.0	0.0	0.0	0.0	0.0	0.0	0.0	0.0	0.0	0.0	0.0	0.0	0.0	0.0	0.0	0.0	0.0	0.0	8.0	0.0	0.0	0.0	0.0	0.0	25.0	0.0	13.0	0.0	0.0	0.0	0.0	0.0	63.0	0.0	0.0	0.0	0.0	4.0
Bacteria;Proteobacteria;Gammaproteobacteria;Pasteurellales;Pasteurellaceae;Aggregatibacter	0.0	0.0	0.0	0.0	0.0	0.0	0.0	0.0	0.0	0.0	0.0	0.0	0.0	0.0	0.0	0.0	0.0	0.0	0.0	0.0	0.0	0.0	0.0	0.0	0.0	0.0	0.0	0.0	0.0	0.0	0.0	0.0	0.0	0.0	0.0	0.0	0.0	0.0	0.0	0.0	0.0	0.0	0.0	0.0	0.0	0.0	0.0	0.0	0.0	0.0	0.0	0.0	0.0	0.0	12.0	0.0	4.0	0.0	0.0	0.0	0.0	0.0	1.0	0.0	0.0	0.0	0.0	0.0	0.0	0.0	0.0	0.0	0.0	0.0	0.0	0.0	0.0	0.0	0.0	0.0	0.0	0.0	0.0	0.0	0.0	0.0	0.0	0.0
Bacteria;Proteobacteria;Gammaproteobacteria;Pasteurellales;Pasteurellaceae;Haemophilus	0.0	0.0	0.0	0.0	115.0	0.0	10.0	176.0	93.0	74.0	0.0	242.0	17.0	22.0	0.0	0.0	168.0	1.0	338.0	11.0	168.0	3.0	20.0	2.0	0.0	37.0	0.0	0.0	0.0	46.0	112.0	0.0	202.0	59.0	254.0	115.0	221.0	264.0	2.0	0.0	29.0	0.0	54.0	37.0	0.0	0.0	48.0	217.0	87.0	0.0	226.0	21.0	0.0	138.0	15.0	20.0	187.0	138.0	23.0	0.0	42.0	0.0	117.0	146.0	0.0	3.0	192.0	1.0	241.0	0.0	100.0	1.0	83.0	223.0	0.0	1.0	103.0	2.0	59.0	0.0	0.0	0.0	61.0	73.0	0.0	148.0	30.0	52.0
Bacteria;Proteobacteria;Gammaproteobacteria;Pseudomonadales;Moraxellaceae;Acinetobacter	2589.0	3528.0	3119.0	1471.0	3860.0	2448.0	3530.0	1816.0	3179.0	2244.0	349.0	9.0	135.0	2427.0	3721.0	4874.0	495.0	2982.0	1266.0	2526.0	2803.0	967.0	1248.0	846.0	2154.0	1037.0	2454.0	1500.0	3333.0	1727.0	4065.0	3283.0	1187.0	2503.0	763.0	2087.0	995.0	3660.0	882.0	2870.0	224.0	2834.0	265.0	1772.0	5902.0	6320.0	4614.0	4436.0	510.0	2475.0	1125.0	2901.0	5101.0	1427.0	1160.0	840.0	144.0	854.0	254.0	2569.0	2241.0	173.0	2480.0	1929.0	4781.0	7885.0	430.0	17953.0	181.0	1584.0	2154.0	3157.0	1233.0	1012.0	580.0	5884.0	1402.0	4715.0	1201.0	726.0	1174.0	2422.0	1201.0	1051.0	2166.0	5117.0	1212.0	2482.0
Bacteria;Proteobacteria;Gammaproteobacteria;Pseudomonadales;Moraxellaceae;Alkanindiges	0.0	54.0	0.0	0.0	0.0	0.0	0.0	0.0	0.0	0.0	0.0	0.0	0.0	0.0	0.0	0.0	0.0	0.0	0.0	0.0	0.0	0.0	0.0	0.0	0.0	3.0	0.0	0.0	82.0	0.0	0.0	0.0	0.0	0.0	0.0	0.0	0.0	0.0	0.0	0.0	0.0	0.0	0.0	0.0	0.0	0.0	0.0	0.0	0.0	0.0	0.0	0.0	0.0	0.0	0.0	0.0	0.0	0.0	0.0	0.0	0.0	0.0	0.0	0.0	0.0	0.0	0.0	0.0	0.0	0.0	0.0	0.0	0.0	163.0	0.0	0.0	0.0	0.0	0.0	0.0	0.0	0.0	0.0	3.0	0.0	0.0	0.0	0.0
Bacteria;Proteobacteria;Gammaproteobacteria;Pseudomonadales;Moraxellaceae;Enhydrobacter	306.0	361.0	0.0	0.0	126.0	0.0	0.0	0.0	0.0	0.0	25.0	5.0	4.0	862.0	143.0	106.0	1.0	52.0	0.0	0.0	0.0	0.0	4.0	0.0	5.0	2.0	0.0	16.0	0.0	129.0	0.0	0.0	81.0	111.0	128.0	6.0	63.0	0.0	403.0	1.0	8.0	134.0	33.0	357.0	2.0	125.0	351.0	282.0	0.0	0.0	178.0	0.0	0.0	0.0	0.0	45.0	2.0	4.0	0.0	120.0	0.0	1.0	0.0	69.0	0.0	314.0	0.0	173.0	8.0	75.0	64.0	557.0	91.0	94.0	8.0	0.0	0.0	541.0	115.0	0.0	61.0	0.0	0.0	97.0	943.0	0.0	614.0	308.0
Bacteria;Proteobacteria;Gammaproteobacteria;Pseudomonadales;Moraxellaceae;Moraxella	0.0	0.0	0.0	0.0	0.0	0.0	0.0	0.0	0.0	0.0	0.0	0.0	0.0	0.0	0.0	0.0	0.0	0.0	0.0	0.0	0.0	0.0	0.0	0.0	0.0	0.0	0.0	0.0	0.0	0.0	0.0	0.0	0.0	0.0	0.0	0.0	0.0	0.0	0.0	0.0	0.0	0.0	0.0	0.0	0.0	0.0	0.0	0.0	0.0	0.0	0.0	8.0	0.0	0.0	0.0	0.0	0.0	0.0	0.0	0.0	0.0	0.0	0.0	0.0	0.0	0.0	0.0	0.0	0.0	0.0	0.0	0.0	0.0	0.0	0.0	0.0	0.0	0.0	0.0	0.0	0.0	0.0	0.0	0.0	0.0	0.0	0.0	0.0
Bacteria;Proteobacteria;Gammaproteobacteria;Pseudomonadales;Moraxellaceae;Psychrobacter	0.0	58.0	0.0	0.0	0.0	0.0	0.0	0.0	16.0	0.0	0.0	0.0	0.0	0.0	0.0	0.0	0.0	0.0	0.0	0.0	0.0	0.0	0.0	0.0	0.0	0.0	0.0	0.0	0.0	0.0	0.0	0.0	0.0	0.0	0.0	0.0	0.0	0.0	0.0	0.0	0.0	0.0	0.0	0.0	0.0	0.0	0.0	0.0	0.0	0.0	0.0	0.0	0.0	0.0	0.0	0.0	0.0	0.0	0.0	0.0	0.0	0.0	0.0	0.0	0.0	0.0	0.0	0.0	0.0	0.0	0.0	0.0	0.0	0.0	0.0	0.0	0.0	0.0	0.0	0.0	0.0	0.0	0.0	0.0	0.0	0.0	0.0	0.0
Bacteria;Proteobacteria;Gammaproteobacteria;Pseudomonadales;Pseudomonadaceae;Pseudomonas	1154.0	1992.0	1737.0	4884.0	2920.0	694.0	761.0	2751.0	2250.0	2777.0	97.0	1.0	177.0	711.0	7147.0	12221.0	154.0	805.0	562.0	1751.0	2166.0	490.0	892.0	2293.0	1659.0	5331.0	6303.0	2992.0	1220.0	551.0	673.0	1306.0	781.0	2219.0	399.0	3638.0	288.0	755.0	3113.0	3861.0	403.0	1595.0	166.0	1126.0	2886.0	1691.0	732.0	966.0	147.0	1382.0	540.0	2663.0	4544.0	2459.0	1302.0	418.0	134.0	219.0	7759.0	3242.0	1046.0	91.0	2454.0	1980.0	1688.0	3292.0	388.0	1094.0	51.0	599.0	497.0	1460.0	587.0	1336.0	343.0	1964.0	398.0	1555.0	22573.0	984.0	392.0	1053.0	580.0	875.0	1859.0	1748.0	1909.0	17072.0
Bacteria;Proteobacteria;Gammaproteobacteria;Vibrionales;Vibrionaceae;Vibrio	0.0	0.0	60.0	0.0	0.0	0.0	151.0	0.0	0.0	0.0	0.0	18.0	28.0	0.0	0.0	0.0	32.0	0.0	0.0	0.0	0.0	14.0	56.0	0.0	0.0	7.0	0.0	64.0	0.0	6.0	0.0	45.0	78.0	2.0	128.0	0.0	6.0	40.0	1.0	0.0	87.0	2.0	23.0	28.0	0.0	64.0	254.0	0.0	11.0	29.0	1.0	0.0	0.0	0.0	0.0	0.0	34.0	7.0	0.0	0.0	0.0	10.0	76.0	0.0	0.0	0.0	0.0	38.0	4.0	44.0	17.0	40.0	67.0	0.0	0.0	1.0	33.0	0.0	0.0	20.0	0.0	9.0	0.0	60.0	88.0	16.0	161.0	0.0
Bacteria;Proteobacteria;Gammaproteobacteria;Xanthomonadales;Other;Other	0.0	0.0	0.0	0.0	0.0	0.0	0.0	0.0	0.0	0.0	0.0	0.0	0.0	24.0	0.0	0.0	0.0	0.0	0.0	0.0	0.0	0.0	0.0	0.0	0.0	0.0	0.0	0.0	0.0	0.0	0.0	0.0	0.0	0.0	0.0	0.0	0.0	0.0	3.0	0.0	0.0	0.0	0.0	0.0	0.0	0.0	0.0	0.0	0.0	0.0	0.0	0.0	0.0	0.0	0.0	43.0	0.0	44.0	0.0	0.0	0.0	0.0	0.0	0.0	0.0	0.0	0.0	0.0	0.0	0.0	196.0	0.0	0.0	0.0	0.0	0.0	0.0	0.0	0.0	0.0	0.0	60.0	0.0	0.0	0.0	0.0	0.0	0.0
Bacteria;Proteobacteria;Gammaproteobacteria;Xanthomonadales;Unclassified;Hydrocarboniphaga	0.0	0.0	0.0	0.0	0.0	0.0	0.0	0.0	0.0	0.0	0.0	0.0	166.0	0.0	0.0	0.0	17.0	0.0	0.0	0.0	0.0	0.0	0.0	0.0	0.0	0.0	0.0	0.0	0.0	0.0	0.0	0.0	0.0	0.0	0.0	0.0	0.0	0.0	0.0	0.0	0.0	0.0	0.0	0.0	0.0	0.0	0.0	0.0	0.0	0.0	0.0	0.0	0.0	0.0	0.0	0.0	1.0	0.0	0.0	0.0	1.0	0.0	0.0	0.0	118.0	0.0	0.0	2.0	0.0	0.0	5.0	0.0	0.0	0.0	0.0	0.0	0.0	0.0	0.0	0.0	0.0	0.0	0.0	0.0	0.0	0.0	0.0	0.0
Bacteria;Proteobacteria;Gammaproteobacteria;Xanthomonadales;Unclassified;Nevskia	0.0	0.0	0.0	0.0	0.0	0.0	0.0	0.0	343.0	0.0	0.0	0.0	0.0	1.0	0.0	0.0	73.0	0.0	0.0	0.0	0.0	0.0	1.0	0.0	0.0	0.0	0.0	0.0	0.0	0.0	0.0	0.0	0.0	0.0	2.0	0.0	54.0	263.0	8.0	0.0	0.0	320.0	1.0	0.0	702.0	0.0	179.0	136.0	0.0	0.0	0.0	57.0	0.0	0.0	0.0	0.0	0.0	0.0	0.0	0.0	1.0	0.0	153.0	47.0	149.0	0.0	5.0	0.0	0.0	0.0	55.0	0.0	13.0	0.0	0.0	0.0	0.0	0.0	0.0	0.0	0.0	0.0	6.0	0.0	0.0	0.0	0.0	146.0
Bacteria;Proteobacteria;Gammaproteobacteria;Xanthomonadales;Unclassified;Steroidobacter	0.0	0.0	0.0	0.0	0.0	0.0	0.0	0.0	0.0	0.0	4.0	0.0	16.0	0.0	0.0	0.0	0.0	0.0	0.0	0.0	0.0	0.0	0.0	0.0	0.0	0.0	0.0	0.0	0.0	0.0	0.0	0.0	0.0	0.0	0.0	0.0	0.0	0.0	0.0	0.0	0.0	0.0	0.0	0.0	0.0	0.0	0.0	0.0	0.0	0.0	0.0	0.0	0.0	0.0	0.0	0.0	0.0	0.0	0.0	0.0	0.0	0.0	0.0	0.0	0.0	0.0	0.0	0.0	0.0	0.0	0.0	0.0	60.0	0.0	0.0	0.0	0.0	0.0	0.0	0.0	0.0	0.0	0.0	0.0	0.0	0.0	0.0	0.0
Bacteria;Proteobacteria;Gammaproteobacteria;Xanthomonadales;Unclassified;Unclassified	0.0	0.0	1.0	0.0	0.0	0.0	166.0	0.0	0.0	0.0	0.0	0.0	0.0	0.0	0.0	0.0	0.0	0.0	0.0	0.0	0.0	0.0	0.0	0.0	0.0	0.0	0.0	0.0	0.0	0.0	0.0	0.0	0.0	0.0	0.0	0.0	0.0	0.0	0.0	0.0	0.0	0.0	0.0	0.0	0.0	0.0	0.0	0.0	0.0	0.0	0.0	0.0	0.0	0.0	0.0	0.0	0.0	0.0	0.0	0.0	0.0	0.0	0.0	0.0	0.0	0.0	0.0	0.0	0.0	0.0	0.0	0.0	0.0	0.0	0.0	0.0	0.0	0.0	0.0	0.0	0.0	0.0	0.0	0.0	0.0	0.0	0.0	0.0
Bacteria;Proteobacteria;Gammaproteobacteria;Xanthomonadales;Xanthomonadaceae;Arenimonas	0.0	0.0	0.0	0.0	0.0	0.0	0.0	0.0	0.0	0.0	2.0	0.0	0.0	0.0	0.0	0.0	0.0	0.0	0.0	0.0	0.0	0.0	0.0	0.0	0.0	0.0	0.0	0.0	0.0	0.0	0.0	0.0	0.0	0.0	0.0	0.0	0.0	0.0	0.0	0.0	0.0	0.0	0.0	0.0	0.0	0.0	0.0	0.0	0.0	0.0	0.0	0.0	0.0	0.0	0.0	0.0	0.0	0.0	0.0	0.0	0.0	0.0	0.0	0.0	0.0	0.0	0.0	0.0	0.0	0.0	0.0	0.0	0.0	0.0	0.0	0.0	0.0	0.0	0.0	0.0	0.0	0.0	0.0	0.0	0.0	0.0	0.0	0.0
Bacteria;Proteobacteria;Gammaproteobacteria;Xanthomonadales;Xanthomonadaceae;Ignatzschineria	0.0	0.0	0.0	0.0	0.0	0.0	0.0	0.0	0.0	0.0	0.0	0.0	0.0	0.0	0.0	0.0	0.0	0.0	0.0	0.0	0.0	0.0	0.0	20.0	0.0	0.0	0.0	0.0	0.0	0.0	0.0	0.0	0.0	0.0	0.0	0.0	0.0	0.0	0.0	0.0	0.0	0.0	0.0	0.0	0.0	0.0	0.0	0.0	0.0	0.0	0.0	0.0	0.0	0.0	0.0	0.0	0.0	0.0	0.0	0.0	0.0	0.0	0.0	0.0	0.0	0.0	0.0	0.0	0.0	0.0	0.0	0.0	0.0	0.0	0.0	0.0	0.0	0.0	0.0	0.0	0.0	0.0	0.0	0.0	0.0	0.0	0.0	0.0
Bacteria;Proteobacteria;Gammaproteobacteria;Xanthomonadales;Xanthomonadaceae;Luteimonas	0.0	0.0	0.0	0.0	0.0	0.0	0.0	4.0	0.0	1.0	0.0	0.0	3795.0	2.0	0.0	0.0	0.0	1.0	0.0	0.0	0.0	0.0	12.0	0.0	0.0	0.0	0.0	0.0	0.0	0.0	0.0	288.0	0.0	170.0	0.0	0.0	0.0	0.0	0.0	0.0	124.0	0.0	0.0	0.0	0.0	0.0	0.0	0.0	0.0	0.0	0.0	0.0	0.0	0.0	0.0	0.0	163.0	0.0	0.0	0.0	0.0	6.0	0.0	45.0	0.0	0.0	0.0	21.0	2.0	0.0	0.0	0.0	0.0	0.0	0.0	0.0	0.0	0.0	0.0	0.0	0.0	0.0	0.0	0.0	0.0	0.0	30.0	0.0
Bacteria;Proteobacteria;Gammaproteobacteria;Xanthomonadales;Xanthomonadaceae;Lysobacter	0.0	0.0	0.0	0.0	0.0	0.0	0.0	0.0	0.0	0.0	0.0	0.0	0.0	0.0	0.0	0.0	0.0	0.0	0.0	0.0	0.0	0.0	0.0	0.0	0.0	0.0	0.0	0.0	0.0	0.0	0.0	0.0	0.0	0.0	3.0	0.0	0.0	0.0	0.0	0.0	0.0	424.0	0.0	0.0	0.0	0.0	0.0	0.0	0.0	0.0	0.0	0.0	0.0	0.0	0.0	0.0	0.0	0.0	0.0	0.0	34.0	0.0	0.0	0.0	0.0	0.0	0.0	0.0	0.0	0.0	0.0	0.0	0.0	0.0	0.0	0.0	0.0	0.0	0.0	0.0	0.0	20.0	0.0	0.0	0.0	0.0	0.0	0.0
Bacteria;Proteobacteria;Gammaproteobacteria;Xanthomonadales;Xanthomonadaceae;Pseudoxanthomonas	0.0	0.0	0.0	0.0	0.0	0.0	0.0	0.0	0.0	0.0	0.0	0.0	0.0	0.0	0.0	0.0	0.0	0.0	0.0	0.0	0.0	0.0	0.0	0.0	0.0	0.0	0.0	0.0	0.0	0.0	0.0	0.0	28.0	0.0	0.0	0.0	0.0	0.0	0.0	0.0	0.0	0.0	0.0	0.0	0.0	0.0	0.0	0.0	0.0	0.0	0.0	0.0	0.0	0.0	0.0	0.0	0.0	0.0	0.0	0.0	9.0	0.0	0.0	0.0	0.0	0.0	0.0	0.0	0.0	0.0	0.0	0.0	33.0	0.0	0.0	0.0	0.0	0.0	0.0	0.0	0.0	0.0	0.0	0.0	0.0	0.0	0.0	0.0
Bacteria;Proteobacteria;Gammaproteobacteria;Xanthomonadales;Xanthomonadaceae;Silanimonas	0.0	0.0	0.0	0.0	0.0	23.0	0.0	0.0	0.0	0.0	0.0	0.0	0.0	0.0	0.0	62.0	0.0	0.0	0.0	0.0	0.0	0.0	0.0	0.0	0.0	0.0	0.0	0.0	0.0	0.0	0.0	0.0	0.0	0.0	0.0	0.0	0.0	0.0	0.0	0.0	0.0	0.0	0.0	0.0	0.0	0.0	0.0	0.0	0.0	0.0	0.0	0.0	13.0	0.0	0.0	0.0	0.0	0.0	0.0	0.0	0.0	0.0	0.0	0.0	0.0	0.0	0.0	0.0	0.0	0.0	0.0	0.0	0.0	0.0	0.0	0.0	0.0	0.0	0.0	0.0	0.0	0.0	0.0	0.0	0.0	0.0	0.0	0.0
Bacteria;Proteobacteria;Gammaproteobacteria;Xanthomonadales;Xanthomonadaceae;Stenotrophomonas	45.0	15.0	0.0	116.0	0.0	0.0	22.0	78.0	0.0	387.0	45.0	3.0	10.0	259.0	0.0	0.0	43.0	4.0	74.0	64.0	0.0	390.0	28.0	8.0	0.0	42.0	0.0	163.0	44.0	122.0	459.0	293.0	0.0	269.0	0.0	11.0	82.0	54.0	122.0	12.0	108.0	41.0	24.0	171.0	1.0	0.0	76.0	126.0	27.0	1.0	136.0	0.0	70.0	15.0	49.0	220.0	18.0	32.0	60.0	0.0	3.0	106.0	1.0	85.0	0.0	1.0	0.0	523.0	36.0	21.0	4.0	0.0	227.0	437.0	335.0	0.0	42.0	212.0	0.0	138.0	0.0	28.0	1.0	308.0	0.0	0.0	25.0	105.0
Bacteria;Proteobacteria;Gammaproteobacteria;Xanthomonadales;Xanthomonadaceae;Thermomonas	0.0	0.0	0.0	0.0	0.0	0.0	0.0	300.0	0.0	0.0	0.0	2.0	0.0	0.0	0.0	0.0	0.0	0.0	0.0	0.0	0.0	0.0	0.0	28.0	0.0	0.0	0.0	38.0	0.0	0.0	0.0	0.0	0.0	0.0	0.0	0.0	0.0	0.0	0.0	0.0	0.0	0.0	0.0	0.0	0.0	0.0	0.0	0.0	0.0	0.0	0.0	0.0	0.0	0.0	0.0	0.0	0.0	0.0	0.0	0.0	0.0	0.0	0.0	0.0	0.0	0.0	0.0	0.0	0.0	41.0	0.0	0.0	0.0	0.0	0.0	0.0	0.0	0.0	0.0	0.0	0.0	0.0	0.0	0.0	0.0	0.0	0.0	0.0
Bacteria;Proteobacteria;Gammaproteobacteria;Xanthomonadales;Xanthomonadaceae;Unclassified	0.0	0.0	0.0	0.0	0.0	0.0	0.0	0.0	0.0	0.0	0.0	0.0	0.0	0.0	0.0	0.0	0.0	0.0	0.0	0.0	0.0	0.0	0.0	0.0	0.0	0.0	0.0	0.0	0.0	0.0	0.0	0.0	0.0	0.0	0.0	0.0	0.0	0.0	0.0	0.0	0.0	0.0	0.0	0.0	0.0	0.0	0.0	0.0	0.0	197.0	0.0	0.0	0.0	0.0	0.0	0.0	0.0	0.0	0.0	1.0	0.0	0.0	0.0	0.0	0.0	0.0	0.0	0.0	0.0	0.0	0.0	0.0	0.0	0.0	0.0	46.0	0.0	0.0	0.0	0.0	0.0	0.0	0.0	0.0	0.0	0.0	0.0	0.0
Bacteria;Proteobacteria;Other;Other;Other;Other	0.0	0.0	0.0	0.0	0.0	0.0	0.0	0.0	0.0	0.0	0.0	0.0	0.0	0.0	0.0	0.0	0.0	0.0	0.0	0.0	0.0	0.0	0.0	0.0	0.0	0.0	0.0	0.0	0.0	0.0	0.0	0.0	0.0	0.0	0.0	0.0	0.0	0.0	0.0	0.0	0.0	0.0	0.0	0.0	0.0	0.0	0.0	0.0	4.0	0.0	0.0	0.0	0.0	0.0	0.0	0.0	0.0	0.0	0.0	0.0	0.0	0.0	0.0	0.0	0.0	0.0	0.0	0.0	0.0	14.0	0.0	0.0	0.0	0.0	0.0	0.0	0.0	0.0	0.0	0.0	0.0	0.0	0.0	0.0	0.0	0.0	0.0	0.0
Bacteria;Spirochaetes;Unclassified;Spirochaetales;Spirochaetaceae;Treponema	0.0	0.0	0.0	0.0	0.0	0.0	0.0	0.0	0.0	0.0	0.0	5.0	0.0	0.0	0.0	0.0	0.0	0.0	0.0	0.0	0.0	0.0	0.0	0.0	0.0	0.0	0.0	0.0	0.0	3.0	0.0	0.0	0.0	0.0	0.0	0.0	0.0	7.0	0.0	0.0	0.0	0.0	0.0	1.0	0.0	0.0	0.0	0.0	0.0	0.0	0.0	0.0	0.0	0.0	0.0	0.0	0.0	0.0	0.0	0.0	0.0	0.0	0.0	0.0	0.0	0.0	0.0	0.0	0.0	0.0	0.0	0.0	0.0	0.0	0.0	0.0	0.0	0.0	0.0	0.0	0.0	0.0	0.0	0.0	0.0	0.0	0.0	0.0
Bacteria;Synergistetes;Synergistia;Synergistales;Synergistaceae;Cloacibacillus	535.0	0.0	0.0	367.0	0.0	0.0	0.0	105.0	0.0	0.0	0.0	1.0	13.0	1.0	2.0	1.0	0.0	408.0	1.0	0.0	0.0	106.0	380.0	426.0	0.0	1.0	0.0	0.0	247.0	139.0	0.0	184.0	285.0	150.0	1.0	698.0	304.0	0.0	485.0	2.0	237.0	50.0	50.0	87.0	0.0	0.0	0.0	0.0	90.0	0.0	183.0	0.0	0.0	210.0	148.0	107.0	125.0	312.0	1.0	90.0	863.0	635.0	0.0	76.0	1122.0	2.0	54.0	0.0	152.0	2.0	100.0	0.0	521.0	443.0	421.0	56.0	205.0	0.0	0.0	333.0	187.0	488.0	0.0	126.0	0.0	0.0	0.0	0.0
Bacteria;Synergistetes;Synergistia;Synergistales;Synergistaceae;Pyramidobacter	0.0	0.0	0.0	0.0	0.0	0.0	0.0	0.0	0.0	0.0	0.0	10.0	0.0	0.0	0.0	0.0	0.0	0.0	0.0	0.0	0.0	0.0	0.0	0.0	0.0	0.0	0.0	0.0	0.0	7.0	0.0	0.0	0.0	0.0	0.0	0.0	0.0	0.0	0.0	0.0	0.0	0.0	0.0	0.0	0.0	0.0	0.0	0.0	0.0	0.0	132.0	0.0	0.0	0.0	0.0	0.0	0.0	0.0	0.0	0.0	0.0	0.0	0.0	0.0	0.0	0.0	0.0	0.0	0.0	0.0	0.0	0.0	0.0	0.0	0.0	0.0	0.0	0.0	0.0	0.0	0.0	0.0	0.0	0.0	0.0	0.0	0.0	0.0
Bacteria;Tenericutes;Mollicutes;Haloplasmatales;Haloplasmataceae;Haloplasma	0.0	0.0	0.0	0.0	0.0	0.0	0.0	0.0	0.0	0.0	0.0	0.0	0.0	112.0	0.0	0.0	0.0	0.0	0.0	0.0	0.0	0.0	0.0	0.0	0.0	0.0	0.0	0.0	0.0	0.0	0.0	0.0	0.0	0.0	0.0	0.0	0.0	0.0	0.0	0.0	0.0	0.0	0.0	0.0	0.0	0.0	0.0	0.0	0.0	0.0	0.0	0.0	0.0	0.0	0.0	0.0	0.0	0.0	4.0	0.0	0.0	0.0	0.0	0.0	0.0	0.0	0.0	0.0	0.0	0.0	0.0	0.0	0.0	0.0	0.0	0.0	0.0	0.0	0.0	0.0	0.0	0.0	0.0	0.0	0.0	0.0	16.0	0.0
Bacteria;Tenericutes;Mollicutes;Other;Other;Other	0.0	0.0	297.0	0.0	0.0	0.0	293.0	0.0	4.0	128.0	0.0	44.0	0.0	27.0	0.0	0.0	4.0	0.0	0.0	0.0	0.0	0.0	0.0	0.0	0.0	0.0	288.0	66.0	0.0	0.0	0.0	0.0	0.0	0.0	1.0	0.0	8.0	0.0	0.0	1.0	44.0	0.0	8.0	140.0	0.0	0.0	0.0	0.0	0.0	0.0	37.0	0.0	0.0	6.0	0.0	0.0	167.0	0.0	0.0	0.0	0.0	0.0	0.0	22.0	0.0	0.0	0.0	0.0	79.0	0.0	30.0	0.0	3.0	0.0	0.0	0.0	0.0	0.0	0.0	0.0	0.0	0.0	0.0	1.0	0.0	0.0	0.0	0.0
Bacteria;Unclassified;Unclassified;Unclassified;Unclassified;Candidatus_Saccharimonas	0.0	0.0	0.0	8.0	1.0	1.0	1.0	0.0	0.0	2.0	2.0	0.0	0.0	0.0	20.0	543.0	0.0	0.0	0.0	0.0	0.0	0.0	0.0	0.0	2.0	0.0	0.0	0.0	1.0	0.0	0.0	0.0	0.0	12.0	1.0	0.0	0.0	0.0	54.0	0.0	1.0	206.0	0.0	0.0	0.0	168.0	0.0	0.0	0.0	0.0	47.0	0.0	1.0	45.0	0.0	0.0	1.0	0.0	0.0	0.0	1.0	0.0	0.0	1.0	0.0	1.0	0.0	0.0	0.0	1.0	0.0	0.0	12.0	0.0	1.0	0.0	0.0	0.0	49.0	0.0	147.0	2.0	0.0	0.0	469.0	21.0	0.0	0.0
Bacteria;Unclassified;Unclassified;Unclassified;Unclassified;Unclassified	0.0	0.0	1.0	0.0	52.0	0.0	258.0	0.0	0.0	0.0	0.0	0.0	0.0	0.0	318.0	0.0	0.0	0.0	0.0	0.0	0.0	0.0	0.0	0.0	0.0	0.0	0.0	0.0	0.0	0.0	0.0	0.0	0.0	0.0	9.0	0.0	0.0	0.0	0.0	0.0	5.0	976.0	0.0	2.0	0.0	0.0	0.0	0.0	30.0	0.0	0.0	4.0	0.0	0.0	0.0	0.0	0.0	0.0	0.0	0.0	0.0	12.0	0.0	0.0	1.0	0.0	33.0	0.0	18.0	0.0	0.0	0.0	0.0	0.0	49.0	0.0	0.0	0.0	0.0	0.0	42.0	0.0	0.0	0.0	0.0	290.0	0.0	0.0
Bacteria;Verrucomicrobia;Other;Other;Other;Other	0.0	0.0	0.0	0.0	0.0	0.0	0.0	0.0	0.0	0.0	0.0	0.0	0.0	0.0	0.0	0.0	0.0	0.0	0.0	0.0	0.0	3.0	0.0	0.0	0.0	0.0	0.0	0.0	0.0	0.0	0.0	0.0	0.0	0.0	0.0	0.0	0.0	0.0	0.0	0.0	0.0	0.0	0.0	0.0	0.0	0.0	0.0	0.0	0.0	0.0	0.0	0.0	0.0	0.0	0.0	0.0	0.0	0.0	0.0	0.0	0.0	0.0	0.0	0.0	0.0	0.0	0.0	0.0	0.0	0.0	0.0	0.0	0.0	0.0	0.0	0.0	0.0	0.0	0.0	0.0	0.0	0.0	0.0	0.0	0.0	0.0	0.0	0.0
Bacteria;Verrucomicrobia;Spartobacteria;Unclassified;Unclassified;Unclassified	0.0	11.0	0.0	0.0	0.0	0.0	0.0	53.0	0.0	0.0	0.0	0.0	0.0	0.0	0.0	0.0	0.0	0.0	0.0	0.0	0.0	0.0	0.0	0.0	0.0	0.0	0.0	0.0	0.0	0.0	7.0	0.0	0.0	0.0	0.0	0.0	0.0	0.0	0.0	0.0	0.0	0.0	0.0	0.0	0.0	0.0	0.0	0.0	0.0	0.0	0.0	0.0	0.0	0.0	0.0	0.0	0.0	0.0	0.0	0.0	0.0	0.0	0.0	0.0	0.0	0.0	0.0	0.0	0.0	0.0	0.0	0.0	0.0	0.0	0.0	0.0	0.0	0.0	0.0	0.0	0.0	0.0	0.0	0.0	0.0	0.0	0.0	0.0
Bacteria;Verrucomicrobia;Verrucomicrobiae;Verrucomicrobiales;Verrucomicrobiaceae;Akkermansia	0.0	0.0	0.0	0.0	0.0	0.0	0.0	0.0	0.0	0.0	12.0	3.0	2.0	0.0	0.0	1.0	0.0	0.0	0.0	0.0	0.0	1.0	0.0	3.0	1.0	0.0	2.0	0.0	0.0	0.0	0.0	0.0	0.0	0.0	17.0	0.0	0.0	0.0	2.0	0.0	9.0	0.0	4.0	0.0	0.0	0.0	0.0	0.0	0.0	0.0	1.0	0.0	1.0	0.0	0.0	0.0	22.0	0.0	15.0	0.0	0.0	0.0	2.0	44.0	0.0	0.0	0.0	0.0	17.0	0.0	5.0	0.0	1.0	0.0	1.0	0.0	0.0	1.0	0.0	0.0	0.0	1.0	0.0	0.0	92.0	1.0	45.0	0.0
Bacteria;Verrucomicrobia;Verrucomicrobiae;Verrucomicrobiales;Verrucomicrobiaceae;Other	0.0	0.0	0.0	0.0	0.0	0.0	0.0	0.0	0.0	0.0	0.0	0.0	0.0	0.0	0.0	0.0	0.0	0.0	0.0	0.0	0.0	0.0	0.0	0.0	0.0	0.0	0.0	0.0	0.0	0.0	0.0	0.0	0.0	0.0	0.0	0.0	0.0	0.0	0.0	0.0	0.0	0.0	0.0	0.0	0.0	0.0	0.0	0.0	0.0	0.0	0.0	0.0	0.0	0.0	0.0	0.0	0.0	0.0	0.0	0.0	0.0	0.0	0.0	0.0	0.0	0.0	0.0	0.0	0.0	0.0	0.0	0.0	0.0	0.0	0.0	0.0	0.0	0.0	0.0	0.0	0.0	0.0	0.0	0.0	0.0	0.0	0.0	22.0
Bacteria;Verrucomicrobia;Verrucomicrobiae;Verrucomicrobiales;Verrucomicrobiaceae;Verrucomicrobium	0.0	0.0	0.0	0.0	0.0	0.0	0.0	0.0	0.0	0.0	0.0	0.0	0.0	0.0	0.0	0.0	0.0	0.0	0.0	0.0	0.0	0.0	0.0	0.0	0.0	0.0	0.0	0.0	0.0	0.0	0.0	0.0	0.0	0.0	0.0	0.0	0.0	0.0	0.0	0.0	0.0	0.0	0.0	0.0	0.0	0.0	0.0	0.0	0.0	0.0	0.0	0.0	0.0	0.0	0.0	0.0	0.0	0.0	0.0	0.0	0.0	0.0	0.0	0.0	0.0	0.0	27.0	0.0	0.0	0.0	0.0	0.0	0.0	0.0	0.0	0.0	0.0	0.0	0.0	0.0	0.0	0.0	0.0	0.0	0.0	0.0	0.0	0.0
